ISO-10303-21;
HEADER;
/* Generated by software containing ST-Developer
 * from STEP Tools, Inc. (www.steptools.com) 
 */

FILE_DESCRIPTION(
/* description */ (''),
/* implementation_level */ '2;1');

FILE_NAME(
/* name */ 'front module v3 v1.step',
/* time_stamp */ '2025-06-01T15:35:02-07:00',
/* author */ (''),
/* organization */ (''),
/* preprocessor_version */ 'ST-DEVELOPER v20.1',
/* originating_system */ 'Autodesk Translation Framework v14.10.0.0',
/* authorisation */ '');

FILE_SCHEMA (('AUTOMOTIVE_DESIGN { 1 0 10303 214 3 1 1 }'));
ENDSEC;

DATA;
#10=MECHANICAL_DESIGN_GEOMETRIC_PRESENTATION_REPRESENTATION('',(#13,#14,
#15,#16),#4928);
#11=SHAPE_REPRESENTATION_RELATIONSHIP('SRR','None',#4935,#12);
#12=ADVANCED_BREP_SHAPE_REPRESENTATION('',(#17,#18,#19,#20),#4927);
#13=STYLED_ITEM('',(#4944),#17);
#14=STYLED_ITEM('',(#4944),#18);
#15=STYLED_ITEM('',(#4944),#19);
#16=STYLED_ITEM('',(#4944),#20);
#17=MANIFOLD_SOLID_BREP('Body1',#2973);
#18=MANIFOLD_SOLID_BREP('Body4',#2974);
#19=MANIFOLD_SOLID_BREP('Body11',#2975);
#20=MANIFOLD_SOLID_BREP('Body10',#2976);
#21=FACE_BOUND('',#357,.T.);
#22=FACE_BOUND('',#359,.T.);
#23=FACE_BOUND('',#362,.T.);
#24=FACE_BOUND('',#366,.T.);
#25=FACE_BOUND('',#369,.T.);
#26=FACE_BOUND('',#374,.T.);
#27=FACE_BOUND('',#378,.T.);
#28=FACE_BOUND('',#389,.T.);
#29=FACE_BOUND('',#395,.T.);
#30=FACE_BOUND('',#400,.T.);
#31=FACE_BOUND('',#425,.T.);
#32=FACE_BOUND('',#429,.T.);
#33=FACE_BOUND('',#447,.T.);
#34=FACE_BOUND('',#450,.T.);
#35=FACE_BOUND('',#453,.T.);
#36=FACE_BOUND('',#456,.T.);
#37=FACE_BOUND('',#458,.T.);
#38=FACE_BOUND('',#461,.T.);
#39=FACE_BOUND('',#466,.T.);
#40=FACE_BOUND('',#477,.T.);
#41=FACE_BOUND('',#482,.T.);
#42=FACE_BOUND('',#487,.T.);
#43=FACE_BOUND('',#515,.T.);
#44=FACE_BOUND('',#519,.T.);
#45=CYLINDRICAL_SURFACE('',#3001,1.);
#46=CYLINDRICAL_SURFACE('',#3004,1.);
#47=CYLINDRICAL_SURFACE('',#3021,1.);
#48=CYLINDRICAL_SURFACE('',#3024,2.5);
#49=CYLINDRICAL_SURFACE('',#3030,2.5);
#50=CYLINDRICAL_SURFACE('',#3034,8.5);
#51=CYLINDRICAL_SURFACE('',#3036,1.5);
#52=CYLINDRICAL_SURFACE('',#3041,1.25);
#53=CYLINDRICAL_SURFACE('',#3053,1.);
#54=CYLINDRICAL_SURFACE('',#3056,1.75);
#55=CYLINDRICAL_SURFACE('',#3062,1.75);
#56=CYLINDRICAL_SURFACE('',#3073,7.);
#57=CYLINDRICAL_SURFACE('',#3076,7.);
#58=CYLINDRICAL_SURFACE('',#3079,7.);
#59=CYLINDRICAL_SURFACE('',#3081,7.);
#60=CYLINDRICAL_SURFACE('',#3089,7.);
#61=CYLINDRICAL_SURFACE('',#3091,7.);
#62=CYLINDRICAL_SURFACE('',#3092,7.);
#63=CYLINDRICAL_SURFACE('',#3093,7.);
#64=CYLINDRICAL_SURFACE('',#3095,1.);
#65=CYLINDRICAL_SURFACE('',#3098,3.5);
#66=CYLINDRICAL_SURFACE('',#3106,3.5);
#67=CYLINDRICAL_SURFACE('',#3111,1.75);
#68=CYLINDRICAL_SURFACE('',#3113,1.75);
#69=CYLINDRICAL_SURFACE('',#3127,0.999999999999996);
#70=CYLINDRICAL_SURFACE('',#3130,0.999999999999996);
#71=CYLINDRICAL_SURFACE('',#3143,2.5);
#72=CYLINDRICAL_SURFACE('',#3150,2.5);
#73=CYLINDRICAL_SURFACE('',#3152,0.999999999999996);
#74=CYLINDRICAL_SURFACE('',#3156,8.5);
#75=CYLINDRICAL_SURFACE('',#3159,1.5);
#76=CYLINDRICAL_SURFACE('',#3165,1.25);
#77=CYLINDRICAL_SURFACE('',#3172,1.);
#78=CYLINDRICAL_SURFACE('',#3175,1.75);
#79=CYLINDRICAL_SURFACE('',#3181,1.75);
#80=CYLINDRICAL_SURFACE('',#3192,7.);
#81=CYLINDRICAL_SURFACE('',#3195,7.);
#82=CYLINDRICAL_SURFACE('',#3198,7.);
#83=CYLINDRICAL_SURFACE('',#3200,7.);
#84=CYLINDRICAL_SURFACE('',#3209,7.);
#85=CYLINDRICAL_SURFACE('',#3212,7.);
#86=CYLINDRICAL_SURFACE('',#3214,7.);
#87=CYLINDRICAL_SURFACE('',#3217,7.);
#88=CYLINDRICAL_SURFACE('',#3221,1.);
#89=CYLINDRICAL_SURFACE('',#3224,3.5);
#90=CYLINDRICAL_SURFACE('',#3232,3.5);
#91=CYLINDRICAL_SURFACE('',#3237,1.75);
#92=CYLINDRICAL_SURFACE('',#3239,1.75);
#93=CIRCLE('',#2992,7.);
#94=CIRCLE('',#2993,7.);
#95=CIRCLE('',#2994,7.);
#96=CIRCLE('',#2995,7.);
#97=CIRCLE('',#3002,1.);
#98=CIRCLE('',#3003,1.);
#99=CIRCLE('',#3005,1.);
#100=CIRCLE('',#3006,1.);
#101=CIRCLE('',#3019,8.49999999999999);
#102=CIRCLE('',#3020,1.5);
#103=CIRCLE('',#3022,1.);
#104=CIRCLE('',#3023,1.);
#105=CIRCLE('',#3025,2.5);
#106=CIRCLE('',#3026,2.5);
#107=CIRCLE('',#3028,2.5);
#108=CIRCLE('',#3031,2.5);
#109=CIRCLE('',#3035,8.49999999999999);
#110=CIRCLE('',#3037,1.5);
#111=CIRCLE('',#3042,1.25);
#112=CIRCLE('',#3043,1.25);
#113=CIRCLE('',#3049,7.);
#114=CIRCLE('',#3050,7.);
#115=CIRCLE('',#3051,7.);
#116=CIRCLE('',#3052,7.);
#117=CIRCLE('',#3054,1.);
#118=CIRCLE('',#3055,1.);
#119=CIRCLE('',#3057,1.75);
#120=CIRCLE('',#3058,1.75);
#121=CIRCLE('',#3060,1.75);
#122=CIRCLE('',#3063,1.75);
#123=CIRCLE('',#3068,7.);
#124=CIRCLE('',#3069,7.);
#125=CIRCLE('',#3070,7.);
#126=CIRCLE('',#3071,7.);
#127=CIRCLE('',#3074,7.);
#128=CIRCLE('',#3077,7.);
#129=CIRCLE('',#3080,7.);
#130=CIRCLE('',#3082,7.);
#131=CIRCLE('',#3096,1.);
#132=CIRCLE('',#3097,1.);
#133=CIRCLE('',#3099,3.5);
#134=CIRCLE('',#3100,3.5);
#135=CIRCLE('',#3102,1.75);
#136=CIRCLE('',#3103,1.75);
#137=CIRCLE('',#3105,3.5);
#138=CIRCLE('',#3107,3.5);
#139=CIRCLE('',#3109,1.75);
#140=CIRCLE('',#3110,1.75);
#141=CIRCLE('',#3118,7.);
#142=CIRCLE('',#3119,7.);
#143=CIRCLE('',#3120,7.);
#144=CIRCLE('',#3121,7.);
#145=CIRCLE('',#3128,0.999999999999996);
#146=CIRCLE('',#3129,0.999999999999996);
#147=CIRCLE('',#3131,0.999999999999996);
#148=CIRCLE('',#3132,0.999999999999996);
#149=CIRCLE('',#3144,2.5);
#150=CIRCLE('',#3145,2.5);
#151=CIRCLE('',#3147,2.5);
#152=CIRCLE('',#3148,0.999999999999996);
#153=CIRCLE('',#3151,2.5);
#154=CIRCLE('',#3153,0.999999999999996);
#155=CIRCLE('',#3157,8.49999999999999);
#156=CIRCLE('',#3158,8.49999999999999);
#157=CIRCLE('',#3160,1.5);
#158=CIRCLE('',#3161,1.5);
#159=CIRCLE('',#3166,1.25);
#160=CIRCLE('',#3167,1.25);
#161=CIRCLE('',#3173,1.);
#162=CIRCLE('',#3174,1.);
#163=CIRCLE('',#3176,1.75);
#164=CIRCLE('',#3177,1.75);
#165=CIRCLE('',#3179,1.75);
#166=CIRCLE('',#3182,1.75);
#167=CIRCLE('',#3187,7.);
#168=CIRCLE('',#3188,7.);
#169=CIRCLE('',#3189,7.);
#170=CIRCLE('',#3190,7.);
#171=CIRCLE('',#3193,7.);
#172=CIRCLE('',#3196,7.);
#173=CIRCLE('',#3199,7.);
#174=CIRCLE('',#3201,7.);
#175=CIRCLE('',#3210,7.);
#176=CIRCLE('',#3213,7.);
#177=CIRCLE('',#3215,7.);
#178=CIRCLE('',#3218,7.);
#179=CIRCLE('',#3222,1.);
#180=CIRCLE('',#3223,1.);
#181=CIRCLE('',#3225,3.5);
#182=CIRCLE('',#3226,3.5);
#183=CIRCLE('',#3228,1.75);
#184=CIRCLE('',#3229,1.75);
#185=CIRCLE('',#3231,3.5);
#186=CIRCLE('',#3233,3.5);
#187=CIRCLE('',#3235,1.75);
#188=CIRCLE('',#3236,1.75);
#189=FACE_OUTER_BOUND('',#345,.T.);
#190=FACE_OUTER_BOUND('',#346,.T.);
#191=FACE_OUTER_BOUND('',#347,.T.);
#192=FACE_OUTER_BOUND('',#348,.T.);
#193=FACE_OUTER_BOUND('',#349,.T.);
#194=FACE_OUTER_BOUND('',#350,.T.);
#195=FACE_OUTER_BOUND('',#351,.T.);
#196=FACE_OUTER_BOUND('',#352,.T.);
#197=FACE_OUTER_BOUND('',#353,.T.);
#198=FACE_OUTER_BOUND('',#354,.T.);
#199=FACE_OUTER_BOUND('',#355,.T.);
#200=FACE_OUTER_BOUND('',#356,.T.);
#201=FACE_OUTER_BOUND('',#358,.T.);
#202=FACE_OUTER_BOUND('',#360,.T.);
#203=FACE_OUTER_BOUND('',#361,.T.);
#204=FACE_OUTER_BOUND('',#363,.T.);
#205=FACE_OUTER_BOUND('',#364,.T.);
#206=FACE_OUTER_BOUND('',#365,.T.);
#207=FACE_OUTER_BOUND('',#367,.T.);
#208=FACE_OUTER_BOUND('',#368,.T.);
#209=FACE_OUTER_BOUND('',#370,.T.);
#210=FACE_OUTER_BOUND('',#371,.T.);
#211=FACE_OUTER_BOUND('',#372,.T.);
#212=FACE_OUTER_BOUND('',#373,.T.);
#213=FACE_OUTER_BOUND('',#375,.T.);
#214=FACE_OUTER_BOUND('',#376,.T.);
#215=FACE_OUTER_BOUND('',#377,.T.);
#216=FACE_OUTER_BOUND('',#379,.T.);
#217=FACE_OUTER_BOUND('',#380,.T.);
#218=FACE_OUTER_BOUND('',#381,.T.);
#219=FACE_OUTER_BOUND('',#382,.T.);
#220=FACE_OUTER_BOUND('',#383,.T.);
#221=FACE_OUTER_BOUND('',#384,.T.);
#222=FACE_OUTER_BOUND('',#385,.T.);
#223=FACE_OUTER_BOUND('',#386,.T.);
#224=FACE_OUTER_BOUND('',#387,.T.);
#225=FACE_OUTER_BOUND('',#388,.T.);
#226=FACE_OUTER_BOUND('',#390,.T.);
#227=FACE_OUTER_BOUND('',#391,.T.);
#228=FACE_OUTER_BOUND('',#392,.T.);
#229=FACE_OUTER_BOUND('',#393,.T.);
#230=FACE_OUTER_BOUND('',#394,.T.);
#231=FACE_OUTER_BOUND('',#396,.T.);
#232=FACE_OUTER_BOUND('',#397,.T.);
#233=FACE_OUTER_BOUND('',#398,.T.);
#234=FACE_OUTER_BOUND('',#399,.T.);
#235=FACE_OUTER_BOUND('',#401,.T.);
#236=FACE_OUTER_BOUND('',#402,.T.);
#237=FACE_OUTER_BOUND('',#403,.T.);
#238=FACE_OUTER_BOUND('',#404,.T.);
#239=FACE_OUTER_BOUND('',#405,.T.);
#240=FACE_OUTER_BOUND('',#406,.T.);
#241=FACE_OUTER_BOUND('',#407,.T.);
#242=FACE_OUTER_BOUND('',#408,.T.);
#243=FACE_OUTER_BOUND('',#409,.T.);
#244=FACE_OUTER_BOUND('',#410,.T.);
#245=FACE_OUTER_BOUND('',#411,.T.);
#246=FACE_OUTER_BOUND('',#412,.T.);
#247=FACE_OUTER_BOUND('',#413,.T.);
#248=FACE_OUTER_BOUND('',#414,.T.);
#249=FACE_OUTER_BOUND('',#415,.T.);
#250=FACE_OUTER_BOUND('',#416,.T.);
#251=FACE_OUTER_BOUND('',#417,.T.);
#252=FACE_OUTER_BOUND('',#418,.T.);
#253=FACE_OUTER_BOUND('',#419,.T.);
#254=FACE_OUTER_BOUND('',#420,.T.);
#255=FACE_OUTER_BOUND('',#421,.T.);
#256=FACE_OUTER_BOUND('',#422,.T.);
#257=FACE_OUTER_BOUND('',#423,.T.);
#258=FACE_OUTER_BOUND('',#424,.T.);
#259=FACE_OUTER_BOUND('',#426,.T.);
#260=FACE_OUTER_BOUND('',#427,.T.);
#261=FACE_OUTER_BOUND('',#428,.T.);
#262=FACE_OUTER_BOUND('',#430,.T.);
#263=FACE_OUTER_BOUND('',#431,.T.);
#264=FACE_OUTER_BOUND('',#432,.T.);
#265=FACE_OUTER_BOUND('',#433,.T.);
#266=FACE_OUTER_BOUND('',#434,.T.);
#267=FACE_OUTER_BOUND('',#435,.T.);
#268=FACE_OUTER_BOUND('',#436,.T.);
#269=FACE_OUTER_BOUND('',#437,.T.);
#270=FACE_OUTER_BOUND('',#438,.T.);
#271=FACE_OUTER_BOUND('',#439,.T.);
#272=FACE_OUTER_BOUND('',#440,.T.);
#273=FACE_OUTER_BOUND('',#441,.T.);
#274=FACE_OUTER_BOUND('',#442,.T.);
#275=FACE_OUTER_BOUND('',#443,.T.);
#276=FACE_OUTER_BOUND('',#444,.T.);
#277=FACE_OUTER_BOUND('',#445,.T.);
#278=FACE_OUTER_BOUND('',#446,.T.);
#279=FACE_OUTER_BOUND('',#448,.T.);
#280=FACE_OUTER_BOUND('',#449,.T.);
#281=FACE_OUTER_BOUND('',#451,.T.);
#282=FACE_OUTER_BOUND('',#452,.T.);
#283=FACE_OUTER_BOUND('',#454,.T.);
#284=FACE_OUTER_BOUND('',#455,.T.);
#285=FACE_OUTER_BOUND('',#457,.T.);
#286=FACE_OUTER_BOUND('',#459,.T.);
#287=FACE_OUTER_BOUND('',#460,.T.);
#288=FACE_OUTER_BOUND('',#462,.T.);
#289=FACE_OUTER_BOUND('',#463,.T.);
#290=FACE_OUTER_BOUND('',#464,.T.);
#291=FACE_OUTER_BOUND('',#465,.T.);
#292=FACE_OUTER_BOUND('',#467,.T.);
#293=FACE_OUTER_BOUND('',#468,.T.);
#294=FACE_OUTER_BOUND('',#469,.T.);
#295=FACE_OUTER_BOUND('',#470,.T.);
#296=FACE_OUTER_BOUND('',#471,.T.);
#297=FACE_OUTER_BOUND('',#472,.T.);
#298=FACE_OUTER_BOUND('',#473,.T.);
#299=FACE_OUTER_BOUND('',#474,.T.);
#300=FACE_OUTER_BOUND('',#475,.T.);
#301=FACE_OUTER_BOUND('',#476,.T.);
#302=FACE_OUTER_BOUND('',#478,.T.);
#303=FACE_OUTER_BOUND('',#479,.T.);
#304=FACE_OUTER_BOUND('',#480,.T.);
#305=FACE_OUTER_BOUND('',#481,.T.);
#306=FACE_OUTER_BOUND('',#483,.T.);
#307=FACE_OUTER_BOUND('',#484,.T.);
#308=FACE_OUTER_BOUND('',#485,.T.);
#309=FACE_OUTER_BOUND('',#486,.T.);
#310=FACE_OUTER_BOUND('',#488,.T.);
#311=FACE_OUTER_BOUND('',#489,.T.);
#312=FACE_OUTER_BOUND('',#490,.T.);
#313=FACE_OUTER_BOUND('',#491,.T.);
#314=FACE_OUTER_BOUND('',#492,.T.);
#315=FACE_OUTER_BOUND('',#493,.T.);
#316=FACE_OUTER_BOUND('',#494,.T.);
#317=FACE_OUTER_BOUND('',#495,.T.);
#318=FACE_OUTER_BOUND('',#496,.T.);
#319=FACE_OUTER_BOUND('',#497,.T.);
#320=FACE_OUTER_BOUND('',#498,.T.);
#321=FACE_OUTER_BOUND('',#499,.T.);
#322=FACE_OUTER_BOUND('',#500,.T.);
#323=FACE_OUTER_BOUND('',#501,.T.);
#324=FACE_OUTER_BOUND('',#502,.T.);
#325=FACE_OUTER_BOUND('',#503,.T.);
#326=FACE_OUTER_BOUND('',#504,.T.);
#327=FACE_OUTER_BOUND('',#505,.T.);
#328=FACE_OUTER_BOUND('',#506,.T.);
#329=FACE_OUTER_BOUND('',#507,.T.);
#330=FACE_OUTER_BOUND('',#508,.T.);
#331=FACE_OUTER_BOUND('',#509,.T.);
#332=FACE_OUTER_BOUND('',#510,.T.);
#333=FACE_OUTER_BOUND('',#511,.T.);
#334=FACE_OUTER_BOUND('',#512,.T.);
#335=FACE_OUTER_BOUND('',#513,.T.);
#336=FACE_OUTER_BOUND('',#514,.T.);
#337=FACE_OUTER_BOUND('',#516,.T.);
#338=FACE_OUTER_BOUND('',#517,.T.);
#339=FACE_OUTER_BOUND('',#518,.T.);
#340=FACE_OUTER_BOUND('',#520,.T.);
#341=FACE_OUTER_BOUND('',#521,.T.);
#342=FACE_OUTER_BOUND('',#522,.T.);
#343=FACE_OUTER_BOUND('',#523,.T.);
#344=FACE_OUTER_BOUND('',#524,.T.);
#345=EDGE_LOOP('',(#1869,#1870,#1871,#1872));
#346=EDGE_LOOP('',(#1873,#1874,#1875,#1876,#1877,#1878,#1879,#1880,#1881,
#1882,#1883,#1884,#1885,#1886,#1887,#1888,#1889,#1890,#1891,#1892,#1893,
#1894,#1895,#1896,#1897,#1898));
#347=EDGE_LOOP('',(#1899,#1900,#1901,#1902));
#348=EDGE_LOOP('',(#1903,#1904,#1905,#1906));
#349=EDGE_LOOP('',(#1907,#1908,#1909,#1910));
#350=EDGE_LOOP('',(#1911,#1912,#1913,#1914));
#351=EDGE_LOOP('',(#1915,#1916,#1917,#1918));
#352=EDGE_LOOP('',(#1919,#1920,#1921,#1922));
#353=EDGE_LOOP('',(#1923,#1924,#1925,#1926));
#354=EDGE_LOOP('',(#1927,#1928,#1929,#1930));
#355=EDGE_LOOP('',(#1931,#1932,#1933,#1934));
#356=EDGE_LOOP('',(#1935,#1936,#1937,#1938));
#357=EDGE_LOOP('',(#1939));
#358=EDGE_LOOP('',(#1940,#1941,#1942,#1943));
#359=EDGE_LOOP('',(#1944));
#360=EDGE_LOOP('',(#1945,#1946,#1947,#1948,#1949,#1950,#1951,#1952));
#361=EDGE_LOOP('',(#1953,#1954,#1955,#1956));
#362=EDGE_LOOP('',(#1957));
#363=EDGE_LOOP('',(#1958,#1959,#1960,#1961));
#364=EDGE_LOOP('',(#1962,#1963,#1964,#1965));
#365=EDGE_LOOP('',(#1966,#1967,#1968,#1969));
#366=EDGE_LOOP('',(#1970));
#367=EDGE_LOOP('',(#1971,#1972,#1973,#1974));
#368=EDGE_LOOP('',(#1975,#1976,#1977,#1978,#1979,#1980,#1981,#1982,#1983,
#1984));
#369=EDGE_LOOP('',(#1985,#1986,#1987,#1988));
#370=EDGE_LOOP('',(#1989,#1990,#1991,#1992,#1993,#1994,#1995,#1996));
#371=EDGE_LOOP('',(#1997,#1998,#1999,#2000));
#372=EDGE_LOOP('',(#2001,#2002,#2003,#2004));
#373=EDGE_LOOP('',(#2005,#2006,#2007,#2008,#2009,#2010));
#374=EDGE_LOOP('',(#2011));
#375=EDGE_LOOP('',(#2012,#2013,#2014,#2015));
#376=EDGE_LOOP('',(#2016,#2017,#2018,#2019));
#377=EDGE_LOOP('',(#2020,#2021,#2022,#2023,#2024,#2025));
#378=EDGE_LOOP('',(#2026));
#379=EDGE_LOOP('',(#2027,#2028,#2029,#2030));
#380=EDGE_LOOP('',(#2031,#2032,#2033,#2034));
#381=EDGE_LOOP('',(#2035,#2036,#2037,#2038));
#382=EDGE_LOOP('',(#2039,#2040,#2041,#2042));
#383=EDGE_LOOP('',(#2043,#2044,#2045,#2046));
#384=EDGE_LOOP('',(#2047,#2048,#2049,#2050));
#385=EDGE_LOOP('',(#2051,#2052,#2053,#2054));
#386=EDGE_LOOP('',(#2055));
#387=EDGE_LOOP('',(#2056,#2057,#2058,#2059));
#388=EDGE_LOOP('',(#2060,#2061,#2062,#2063));
#389=EDGE_LOOP('',(#2064));
#390=EDGE_LOOP('',(#2065,#2066,#2067,#2068));
#391=EDGE_LOOP('',(#2069,#2070,#2071,#2072,#2073,#2074,#2075,#2076,#2077,
#2078,#2079,#2080,#2081,#2082,#2083,#2084,#2085,#2086));
#392=EDGE_LOOP('',(#2087,#2088,#2089,#2090));
#393=EDGE_LOOP('',(#2091,#2092,#2093,#2094));
#394=EDGE_LOOP('',(#2095,#2096,#2097,#2098,#2099,#2100));
#395=EDGE_LOOP('',(#2101));
#396=EDGE_LOOP('',(#2102,#2103,#2104,#2105));
#397=EDGE_LOOP('',(#2106,#2107,#2108,#2109));
#398=EDGE_LOOP('',(#2110,#2111,#2112,#2113));
#399=EDGE_LOOP('',(#2114,#2115,#2116,#2117,#2118,#2119));
#400=EDGE_LOOP('',(#2120));
#401=EDGE_LOOP('',(#2121,#2122,#2123,#2124));
#402=EDGE_LOOP('',(#2125,#2126,#2127,#2128,#2129,#2130,#2131,#2132,#2133,
#2134,#2135,#2136,#2137));
#403=EDGE_LOOP('',(#2138,#2139,#2140,#2141));
#404=EDGE_LOOP('',(#2142,#2143,#2144,#2145));
#405=EDGE_LOOP('',(#2146,#2147,#2148,#2149));
#406=EDGE_LOOP('',(#2150,#2151,#2152,#2153));
#407=EDGE_LOOP('',(#2154,#2155,#2156,#2157));
#408=EDGE_LOOP('',(#2158,#2159,#2160,#2161));
#409=EDGE_LOOP('',(#2162,#2163,#2164,#2165));
#410=EDGE_LOOP('',(#2166,#2167,#2168,#2169));
#411=EDGE_LOOP('',(#2170,#2171,#2172,#2173));
#412=EDGE_LOOP('',(#2174,#2175,#2176,#2177,#2178,#2179,#2180,#2181,#2182,
#2183,#2184,#2185,#2186));
#413=EDGE_LOOP('',(#2187,#2188,#2189,#2190));
#414=EDGE_LOOP('',(#2191,#2192,#2193,#2194));
#415=EDGE_LOOP('',(#2195,#2196,#2197,#2198,#2199,#2200,#2201,#2202,#2203,
#2204,#2205,#2206,#2207,#2208,#2209,#2210));
#416=EDGE_LOOP('',(#2211,#2212,#2213,#2214));
#417=EDGE_LOOP('',(#2215,#2216,#2217,#2218));
#418=EDGE_LOOP('',(#2219,#2220,#2221,#2222));
#419=EDGE_LOOP('',(#2223,#2224,#2225,#2226));
#420=EDGE_LOOP('',(#2227,#2228,#2229,#2230));
#421=EDGE_LOOP('',(#2231,#2232,#2233,#2234));
#422=EDGE_LOOP('',(#2235,#2236,#2237,#2238));
#423=EDGE_LOOP('',(#2239,#2240,#2241,#2242));
#424=EDGE_LOOP('',(#2243,#2244,#2245,#2246,#2247,#2248));
#425=EDGE_LOOP('',(#2249));
#426=EDGE_LOOP('',(#2250,#2251,#2252,#2253,#2254,#2255));
#427=EDGE_LOOP('',(#2256,#2257,#2258,#2259));
#428=EDGE_LOOP('',(#2260,#2261,#2262,#2263,#2264,#2265));
#429=EDGE_LOOP('',(#2266));
#430=EDGE_LOOP('',(#2267,#2268,#2269,#2270));
#431=EDGE_LOOP('',(#2271,#2272,#2273,#2274));
#432=EDGE_LOOP('',(#2275,#2276,#2277,#2278));
#433=EDGE_LOOP('',(#2279,#2280,#2281,#2282,#2283,#2284));
#434=EDGE_LOOP('',(#2285,#2286,#2287,#2288));
#435=EDGE_LOOP('',(#2289,#2290,#2291,#2292));
#436=EDGE_LOOP('',(#2293,#2294,#2295,#2296,#2297,#2298,#2299,#2300,#2301,
#2302,#2303,#2304,#2305,#2306,#2307,#2308,#2309,#2310));
#437=EDGE_LOOP('',(#2311,#2312,#2313,#2314));
#438=EDGE_LOOP('',(#2315,#2316,#2317,#2318));
#439=EDGE_LOOP('',(#2319,#2320,#2321,#2322));
#440=EDGE_LOOP('',(#2323,#2324,#2325,#2326));
#441=EDGE_LOOP('',(#2327,#2328,#2329,#2330));
#442=EDGE_LOOP('',(#2331,#2332,#2333,#2334));
#443=EDGE_LOOP('',(#2335,#2336,#2337,#2338));
#444=EDGE_LOOP('',(#2339,#2340,#2341,#2342));
#445=EDGE_LOOP('',(#2343,#2344,#2345,#2346));
#446=EDGE_LOOP('',(#2347,#2348,#2349,#2350));
#447=EDGE_LOOP('',(#2351));
#448=EDGE_LOOP('',(#2352,#2353,#2354,#2355));
#449=EDGE_LOOP('',(#2356,#2357,#2358,#2359));
#450=EDGE_LOOP('',(#2360));
#451=EDGE_LOOP('',(#2361,#2362,#2363,#2364));
#452=EDGE_LOOP('',(#2365,#2366,#2367,#2368));
#453=EDGE_LOOP('',(#2369));
#454=EDGE_LOOP('',(#2370,#2371,#2372,#2373));
#455=EDGE_LOOP('',(#2374,#2375,#2376,#2377,#2378,#2379));
#456=EDGE_LOOP('',(#2380,#2381,#2382,#2383));
#457=EDGE_LOOP('',(#2384,#2385,#2386,#2387));
#458=EDGE_LOOP('',(#2388));
#459=EDGE_LOOP('',(#2389,#2390,#2391,#2392));
#460=EDGE_LOOP('',(#2393,#2394,#2395,#2396,#2397,#2398));
#461=EDGE_LOOP('',(#2399));
#462=EDGE_LOOP('',(#2400,#2401,#2402,#2403));
#463=EDGE_LOOP('',(#2404,#2405,#2406,#2407));
#464=EDGE_LOOP('',(#2408,#2409,#2410,#2411));
#465=EDGE_LOOP('',(#2412,#2413,#2414,#2415,#2416,#2417));
#466=EDGE_LOOP('',(#2418));
#467=EDGE_LOOP('',(#2419,#2420,#2421,#2422,#2423,#2424,#2425,#2426));
#468=EDGE_LOOP('',(#2427,#2428,#2429,#2430));
#469=EDGE_LOOP('',(#2431,#2432,#2433,#2434));
#470=EDGE_LOOP('',(#2435,#2436,#2437,#2438));
#471=EDGE_LOOP('',(#2439,#2440,#2441,#2442));
#472=EDGE_LOOP('',(#2443,#2444,#2445,#2446));
#473=EDGE_LOOP('',(#2447,#2448,#2449,#2450));
#474=EDGE_LOOP('',(#2451));
#475=EDGE_LOOP('',(#2452,#2453,#2454,#2455));
#476=EDGE_LOOP('',(#2456,#2457,#2458,#2459));
#477=EDGE_LOOP('',(#2460));
#478=EDGE_LOOP('',(#2461,#2462,#2463,#2464));
#479=EDGE_LOOP('',(#2465,#2466,#2467,#2468));
#480=EDGE_LOOP('',(#2469,#2470,#2471,#2472));
#481=EDGE_LOOP('',(#2473,#2474,#2475,#2476,#2477,#2478));
#482=EDGE_LOOP('',(#2479));
#483=EDGE_LOOP('',(#2480,#2481,#2482,#2483));
#484=EDGE_LOOP('',(#2484,#2485,#2486,#2487));
#485=EDGE_LOOP('',(#2488,#2489,#2490,#2491));
#486=EDGE_LOOP('',(#2492,#2493,#2494,#2495,#2496,#2497));
#487=EDGE_LOOP('',(#2498));
#488=EDGE_LOOP('',(#2499,#2500,#2501,#2502));
#489=EDGE_LOOP('',(#2503,#2504,#2505,#2506,#2507,#2508,#2509,#2510,#2511,
#2512,#2513,#2514,#2515));
#490=EDGE_LOOP('',(#2516,#2517,#2518,#2519));
#491=EDGE_LOOP('',(#2520,#2521,#2522,#2523));
#492=EDGE_LOOP('',(#2524,#2525,#2526,#2527));
#493=EDGE_LOOP('',(#2528,#2529,#2530,#2531));
#494=EDGE_LOOP('',(#2532,#2533,#2534,#2535));
#495=EDGE_LOOP('',(#2536,#2537,#2538,#2539));
#496=EDGE_LOOP('',(#2540,#2541,#2542,#2543));
#497=EDGE_LOOP('',(#2544,#2545,#2546,#2547));
#498=EDGE_LOOP('',(#2548,#2549,#2550,#2551));
#499=EDGE_LOOP('',(#2552,#2553,#2554,#2555,#2556,#2557,#2558,#2559,#2560,
#2561,#2562,#2563,#2564));
#500=EDGE_LOOP('',(#2565,#2566,#2567,#2568));
#501=EDGE_LOOP('',(#2569,#2570,#2571,#2572));
#502=EDGE_LOOP('',(#2573,#2574,#2575,#2576,#2577,#2578,#2579,#2580,#2581,
#2582,#2583,#2584,#2585,#2586,#2587,#2588));
#503=EDGE_LOOP('',(#2589,#2590,#2591,#2592));
#504=EDGE_LOOP('',(#2593,#2594,#2595,#2596));
#505=EDGE_LOOP('',(#2597,#2598,#2599,#2600));
#506=EDGE_LOOP('',(#2601,#2602,#2603,#2604));
#507=EDGE_LOOP('',(#2605,#2606,#2607,#2608));
#508=EDGE_LOOP('',(#2609,#2610,#2611,#2612,#2613,#2614,#2615,#2616,#2617,
#2618,#2619,#2620));
#509=EDGE_LOOP('',(#2621,#2622,#2623,#2624));
#510=EDGE_LOOP('',(#2625,#2626,#2627,#2628));
#511=EDGE_LOOP('',(#2629,#2630,#2631,#2632,#2633,#2634,#2635,#2636,#2637,
#2638,#2639,#2640,#2641,#2642,#2643,#2644,#2645,#2646,#2647,#2648,#2649,
#2650,#2651,#2652,#2653,#2654));
#512=EDGE_LOOP('',(#2655,#2656,#2657,#2658));
#513=EDGE_LOOP('',(#2659,#2660,#2661,#2662));
#514=EDGE_LOOP('',(#2663,#2664,#2665,#2666,#2667,#2668));
#515=EDGE_LOOP('',(#2669));
#516=EDGE_LOOP('',(#2670,#2671,#2672,#2673,#2674,#2675));
#517=EDGE_LOOP('',(#2676,#2677,#2678,#2679));
#518=EDGE_LOOP('',(#2680,#2681,#2682,#2683,#2684,#2685));
#519=EDGE_LOOP('',(#2686));
#520=EDGE_LOOP('',(#2687,#2688,#2689,#2690));
#521=EDGE_LOOP('',(#2691,#2692,#2693,#2694));
#522=EDGE_LOOP('',(#2695,#2696,#2697,#2698));
#523=EDGE_LOOP('',(#2699,#2700,#2701,#2702,#2703,#2704));
#524=EDGE_LOOP('',(#2705,#2706,#2707,#2708));
#525=LINE('',#4076,#849);
#526=LINE('',#4078,#850);
#527=LINE('',#4080,#851);
#528=LINE('',#4081,#852);
#529=LINE('',#4084,#853);
#530=LINE('',#4086,#854);
#531=LINE('',#4088,#855);
#532=LINE('',#4090,#856);
#533=LINE('',#4092,#857);
#534=LINE('',#4094,#858);
#535=LINE('',#4096,#859);
#536=LINE('',#4100,#860);
#537=LINE('',#4104,#861);
#538=LINE('',#4106,#862);
#539=LINE('',#4108,#863);
#540=LINE('',#4110,#864);
#541=LINE('',#4112,#865);
#542=LINE('',#4114,#866);
#543=LINE('',#4116,#867);
#544=LINE('',#4118,#868);
#545=LINE('',#4120,#869);
#546=LINE('',#4122,#870);
#547=LINE('',#4124,#871);
#548=LINE('',#4128,#872);
#549=LINE('',#4131,#873);
#550=LINE('',#4134,#874);
#551=LINE('',#4135,#875);
#552=LINE('',#4138,#876);
#553=LINE('',#4139,#877);
#554=LINE('',#4142,#878);
#555=LINE('',#4143,#879);
#556=LINE('',#4146,#880);
#557=LINE('',#4147,#881);
#558=LINE('',#4150,#882);
#559=LINE('',#4151,#883);
#560=LINE('',#4156,#884);
#561=LINE('',#4162,#885);
#562=LINE('',#4167,#886);
#563=LINE('',#4169,#887);
#564=LINE('',#4171,#888);
#565=LINE('',#4172,#889);
#566=LINE('',#4176,#890);
#567=LINE('',#4178,#891);
#568=LINE('',#4180,#892);
#569=LINE('',#4181,#893);
#570=LINE('',#4183,#894);
#571=LINE('',#4184,#895);
#572=LINE('',#4186,#896);
#573=LINE('',#4187,#897);
#574=LINE('',#4189,#898);
#575=LINE('',#4191,#899);
#576=LINE('',#4193,#900);
#577=LINE('',#4195,#901);
#578=LINE('',#4197,#902);
#579=LINE('',#4198,#903);
#580=LINE('',#4200,#904);
#581=LINE('',#4201,#905);
#582=LINE('',#4205,#906);
#583=LINE('',#4206,#907);
#584=LINE('',#4210,#908);
#585=LINE('',#4212,#909);
#586=LINE('',#4214,#910);
#587=LINE('',#4216,#911);
#588=LINE('',#4218,#912);
#589=LINE('',#4220,#913);
#590=LINE('',#4221,#914);
#591=LINE('',#4224,#915);
#592=LINE('',#4226,#916);
#593=LINE('',#4228,#917);
#594=LINE('',#4229,#918);
#595=LINE('',#4234,#919);
#596=LINE('',#4236,#920);
#597=LINE('',#4238,#921);
#598=LINE('',#4244,#922);
#599=LINE('',#4251,#923);
#600=LINE('',#4254,#924);
#601=LINE('',#4257,#925);
#602=LINE('',#4259,#926);
#603=LINE('',#4262,#927);
#604=LINE('',#4263,#928);
#605=LINE('',#4268,#929);
#606=LINE('',#4269,#930);
#607=LINE('',#4272,#931);
#608=LINE('',#4273,#932);
#609=LINE('',#4276,#933);
#610=LINE('',#4280,#934);
#611=LINE('',#4284,#935);
#612=LINE('',#4285,#936);
#613=LINE('',#4288,#937);
#614=LINE('',#4289,#938);
#615=LINE('',#4291,#939);
#616=LINE('',#4296,#940);
#617=LINE('',#4301,#941);
#618=LINE('',#4303,#942);
#619=LINE('',#4304,#943);
#620=LINE('',#4306,#944);
#621=LINE('',#4309,#945);
#622=LINE('',#4310,#946);
#623=LINE('',#4315,#947);
#624=LINE('',#4318,#948);
#625=LINE('',#4320,#949);
#626=LINE('',#4324,#950);
#627=LINE('',#4330,#951);
#628=LINE('',#4337,#952);
#629=LINE('',#4340,#953);
#630=LINE('',#4343,#954);
#631=LINE('',#4346,#955);
#632=LINE('',#4347,#956);
#633=LINE('',#4350,#957);
#634=LINE('',#4351,#958);
#635=LINE('',#4355,#959);
#636=LINE('',#4357,#960);
#637=LINE('',#4359,#961);
#638=LINE('',#4363,#962);
#639=LINE('',#4365,#963);
#640=LINE('',#4367,#964);
#641=LINE('',#4371,#965);
#642=LINE('',#4375,#966);
#643=LINE('',#4377,#967);
#644=LINE('',#4379,#968);
#645=LINE('',#4383,#969);
#646=LINE('',#4387,#970);
#647=LINE('',#4388,#971);
#648=LINE('',#4393,#972);
#649=LINE('',#4394,#973);
#650=LINE('',#4397,#974);
#651=LINE('',#4398,#975);
#652=LINE('',#4403,#976);
#653=LINE('',#4404,#977);
#654=LINE('',#4407,#978);
#655=LINE('',#4408,#979);
#656=LINE('',#4411,#980);
#657=LINE('',#4415,#981);
#658=LINE('',#4418,#982);
#659=LINE('',#4420,#983);
#660=LINE('',#4422,#984);
#661=LINE('',#4424,#985);
#662=LINE('',#4426,#986);
#663=LINE('',#4427,#987);
#664=LINE('',#4429,#988);
#665=LINE('',#4432,#989);
#666=LINE('',#4434,#990);
#667=LINE('',#4436,#991);
#668=LINE('',#4439,#992);
#669=LINE('',#4441,#993);
#670=LINE('',#4447,#994);
#671=LINE('',#4454,#995);
#672=LINE('',#4457,#996);
#673=LINE('',#4460,#997);
#674=LINE('',#4464,#998);
#675=LINE('',#4467,#999);
#676=LINE('',#4470,#1000);
#677=LINE('',#4474,#1001);
#678=LINE('',#4475,#1002);
#679=LINE('',#4478,#1003);
#680=LINE('',#4481,#1004);
#681=LINE('',#4484,#1005);
#682=LINE('',#4488,#1006);
#683=LINE('',#4491,#1007);
#684=LINE('',#4493,#1008);
#685=LINE('',#4495,#1009);
#686=LINE('',#4497,#1010);
#687=LINE('',#4502,#1011);
#688=LINE('',#4504,#1012);
#689=LINE('',#4506,#1013);
#690=LINE('',#4507,#1014);
#691=LINE('',#4510,#1015);
#692=LINE('',#4512,#1016);
#693=LINE('',#4514,#1017);
#694=LINE('',#4516,#1018);
#695=LINE('',#4518,#1019);
#696=LINE('',#4520,#1020);
#697=LINE('',#4522,#1021);
#698=LINE('',#4526,#1022);
#699=LINE('',#4530,#1023);
#700=LINE('',#4532,#1024);
#701=LINE('',#4534,#1025);
#702=LINE('',#4538,#1026);
#703=LINE('',#4541,#1027);
#704=LINE('',#4544,#1028);
#705=LINE('',#4545,#1029);
#706=LINE('',#4548,#1030);
#707=LINE('',#4549,#1031);
#708=LINE('',#4552,#1032);
#709=LINE('',#4553,#1033);
#710=LINE('',#4556,#1034);
#711=LINE('',#4557,#1035);
#712=LINE('',#4560,#1036);
#713=LINE('',#4561,#1037);
#714=LINE('',#4566,#1038);
#715=LINE('',#4572,#1039);
#716=LINE('',#4577,#1040);
#717=LINE('',#4579,#1041);
#718=LINE('',#4581,#1042);
#719=LINE('',#4582,#1043);
#720=LINE('',#4586,#1044);
#721=LINE('',#4588,#1045);
#722=LINE('',#4590,#1046);
#723=LINE('',#4591,#1047);
#724=LINE('',#4594,#1048);
#725=LINE('',#4596,#1049);
#726=LINE('',#4597,#1050);
#727=LINE('',#4600,#1051);
#728=LINE('',#4601,#1052);
#729=LINE('',#4604,#1053);
#730=LINE('',#4605,#1054);
#731=LINE('',#4608,#1055);
#732=LINE('',#4610,#1056);
#733=LINE('',#4611,#1057);
#734=LINE('',#4614,#1058);
#735=LINE('',#4615,#1059);
#736=LINE('',#4617,#1060);
#737=LINE('',#4619,#1061);
#738=LINE('',#4620,#1062);
#739=LINE('',#4623,#1063);
#740=LINE('',#4624,#1064);
#741=LINE('',#4626,#1065);
#742=LINE('',#4627,#1066);
#743=LINE('',#4630,#1067);
#744=LINE('',#4632,#1068);
#745=LINE('',#4634,#1069);
#746=LINE('',#4635,#1070);
#747=LINE('',#4637,#1071);
#748=LINE('',#4643,#1072);
#749=LINE('',#4646,#1073);
#750=LINE('',#4649,#1074);
#751=LINE('',#4653,#1075);
#752=LINE('',#4655,#1076);
#753=LINE('',#4656,#1077);
#754=LINE('',#4661,#1078);
#755=LINE('',#4662,#1079);
#756=LINE('',#4666,#1080);
#757=LINE('',#4670,#1081);
#758=LINE('',#4673,#1082);
#759=LINE('',#4675,#1083);
#760=LINE('',#4676,#1084);
#761=LINE('',#4679,#1085);
#762=LINE('',#4680,#1086);
#763=LINE('',#4681,#1087);
#764=LINE('',#4685,#1088);
#765=LINE('',#4689,#1089);
#766=LINE('',#4694,#1090);
#767=LINE('',#4698,#1091);
#768=LINE('',#4703,#1092);
#769=LINE('',#4704,#1093);
#770=LINE('',#4705,#1094);
#771=LINE('',#4709,#1095);
#772=LINE('',#4710,#1096);
#773=LINE('',#4711,#1097);
#774=LINE('',#4713,#1098);
#775=LINE('',#4714,#1099);
#776=LINE('',#4719,#1100);
#777=LINE('',#4724,#1101);
#778=LINE('',#4726,#1102);
#779=LINE('',#4727,#1103);
#780=LINE('',#4729,#1104);
#781=LINE('',#4732,#1105);
#782=LINE('',#4733,#1106);
#783=LINE('',#4738,#1107);
#784=LINE('',#4745,#1108);
#785=LINE('',#4748,#1109);
#786=LINE('',#4750,#1110);
#787=LINE('',#4752,#1111);
#788=LINE('',#4755,#1112);
#789=LINE('',#4758,#1113);
#790=LINE('',#4759,#1114);
#791=LINE('',#4762,#1115);
#792=LINE('',#4765,#1116);
#793=LINE('',#4767,#1117);
#794=LINE('',#4771,#1118);
#795=LINE('',#4775,#1119);
#796=LINE('',#4779,#1120);
#797=LINE('',#4781,#1121);
#798=LINE('',#4783,#1122);
#799=LINE('',#4787,#1123);
#800=LINE('',#4791,#1124);
#801=LINE('',#4792,#1125);
#802=LINE('',#4795,#1126);
#803=LINE('',#4796,#1127);
#804=LINE('',#4801,#1128);
#805=LINE('',#4802,#1129);
#806=LINE('',#4805,#1130);
#807=LINE('',#4806,#1131);
#808=LINE('',#4811,#1132);
#809=LINE('',#4812,#1133);
#810=LINE('',#4815,#1134);
#811=LINE('',#4816,#1135);
#812=LINE('',#4819,#1136);
#813=LINE('',#4823,#1137);
#814=LINE('',#4826,#1138);
#815=LINE('',#4828,#1139);
#816=LINE('',#4830,#1140);
#817=LINE('',#4832,#1141);
#818=LINE('',#4834,#1142);
#819=LINE('',#4835,#1143);
#820=LINE('',#4837,#1144);
#821=LINE('',#4841,#1145);
#822=LINE('',#4842,#1146);
#823=LINE('',#4843,#1147);
#824=LINE('',#4845,#1148);
#825=LINE('',#4849,#1149);
#826=LINE('',#4852,#1150);
#827=LINE('',#4853,#1151);
#828=LINE('',#4859,#1152);
#829=LINE('',#4861,#1153);
#830=LINE('',#4865,#1154);
#831=LINE('',#4867,#1155);
#832=LINE('',#4873,#1156);
#833=LINE('',#4880,#1157);
#834=LINE('',#4883,#1158);
#835=LINE('',#4886,#1159);
#836=LINE('',#4890,#1160);
#837=LINE('',#4893,#1161);
#838=LINE('',#4896,#1162);
#839=LINE('',#4898,#1163);
#840=LINE('',#4901,#1164);
#841=LINE('',#4904,#1165);
#842=LINE('',#4907,#1166);
#843=LINE('',#4912,#1167);
#844=LINE('',#4915,#1168);
#845=LINE('',#4917,#1169);
#846=LINE('',#4919,#1170);
#847=LINE('',#4921,#1171);
#848=LINE('',#4923,#1172);
#849=VECTOR('',#3246,10.);
#850=VECTOR('',#3247,10.);
#851=VECTOR('',#3248,10.);
#852=VECTOR('',#3249,10.);
#853=VECTOR('',#3252,10.);
#854=VECTOR('',#3253,10.);
#855=VECTOR('',#3254,10.);
#856=VECTOR('',#3255,10.);
#857=VECTOR('',#3256,10.);
#858=VECTOR('',#3257,10.);
#859=VECTOR('',#3258,10.);
#860=VECTOR('',#3261,10.);
#861=VECTOR('',#3264,10.);
#862=VECTOR('',#3265,10.);
#863=VECTOR('',#3266,10.);
#864=VECTOR('',#3267,10.);
#865=VECTOR('',#3268,10.);
#866=VECTOR('',#3269,10.);
#867=VECTOR('',#3270,10.);
#868=VECTOR('',#3271,10.);
#869=VECTOR('',#3272,10.);
#870=VECTOR('',#3273,10.);
#871=VECTOR('',#3274,10.);
#872=VECTOR('',#3277,10.);
#873=VECTOR('',#3280,10.);
#874=VECTOR('',#3283,10.);
#875=VECTOR('',#3284,10.);
#876=VECTOR('',#3287,10.);
#877=VECTOR('',#3288,10.);
#878=VECTOR('',#3291,10.);
#879=VECTOR('',#3292,10.);
#880=VECTOR('',#3295,10.);
#881=VECTOR('',#3296,10.);
#882=VECTOR('',#3299,10.);
#883=VECTOR('',#3300,10.);
#884=VECTOR('',#3305,1.);
#885=VECTOR('',#3312,1.);
#886=VECTOR('',#3317,10.);
#887=VECTOR('',#3318,10.);
#888=VECTOR('',#3319,10.);
#889=VECTOR('',#3320,10.);
#890=VECTOR('',#3323,10.);
#891=VECTOR('',#3324,10.);
#892=VECTOR('',#3325,10.);
#893=VECTOR('',#3326,10.);
#894=VECTOR('',#3329,10.);
#895=VECTOR('',#3330,10.);
#896=VECTOR('',#3333,10.);
#897=VECTOR('',#3334,10.);
#898=VECTOR('',#3337,10.);
#899=VECTOR('',#3338,10.);
#900=VECTOR('',#3339,10.);
#901=VECTOR('',#3340,10.);
#902=VECTOR('',#3341,10.);
#903=VECTOR('',#3342,10.);
#904=VECTOR('',#3345,10.);
#905=VECTOR('',#3346,10.);
#906=VECTOR('',#3353,10.);
#907=VECTOR('',#3354,10.);
#908=VECTOR('',#3359,10.);
#909=VECTOR('',#3360,10.);
#910=VECTOR('',#3361,10.);
#911=VECTOR('',#3362,10.);
#912=VECTOR('',#3363,10.);
#913=VECTOR('',#3364,10.);
#914=VECTOR('',#3365,10.);
#915=VECTOR('',#3366,10.);
#916=VECTOR('',#3367,10.);
#917=VECTOR('',#3368,10.);
#918=VECTOR('',#3369,10.);
#919=VECTOR('',#3374,10.);
#920=VECTOR('',#3375,10.);
#921=VECTOR('',#3376,10.);
#922=VECTOR('',#3383,1.);
#923=VECTOR('',#3390,10.);
#924=VECTOR('',#3393,10.);
#925=VECTOR('',#3396,10.);
#926=VECTOR('',#3399,10.);
#927=VECTOR('',#3402,10.);
#928=VECTOR('',#3403,10.);
#929=VECTOR('',#3410,10.);
#930=VECTOR('',#3411,10.);
#931=VECTOR('',#3414,10.);
#932=VECTOR('',#3415,10.);
#933=VECTOR('',#3418,10.);
#934=VECTOR('',#3423,10.);
#935=VECTOR('',#3428,10.);
#936=VECTOR('',#3429,10.);
#937=VECTOR('',#3432,10.);
#938=VECTOR('',#3433,10.);
#939=VECTOR('',#3436,10.);
#940=VECTOR('',#3441,1.25);
#941=VECTOR('',#3448,10.);
#942=VECTOR('',#3449,10.);
#943=VECTOR('',#3450,10.);
#944=VECTOR('',#3453,10.);
#945=VECTOR('',#3456,10.);
#946=VECTOR('',#3457,10.);
#947=VECTOR('',#3462,10.);
#948=VECTOR('',#3465,10.);
#949=VECTOR('',#3466,10.);
#950=VECTOR('',#3469,10.);
#951=VECTOR('',#3476,1.);
#952=VECTOR('',#3483,10.);
#953=VECTOR('',#3486,10.);
#954=VECTOR('',#3489,10.);
#955=VECTOR('',#3492,10.);
#956=VECTOR('',#3493,10.);
#957=VECTOR('',#3496,10.);
#958=VECTOR('',#3497,10.);
#959=VECTOR('',#3502,10.);
#960=VECTOR('',#3505,10.);
#961=VECTOR('',#3508,10.);
#962=VECTOR('',#3513,10.);
#963=VECTOR('',#3514,10.);
#964=VECTOR('',#3515,10.);
#965=VECTOR('',#3518,10.);
#966=VECTOR('',#3521,10.);
#967=VECTOR('',#3522,10.);
#968=VECTOR('',#3523,10.);
#969=VECTOR('',#3526,10.);
#970=VECTOR('',#3531,10.);
#971=VECTOR('',#3532,10.);
#972=VECTOR('',#3537,10.);
#973=VECTOR('',#3538,10.);
#974=VECTOR('',#3541,10.);
#975=VECTOR('',#3542,10.);
#976=VECTOR('',#3547,10.);
#977=VECTOR('',#3548,10.);
#978=VECTOR('',#3551,10.);
#979=VECTOR('',#3552,10.);
#980=VECTOR('',#3555,10.);
#981=VECTOR('',#3560,10.);
#982=VECTOR('',#3563,10.);
#983=VECTOR('',#3566,10.);
#984=VECTOR('',#3569,10.);
#985=VECTOR('',#3572,10.);
#986=VECTOR('',#3573,10.);
#987=VECTOR('',#3574,10.);
#988=VECTOR('',#3577,10.);
#989=VECTOR('',#3582,10.);
#990=VECTOR('',#3585,10.);
#991=VECTOR('',#3588,10.);
#992=VECTOR('',#3593,10.);
#993=VECTOR('',#3596,10.);
#994=VECTOR('',#3603,1.);
#995=VECTOR('',#3610,10.);
#996=VECTOR('',#3613,10.);
#997=VECTOR('',#3616,10.);
#998=VECTOR('',#3619,10.);
#999=VECTOR('',#3622,10.);
#1000=VECTOR('',#3625,10.);
#1001=VECTOR('',#3628,10.);
#1002=VECTOR('',#3629,10.);
#1003=VECTOR('',#3632,10.);
#1004=VECTOR('',#3635,10.);
#1005=VECTOR('',#3638,10.);
#1006=VECTOR('',#3641,10.);
#1007=VECTOR('',#3646,10.);
#1008=VECTOR('',#3649,10.);
#1009=VECTOR('',#3652,10.);
#1010=VECTOR('',#3655,10.);
#1011=VECTOR('',#3660,10.);
#1012=VECTOR('',#3661,10.);
#1013=VECTOR('',#3662,10.);
#1014=VECTOR('',#3663,10.);
#1015=VECTOR('',#3666,10.);
#1016=VECTOR('',#3667,10.);
#1017=VECTOR('',#3668,10.);
#1018=VECTOR('',#3669,10.);
#1019=VECTOR('',#3670,10.);
#1020=VECTOR('',#3671,10.);
#1021=VECTOR('',#3672,10.);
#1022=VECTOR('',#3675,10.);
#1023=VECTOR('',#3678,10.);
#1024=VECTOR('',#3679,10.);
#1025=VECTOR('',#3680,10.);
#1026=VECTOR('',#3683,10.);
#1027=VECTOR('',#3686,10.);
#1028=VECTOR('',#3689,10.);
#1029=VECTOR('',#3690,10.);
#1030=VECTOR('',#3693,10.);
#1031=VECTOR('',#3694,10.);
#1032=VECTOR('',#3697,10.);
#1033=VECTOR('',#3698,10.);
#1034=VECTOR('',#3701,10.);
#1035=VECTOR('',#3702,10.);
#1036=VECTOR('',#3705,10.);
#1037=VECTOR('',#3706,10.);
#1038=VECTOR('',#3711,0.999999999999996);
#1039=VECTOR('',#3718,0.999999999999996);
#1040=VECTOR('',#3723,10.);
#1041=VECTOR('',#3724,10.);
#1042=VECTOR('',#3725,10.);
#1043=VECTOR('',#3726,10.);
#1044=VECTOR('',#3729,10.);
#1045=VECTOR('',#3730,10.);
#1046=VECTOR('',#3731,10.);
#1047=VECTOR('',#3732,10.);
#1048=VECTOR('',#3735,10.);
#1049=VECTOR('',#3736,10.);
#1050=VECTOR('',#3737,10.);
#1051=VECTOR('',#3740,10.);
#1052=VECTOR('',#3741,10.);
#1053=VECTOR('',#3744,10.);
#1054=VECTOR('',#3745,10.);
#1055=VECTOR('',#3748,10.);
#1056=VECTOR('',#3749,10.);
#1057=VECTOR('',#3750,10.);
#1058=VECTOR('',#3753,10.);
#1059=VECTOR('',#3754,10.);
#1060=VECTOR('',#3757,10.);
#1061=VECTOR('',#3758,10.);
#1062=VECTOR('',#3759,10.);
#1063=VECTOR('',#3762,10.);
#1064=VECTOR('',#3763,10.);
#1065=VECTOR('',#3764,10.);
#1066=VECTOR('',#3765,10.);
#1067=VECTOR('',#3766,10.);
#1068=VECTOR('',#3767,10.);
#1069=VECTOR('',#3768,10.);
#1070=VECTOR('',#3769,10.);
#1071=VECTOR('',#3772,10.);
#1072=VECTOR('',#3777,10.);
#1073=VECTOR('',#3780,10.);
#1074=VECTOR('',#3783,10.);
#1075=VECTOR('',#3786,10.);
#1076=VECTOR('',#3787,10.);
#1077=VECTOR('',#3788,10.);
#1078=VECTOR('',#3793,10.);
#1079=VECTOR('',#3794,10.);
#1080=VECTOR('',#3799,10.);
#1081=VECTOR('',#3804,0.999999999999996);
#1082=VECTOR('',#3807,10.);
#1083=VECTOR('',#3808,10.);
#1084=VECTOR('',#3809,10.);
#1085=VECTOR('',#3812,10.);
#1086=VECTOR('',#3813,10.);
#1087=VECTOR('',#3814,10.);
#1088=VECTOR('',#3817,10.);
#1089=VECTOR('',#3820,10.);
#1090=VECTOR('',#3825,10.);
#1091=VECTOR('',#3828,10.);
#1092=VECTOR('',#3833,10.);
#1093=VECTOR('',#3834,10.);
#1094=VECTOR('',#3835,10.);
#1095=VECTOR('',#3838,10.);
#1096=VECTOR('',#3839,10.);
#1097=VECTOR('',#3840,10.);
#1098=VECTOR('',#3843,10.);
#1099=VECTOR('',#3844,10.);
#1100=VECTOR('',#3849,1.25);
#1101=VECTOR('',#3856,10.);
#1102=VECTOR('',#3857,10.);
#1103=VECTOR('',#3858,10.);
#1104=VECTOR('',#3861,10.);
#1105=VECTOR('',#3864,10.);
#1106=VECTOR('',#3865,10.);
#1107=VECTOR('',#3870,1.);
#1108=VECTOR('',#3877,10.);
#1109=VECTOR('',#3880,10.);
#1110=VECTOR('',#3883,10.);
#1111=VECTOR('',#3884,10.);
#1112=VECTOR('',#3887,10.);
#1113=VECTOR('',#3890,10.);
#1114=VECTOR('',#3891,10.);
#1115=VECTOR('',#3894,10.);
#1116=VECTOR('',#3899,10.);
#1117=VECTOR('',#3902,10.);
#1118=VECTOR('',#3907,10.);
#1119=VECTOR('',#3910,10.);
#1120=VECTOR('',#3913,10.);
#1121=VECTOR('',#3914,10.);
#1122=VECTOR('',#3915,10.);
#1123=VECTOR('',#3918,10.);
#1124=VECTOR('',#3921,10.);
#1125=VECTOR('',#3922,10.);
#1126=VECTOR('',#3925,10.);
#1127=VECTOR('',#3926,10.);
#1128=VECTOR('',#3931,10.);
#1129=VECTOR('',#3932,10.);
#1130=VECTOR('',#3935,10.);
#1131=VECTOR('',#3936,10.);
#1132=VECTOR('',#3941,10.);
#1133=VECTOR('',#3942,10.);
#1134=VECTOR('',#3945,10.);
#1135=VECTOR('',#3946,10.);
#1136=VECTOR('',#3949,10.);
#1137=VECTOR('',#3954,10.);
#1138=VECTOR('',#3957,10.);
#1139=VECTOR('',#3960,10.);
#1140=VECTOR('',#3963,10.);
#1141=VECTOR('',#3966,10.);
#1142=VECTOR('',#3967,10.);
#1143=VECTOR('',#3968,10.);
#1144=VECTOR('',#3971,10.);
#1145=VECTOR('',#3976,10.);
#1146=VECTOR('',#3977,10.);
#1147=VECTOR('',#3978,10.);
#1148=VECTOR('',#3981,10.);
#1149=VECTOR('',#3986,10.);
#1150=VECTOR('',#3989,10.);
#1151=VECTOR('',#3990,10.);
#1152=VECTOR('',#3999,10.);
#1153=VECTOR('',#4002,10.);
#1154=VECTOR('',#4007,10.);
#1155=VECTOR('',#4010,10.);
#1156=VECTOR('',#4017,1.);
#1157=VECTOR('',#4024,10.);
#1158=VECTOR('',#4027,10.);
#1159=VECTOR('',#4030,10.);
#1160=VECTOR('',#4033,10.);
#1161=VECTOR('',#4036,10.);
#1162=VECTOR('',#4039,10.);
#1163=VECTOR('',#4040,10.);
#1164=VECTOR('',#4043,10.);
#1165=VECTOR('',#4046,10.);
#1166=VECTOR('',#4049,10.);
#1167=VECTOR('',#4054,10.);
#1168=VECTOR('',#4057,10.);
#1169=VECTOR('',#4060,10.);
#1170=VECTOR('',#4063,10.);
#1171=VECTOR('',#4066,10.);
#1172=VECTOR('',#4069,10.);
#1173=VERTEX_POINT('',#4074);
#1174=VERTEX_POINT('',#4075);
#1175=VERTEX_POINT('',#4077);
#1176=VERTEX_POINT('',#4079);
#1177=VERTEX_POINT('',#4083);
#1178=VERTEX_POINT('',#4085);
#1179=VERTEX_POINT('',#4087);
#1180=VERTEX_POINT('',#4089);
#1181=VERTEX_POINT('',#4091);
#1182=VERTEX_POINT('',#4093);
#1183=VERTEX_POINT('',#4095);
#1184=VERTEX_POINT('',#4097);
#1185=VERTEX_POINT('',#4099);
#1186=VERTEX_POINT('',#4101);
#1187=VERTEX_POINT('',#4103);
#1188=VERTEX_POINT('',#4105);
#1189=VERTEX_POINT('',#4107);
#1190=VERTEX_POINT('',#4109);
#1191=VERTEX_POINT('',#4111);
#1192=VERTEX_POINT('',#4113);
#1193=VERTEX_POINT('',#4115);
#1194=VERTEX_POINT('',#4117);
#1195=VERTEX_POINT('',#4119);
#1196=VERTEX_POINT('',#4121);
#1197=VERTEX_POINT('',#4123);
#1198=VERTEX_POINT('',#4125);
#1199=VERTEX_POINT('',#4127);
#1200=VERTEX_POINT('',#4129);
#1201=VERTEX_POINT('',#4133);
#1202=VERTEX_POINT('',#4137);
#1203=VERTEX_POINT('',#4141);
#1204=VERTEX_POINT('',#4145);
#1205=VERTEX_POINT('',#4149);
#1206=VERTEX_POINT('',#4153);
#1207=VERTEX_POINT('',#4155);
#1208=VERTEX_POINT('',#4159);
#1209=VERTEX_POINT('',#4161);
#1210=VERTEX_POINT('',#4165);
#1211=VERTEX_POINT('',#4166);
#1212=VERTEX_POINT('',#4168);
#1213=VERTEX_POINT('',#4170);
#1214=VERTEX_POINT('',#4174);
#1215=VERTEX_POINT('',#4175);
#1216=VERTEX_POINT('',#4177);
#1217=VERTEX_POINT('',#4179);
#1218=VERTEX_POINT('',#4190);
#1219=VERTEX_POINT('',#4192);
#1220=VERTEX_POINT('',#4194);
#1221=VERTEX_POINT('',#4196);
#1222=VERTEX_POINT('',#4209);
#1223=VERTEX_POINT('',#4211);
#1224=VERTEX_POINT('',#4213);
#1225=VERTEX_POINT('',#4215);
#1226=VERTEX_POINT('',#4217);
#1227=VERTEX_POINT('',#4219);
#1228=VERTEX_POINT('',#4222);
#1229=VERTEX_POINT('',#4223);
#1230=VERTEX_POINT('',#4225);
#1231=VERTEX_POINT('',#4227);
#1232=VERTEX_POINT('',#4231);
#1233=VERTEX_POINT('',#4233);
#1234=VERTEX_POINT('',#4235);
#1235=VERTEX_POINT('',#4237);
#1236=VERTEX_POINT('',#4241);
#1237=VERTEX_POINT('',#4243);
#1238=VERTEX_POINT('',#4247);
#1239=VERTEX_POINT('',#4248);
#1240=VERTEX_POINT('',#4250);
#1241=VERTEX_POINT('',#4252);
#1242=VERTEX_POINT('',#4256);
#1243=VERTEX_POINT('',#4261);
#1244=VERTEX_POINT('',#4267);
#1245=VERTEX_POINT('',#4271);
#1246=VERTEX_POINT('',#4275);
#1247=VERTEX_POINT('',#4279);
#1248=VERTEX_POINT('',#4283);
#1249=VERTEX_POINT('',#4287);
#1250=VERTEX_POINT('',#4293);
#1251=VERTEX_POINT('',#4295);
#1252=VERTEX_POINT('',#4300);
#1253=VERTEX_POINT('',#4302);
#1254=VERTEX_POINT('',#4308);
#1255=VERTEX_POINT('',#4312);
#1256=VERTEX_POINT('',#4314);
#1257=VERTEX_POINT('',#4317);
#1258=VERTEX_POINT('',#4319);
#1259=VERTEX_POINT('',#4321);
#1260=VERTEX_POINT('',#4323);
#1261=VERTEX_POINT('',#4327);
#1262=VERTEX_POINT('',#4329);
#1263=VERTEX_POINT('',#4333);
#1264=VERTEX_POINT('',#4334);
#1265=VERTEX_POINT('',#4336);
#1266=VERTEX_POINT('',#4338);
#1267=VERTEX_POINT('',#4342);
#1268=VERTEX_POINT('',#4344);
#1269=VERTEX_POINT('',#4349);
#1270=VERTEX_POINT('',#4353);
#1271=VERTEX_POINT('',#4362);
#1272=VERTEX_POINT('',#4364);
#1273=VERTEX_POINT('',#4366);
#1274=VERTEX_POINT('',#4368);
#1275=VERTEX_POINT('',#4370);
#1276=VERTEX_POINT('',#4372);
#1277=VERTEX_POINT('',#4374);
#1278=VERTEX_POINT('',#4376);
#1279=VERTEX_POINT('',#4378);
#1280=VERTEX_POINT('',#4380);
#1281=VERTEX_POINT('',#4382);
#1282=VERTEX_POINT('',#4386);
#1283=VERTEX_POINT('',#4390);
#1284=VERTEX_POINT('',#4391);
#1285=VERTEX_POINT('',#4396);
#1286=VERTEX_POINT('',#4400);
#1287=VERTEX_POINT('',#4401);
#1288=VERTEX_POINT('',#4406);
#1289=VERTEX_POINT('',#4410);
#1290=VERTEX_POINT('',#4414);
#1291=VERTEX_POINT('',#4416);
#1292=VERTEX_POINT('',#4425);
#1293=VERTEX_POINT('',#4444);
#1294=VERTEX_POINT('',#4446);
#1295=VERTEX_POINT('',#4450);
#1296=VERTEX_POINT('',#4451);
#1297=VERTEX_POINT('',#4453);
#1298=VERTEX_POINT('',#4455);
#1299=VERTEX_POINT('',#4459);
#1300=VERTEX_POINT('',#4461);
#1301=VERTEX_POINT('',#4463);
#1302=VERTEX_POINT('',#4465);
#1303=VERTEX_POINT('',#4469);
#1304=VERTEX_POINT('',#4471);
#1305=VERTEX_POINT('',#4473);
#1306=VERTEX_POINT('',#4477);
#1307=VERTEX_POINT('',#4479);
#1308=VERTEX_POINT('',#4483);
#1309=VERTEX_POINT('',#4485);
#1310=VERTEX_POINT('',#4487);
#1311=VERTEX_POINT('',#4500);
#1312=VERTEX_POINT('',#4501);
#1313=VERTEX_POINT('',#4503);
#1314=VERTEX_POINT('',#4505);
#1315=VERTEX_POINT('',#4509);
#1316=VERTEX_POINT('',#4511);
#1317=VERTEX_POINT('',#4513);
#1318=VERTEX_POINT('',#4515);
#1319=VERTEX_POINT('',#4517);
#1320=VERTEX_POINT('',#4519);
#1321=VERTEX_POINT('',#4521);
#1322=VERTEX_POINT('',#4523);
#1323=VERTEX_POINT('',#4525);
#1324=VERTEX_POINT('',#4527);
#1325=VERTEX_POINT('',#4529);
#1326=VERTEX_POINT('',#4531);
#1327=VERTEX_POINT('',#4533);
#1328=VERTEX_POINT('',#4535);
#1329=VERTEX_POINT('',#4537);
#1330=VERTEX_POINT('',#4539);
#1331=VERTEX_POINT('',#4543);
#1332=VERTEX_POINT('',#4547);
#1333=VERTEX_POINT('',#4551);
#1334=VERTEX_POINT('',#4555);
#1335=VERTEX_POINT('',#4559);
#1336=VERTEX_POINT('',#4563);
#1337=VERTEX_POINT('',#4565);
#1338=VERTEX_POINT('',#4569);
#1339=VERTEX_POINT('',#4571);
#1340=VERTEX_POINT('',#4575);
#1341=VERTEX_POINT('',#4576);
#1342=VERTEX_POINT('',#4578);
#1343=VERTEX_POINT('',#4580);
#1344=VERTEX_POINT('',#4584);
#1345=VERTEX_POINT('',#4585);
#1346=VERTEX_POINT('',#4587);
#1347=VERTEX_POINT('',#4589);
#1348=VERTEX_POINT('',#4593);
#1349=VERTEX_POINT('',#4595);
#1350=VERTEX_POINT('',#4599);
#1351=VERTEX_POINT('',#4603);
#1352=VERTEX_POINT('',#4607);
#1353=VERTEX_POINT('',#4609);
#1354=VERTEX_POINT('',#4613);
#1355=VERTEX_POINT('',#4618);
#1356=VERTEX_POINT('',#4622);
#1357=VERTEX_POINT('',#4625);
#1358=VERTEX_POINT('',#4628);
#1359=VERTEX_POINT('',#4629);
#1360=VERTEX_POINT('',#4631);
#1361=VERTEX_POINT('',#4633);
#1362=VERTEX_POINT('',#4639);
#1363=VERTEX_POINT('',#4640);
#1364=VERTEX_POINT('',#4642);
#1365=VERTEX_POINT('',#4644);
#1366=VERTEX_POINT('',#4648);
#1367=VERTEX_POINT('',#4650);
#1368=VERTEX_POINT('',#4652);
#1369=VERTEX_POINT('',#4654);
#1370=VERTEX_POINT('',#4657);
#1371=VERTEX_POINT('',#4660);
#1372=VERTEX_POINT('',#4664);
#1373=VERTEX_POINT('',#4668);
#1374=VERTEX_POINT('',#4672);
#1375=VERTEX_POINT('',#4674);
#1376=VERTEX_POINT('',#4678);
#1377=VERTEX_POINT('',#4683);
#1378=VERTEX_POINT('',#4684);
#1379=VERTEX_POINT('',#4686);
#1380=VERTEX_POINT('',#4688);
#1381=VERTEX_POINT('',#4692);
#1382=VERTEX_POINT('',#4693);
#1383=VERTEX_POINT('',#4695);
#1384=VERTEX_POINT('',#4697);
#1385=VERTEX_POINT('',#4701);
#1386=VERTEX_POINT('',#4702);
#1387=VERTEX_POINT('',#4707);
#1388=VERTEX_POINT('',#4708);
#1389=VERTEX_POINT('',#4716);
#1390=VERTEX_POINT('',#4718);
#1391=VERTEX_POINT('',#4723);
#1392=VERTEX_POINT('',#4725);
#1393=VERTEX_POINT('',#4731);
#1394=VERTEX_POINT('',#4735);
#1395=VERTEX_POINT('',#4737);
#1396=VERTEX_POINT('',#4741);
#1397=VERTEX_POINT('',#4742);
#1398=VERTEX_POINT('',#4744);
#1399=VERTEX_POINT('',#4746);
#1400=VERTEX_POINT('',#4751);
#1401=VERTEX_POINT('',#4753);
#1402=VERTEX_POINT('',#4757);
#1403=VERTEX_POINT('',#4761);
#1404=VERTEX_POINT('',#4770);
#1405=VERTEX_POINT('',#4772);
#1406=VERTEX_POINT('',#4774);
#1407=VERTEX_POINT('',#4776);
#1408=VERTEX_POINT('',#4778);
#1409=VERTEX_POINT('',#4780);
#1410=VERTEX_POINT('',#4782);
#1411=VERTEX_POINT('',#4784);
#1412=VERTEX_POINT('',#4786);
#1413=VERTEX_POINT('',#4788);
#1414=VERTEX_POINT('',#4790);
#1415=VERTEX_POINT('',#4794);
#1416=VERTEX_POINT('',#4798);
#1417=VERTEX_POINT('',#4799);
#1418=VERTEX_POINT('',#4804);
#1419=VERTEX_POINT('',#4808);
#1420=VERTEX_POINT('',#4809);
#1421=VERTEX_POINT('',#4814);
#1422=VERTEX_POINT('',#4818);
#1423=VERTEX_POINT('',#4822);
#1424=VERTEX_POINT('',#4824);
#1425=VERTEX_POINT('',#4833);
#1426=VERTEX_POINT('',#4840);
#1427=VERTEX_POINT('',#4847);
#1428=VERTEX_POINT('',#4851);
#1429=VERTEX_POINT('',#4857);
#1430=VERTEX_POINT('',#4863);
#1431=VERTEX_POINT('',#4870);
#1432=VERTEX_POINT('',#4872);
#1433=VERTEX_POINT('',#4876);
#1434=VERTEX_POINT('',#4877);
#1435=VERTEX_POINT('',#4879);
#1436=VERTEX_POINT('',#4881);
#1437=VERTEX_POINT('',#4885);
#1438=VERTEX_POINT('',#4887);
#1439=VERTEX_POINT('',#4889);
#1440=VERTEX_POINT('',#4891);
#1441=VERTEX_POINT('',#4895);
#1442=VERTEX_POINT('',#4897);
#1443=VERTEX_POINT('',#4899);
#1444=VERTEX_POINT('',#4903);
#1445=VERTEX_POINT('',#4905);
#1446=VERTEX_POINT('',#4909);
#1447=VERTEX_POINT('',#4911);
#1448=VERTEX_POINT('',#4913);
#1449=EDGE_CURVE('',#1173,#1174,#525,.T.);
#1450=EDGE_CURVE('',#1175,#1173,#526,.T.);
#1451=EDGE_CURVE('',#1176,#1175,#527,.T.);
#1452=EDGE_CURVE('',#1174,#1176,#528,.T.);
#1453=EDGE_CURVE('',#1177,#1176,#529,.T.);
#1454=EDGE_CURVE('',#1178,#1175,#530,.T.);
#1455=EDGE_CURVE('',#1179,#1178,#531,.T.);
#1456=EDGE_CURVE('',#1179,#1180,#532,.T.);
#1457=EDGE_CURVE('',#1180,#1181,#533,.T.);
#1458=EDGE_CURVE('',#1181,#1182,#534,.T.);
#1459=EDGE_CURVE('',#1183,#1182,#535,.T.);
#1460=EDGE_CURVE('',#1184,#1183,#93,.T.);
#1461=EDGE_CURVE('',#1185,#1184,#536,.T.);
#1462=EDGE_CURVE('',#1186,#1185,#94,.T.);
#1463=EDGE_CURVE('',#1187,#1186,#537,.T.);
#1464=EDGE_CURVE('',#1187,#1188,#538,.T.);
#1465=EDGE_CURVE('',#1188,#1189,#539,.T.);
#1466=EDGE_CURVE('',#1189,#1190,#540,.T.);
#1467=EDGE_CURVE('',#1191,#1190,#541,.T.);
#1468=EDGE_CURVE('',#1192,#1191,#542,.T.);
#1469=EDGE_CURVE('',#1192,#1193,#543,.T.);
#1470=EDGE_CURVE('',#1193,#1194,#544,.T.);
#1471=EDGE_CURVE('',#1195,#1194,#545,.T.);
#1472=EDGE_CURVE('',#1196,#1195,#546,.T.);
#1473=EDGE_CURVE('',#1196,#1197,#547,.T.);
#1474=EDGE_CURVE('',#1198,#1197,#95,.T.);
#1475=EDGE_CURVE('',#1198,#1199,#548,.T.);
#1476=EDGE_CURVE('',#1200,#1199,#96,.T.);
#1477=EDGE_CURVE('',#1200,#1177,#549,.T.);
#1478=EDGE_CURVE('',#1201,#1177,#550,.T.);
#1479=EDGE_CURVE('',#1174,#1201,#551,.T.);
#1480=EDGE_CURVE('',#1202,#1200,#552,.T.);
#1481=EDGE_CURVE('',#1202,#1201,#553,.T.);
#1482=EDGE_CURVE('',#1173,#1203,#554,.T.);
#1483=EDGE_CURVE('',#1203,#1178,#555,.T.);
#1484=EDGE_CURVE('',#1204,#1179,#556,.T.);
#1485=EDGE_CURVE('',#1204,#1203,#557,.T.);
#1486=EDGE_CURVE('',#1205,#1180,#558,.T.);
#1487=EDGE_CURVE('',#1205,#1204,#559,.T.);
#1488=EDGE_CURVE('',#1206,#1206,#97,.T.);
#1489=EDGE_CURVE('',#1206,#1207,#560,.T.);
#1490=EDGE_CURVE('',#1207,#1207,#98,.T.);
#1491=EDGE_CURVE('',#1208,#1208,#99,.T.);
#1492=EDGE_CURVE('',#1208,#1209,#561,.T.);
#1493=EDGE_CURVE('',#1209,#1209,#100,.T.);
#1494=EDGE_CURVE('',#1210,#1211,#562,.T.);
#1495=EDGE_CURVE('',#1212,#1210,#563,.T.);
#1496=EDGE_CURVE('',#1213,#1212,#564,.T.);
#1497=EDGE_CURVE('',#1211,#1213,#565,.T.);
#1498=EDGE_CURVE('',#1214,#1215,#566,.T.);
#1499=EDGE_CURVE('',#1216,#1214,#567,.T.);
#1500=EDGE_CURVE('',#1217,#1216,#568,.T.);
#1501=EDGE_CURVE('',#1215,#1217,#569,.T.);
#1502=EDGE_CURVE('',#1196,#1216,#570,.T.);
#1503=EDGE_CURVE('',#1217,#1195,#571,.T.);
#1504=EDGE_CURVE('',#1192,#1211,#572,.T.);
#1505=EDGE_CURVE('',#1210,#1191,#573,.T.);
#1506=EDGE_CURVE('',#1211,#1214,#574,.T.);
#1507=EDGE_CURVE('',#1218,#1213,#575,.T.);
#1508=EDGE_CURVE('',#1218,#1219,#576,.T.);
#1509=EDGE_CURVE('',#1219,#1220,#577,.T.);
#1510=EDGE_CURVE('',#1220,#1221,#578,.T.);
#1511=EDGE_CURVE('',#1216,#1221,#579,.T.);
#1512=EDGE_CURVE('',#1194,#1215,#580,.T.);
#1513=EDGE_CURVE('',#1214,#1193,#581,.T.);
#1514=EDGE_CURVE('',#1190,#1212,#582,.T.);
#1515=EDGE_CURVE('',#1213,#1189,#583,.T.);
#1516=EDGE_CURVE('',#1221,#1222,#584,.T.);
#1517=EDGE_CURVE('',#1223,#1222,#585,.T.);
#1518=EDGE_CURVE('',#1224,#1223,#586,.T.);
#1519=EDGE_CURVE('',#1224,#1225,#587,.T.);
#1520=EDGE_CURVE('',#1225,#1226,#588,.T.);
#1521=EDGE_CURVE('',#1226,#1227,#589,.T.);
#1522=EDGE_CURVE('',#1197,#1227,#590,.T.);
#1523=EDGE_CURVE('',#1228,#1229,#591,.T.);
#1524=EDGE_CURVE('',#1229,#1230,#592,.T.);
#1525=EDGE_CURVE('',#1230,#1231,#593,.T.);
#1526=EDGE_CURVE('',#1231,#1228,#594,.T.);
#1527=EDGE_CURVE('',#1232,#1188,#101,.T.);
#1528=EDGE_CURVE('',#1233,#1232,#595,.T.);
#1529=EDGE_CURVE('',#1234,#1233,#596,.T.);
#1530=EDGE_CURVE('',#1234,#1235,#597,.T.);
#1531=EDGE_CURVE('',#1235,#1218,#102,.T.);
#1532=EDGE_CURVE('',#1236,#1236,#103,.T.);
#1533=EDGE_CURVE('',#1236,#1237,#598,.T.);
#1534=EDGE_CURVE('',#1237,#1237,#104,.T.);
#1535=EDGE_CURVE('',#1238,#1239,#105,.T.);
#1536=EDGE_CURVE('',#1239,#1240,#599,.T.);
#1537=EDGE_CURVE('',#1240,#1241,#106,.T.);
#1538=EDGE_CURVE('',#1241,#1238,#600,.T.);
#1539=EDGE_CURVE('',#1242,#1240,#601,.T.);
#1540=EDGE_CURVE('',#1222,#1242,#107,.T.);
#1541=EDGE_CURVE('',#1220,#1241,#602,.T.);
#1542=EDGE_CURVE('',#1239,#1243,#603,.T.);
#1543=EDGE_CURVE('',#1242,#1243,#604,.T.);
#1544=EDGE_CURVE('',#1243,#1223,#108,.T.);
#1545=EDGE_CURVE('',#1244,#1238,#605,.T.);
#1546=EDGE_CURVE('',#1224,#1244,#606,.T.);
#1547=EDGE_CURVE('',#1244,#1245,#607,.T.);
#1548=EDGE_CURVE('',#1245,#1225,#608,.T.);
#1549=EDGE_CURVE('',#1246,#1232,#609,.T.);
#1550=EDGE_CURVE('',#1246,#1187,#109,.T.);
#1551=EDGE_CURVE('',#1235,#1247,#610,.T.);
#1552=EDGE_CURVE('',#1247,#1219,#110,.T.);
#1553=EDGE_CURVE('',#1233,#1248,#611,.T.);
#1554=EDGE_CURVE('',#1248,#1246,#612,.T.);
#1555=EDGE_CURVE('',#1249,#1234,#613,.T.);
#1556=EDGE_CURVE('',#1249,#1247,#614,.T.);
#1557=EDGE_CURVE('',#1248,#1249,#615,.T.);
#1558=EDGE_CURVE('',#1250,#1250,#111,.T.);
#1559=EDGE_CURVE('',#1250,#1251,#616,.T.);
#1560=EDGE_CURVE('',#1251,#1251,#112,.T.);
#1561=EDGE_CURVE('',#1182,#1252,#617,.T.);
#1562=EDGE_CURVE('',#1181,#1253,#618,.T.);
#1563=EDGE_CURVE('',#1252,#1253,#619,.T.);
#1564=EDGE_CURVE('',#1253,#1205,#620,.T.);
#1565=EDGE_CURVE('',#1254,#1252,#621,.T.);
#1566=EDGE_CURVE('',#1183,#1254,#622,.T.);
#1567=EDGE_CURVE('',#1255,#1202,#113,.T.);
#1568=EDGE_CURVE('',#1256,#1255,#623,.T.);
#1569=EDGE_CURVE('',#1227,#1256,#114,.T.);
#1570=EDGE_CURVE('',#1226,#1257,#624,.T.);
#1571=EDGE_CURVE('',#1257,#1258,#625,.T.);
#1572=EDGE_CURVE('',#1259,#1258,#115,.T.);
#1573=EDGE_CURVE('',#1259,#1260,#626,.T.);
#1574=EDGE_CURVE('',#1254,#1260,#116,.T.);
#1575=EDGE_CURVE('',#1261,#1261,#117,.T.);
#1576=EDGE_CURVE('',#1261,#1262,#627,.T.);
#1577=EDGE_CURVE('',#1262,#1262,#118,.T.);
#1578=EDGE_CURVE('',#1263,#1264,#119,.T.);
#1579=EDGE_CURVE('',#1264,#1265,#628,.T.);
#1580=EDGE_CURVE('',#1265,#1266,#120,.T.);
#1581=EDGE_CURVE('',#1266,#1263,#629,.T.);
#1582=EDGE_CURVE('',#1267,#1265,#630,.T.);
#1583=EDGE_CURVE('',#1268,#1267,#121,.T.);
#1584=EDGE_CURVE('',#1229,#1268,#631,.T.);
#1585=EDGE_CURVE('',#1228,#1266,#632,.T.);
#1586=EDGE_CURVE('',#1264,#1269,#633,.T.);
#1587=EDGE_CURVE('',#1267,#1269,#634,.T.);
#1588=EDGE_CURVE('',#1269,#1270,#122,.T.);
#1589=EDGE_CURVE('',#1270,#1268,#635,.T.);
#1590=EDGE_CURVE('',#1230,#1270,#636,.T.);
#1591=EDGE_CURVE('',#1231,#1263,#637,.T.);
#1592=EDGE_CURVE('',#1257,#1271,#638,.T.);
#1593=EDGE_CURVE('',#1226,#1272,#639,.T.);
#1594=EDGE_CURVE('',#1273,#1272,#640,.T.);
#1595=EDGE_CURVE('',#1274,#1273,#123,.T.);
#1596=EDGE_CURVE('',#1275,#1274,#641,.T.);
#1597=EDGE_CURVE('',#1276,#1275,#124,.T.);
#1598=EDGE_CURVE('',#1277,#1276,#642,.T.);
#1599=EDGE_CURVE('',#1277,#1278,#643,.T.);
#1600=EDGE_CURVE('',#1278,#1279,#644,.T.);
#1601=EDGE_CURVE('',#1280,#1279,#125,.T.);
#1602=EDGE_CURVE('',#1280,#1281,#645,.T.);
#1603=EDGE_CURVE('',#1271,#1281,#126,.T.);
#1604=EDGE_CURVE('',#1282,#1225,#646,.T.);
#1605=EDGE_CURVE('',#1272,#1282,#647,.T.);
#1606=EDGE_CURVE('',#1283,#1284,#127,.T.);
#1607=EDGE_CURVE('',#1284,#1280,#648,.T.);
#1608=EDGE_CURVE('',#1279,#1283,#649,.T.);
#1609=EDGE_CURVE('',#1284,#1285,#650,.T.);
#1610=EDGE_CURVE('',#1281,#1285,#651,.T.);
#1611=EDGE_CURVE('',#1286,#1287,#128,.T.);
#1612=EDGE_CURVE('',#1287,#1276,#652,.T.);
#1613=EDGE_CURVE('',#1275,#1286,#653,.T.);
#1614=EDGE_CURVE('',#1288,#1287,#654,.T.);
#1615=EDGE_CURVE('',#1288,#1277,#655,.T.);
#1616=EDGE_CURVE('',#1271,#1289,#656,.T.);
#1617=EDGE_CURVE('',#1285,#1289,#129,.T.);
#1618=EDGE_CURVE('',#1273,#1290,#657,.T.);
#1619=EDGE_CURVE('',#1290,#1291,#130,.T.);
#1620=EDGE_CURVE('',#1291,#1274,#658,.T.);
#1621=EDGE_CURVE('',#1286,#1291,#659,.T.);
#1622=EDGE_CURVE('',#1290,#1282,#660,.T.);
#1623=EDGE_CURVE('',#1289,#1245,#661,.T.);
#1624=EDGE_CURVE('',#1292,#1283,#662,.T.);
#1625=EDGE_CURVE('',#1292,#1288,#663,.T.);
#1626=EDGE_CURVE('',#1278,#1292,#664,.T.);
#1627=EDGE_CURVE('',#1258,#1186,#665,.T.);
#1628=EDGE_CURVE('',#1260,#1184,#666,.T.);
#1629=EDGE_CURVE('',#1185,#1259,#667,.T.);
#1630=EDGE_CURVE('',#1256,#1198,#668,.T.);
#1631=EDGE_CURVE('',#1199,#1255,#669,.T.);
#1632=EDGE_CURVE('',#1293,#1293,#131,.T.);
#1633=EDGE_CURVE('',#1293,#1294,#670,.T.);
#1634=EDGE_CURVE('',#1294,#1294,#132,.T.);
#1635=EDGE_CURVE('',#1295,#1296,#133,.T.);
#1636=EDGE_CURVE('',#1296,#1297,#671,.T.);
#1637=EDGE_CURVE('',#1297,#1298,#134,.T.);
#1638=EDGE_CURVE('',#1298,#1295,#672,.T.);
#1639=EDGE_CURVE('',#1298,#1299,#673,.T.);
#1640=EDGE_CURVE('',#1300,#1299,#135,.T.);
#1641=EDGE_CURVE('',#1301,#1300,#674,.T.);
#1642=EDGE_CURVE('',#1302,#1301,#136,.T.);
#1643=EDGE_CURVE('',#1302,#1295,#675,.T.);
#1644=EDGE_CURVE('',#1303,#1297,#676,.T.);
#1645=EDGE_CURVE('',#1304,#1303,#137,.T.);
#1646=EDGE_CURVE('',#1304,#1305,#677,.T.);
#1647=EDGE_CURVE('',#1299,#1305,#678,.T.);
#1648=EDGE_CURVE('',#1303,#1306,#679,.T.);
#1649=EDGE_CURVE('',#1306,#1307,#138,.T.);
#1650=EDGE_CURVE('',#1307,#1304,#680,.T.);
#1651=EDGE_CURVE('',#1307,#1308,#681,.T.);
#1652=EDGE_CURVE('',#1309,#1308,#139,.T.);
#1653=EDGE_CURVE('',#1310,#1309,#682,.T.);
#1654=EDGE_CURVE('',#1305,#1310,#140,.T.);
#1655=EDGE_CURVE('',#1310,#1300,#683,.T.);
#1656=EDGE_CURVE('',#1301,#1309,#684,.T.);
#1657=EDGE_CURVE('',#1308,#1302,#685,.T.);
#1658=EDGE_CURVE('',#1296,#1306,#686,.T.);
#1659=EDGE_CURVE('',#1311,#1312,#687,.T.);
#1660=EDGE_CURVE('',#1313,#1311,#688,.T.);
#1661=EDGE_CURVE('',#1314,#1313,#689,.T.);
#1662=EDGE_CURVE('',#1312,#1314,#690,.T.);
#1663=EDGE_CURVE('',#1315,#1314,#691,.T.);
#1664=EDGE_CURVE('',#1316,#1313,#692,.T.);
#1665=EDGE_CURVE('',#1317,#1316,#693,.T.);
#1666=EDGE_CURVE('',#1318,#1317,#694,.T.);
#1667=EDGE_CURVE('',#1319,#1318,#695,.T.);
#1668=EDGE_CURVE('',#1320,#1319,#696,.T.);
#1669=EDGE_CURVE('',#1321,#1320,#697,.T.);
#1670=EDGE_CURVE('',#1321,#1322,#141,.T.);
#1671=EDGE_CURVE('',#1323,#1322,#698,.T.);
#1672=EDGE_CURVE('',#1323,#1324,#142,.T.);
#1673=EDGE_CURVE('',#1325,#1324,#699,.T.);
#1674=EDGE_CURVE('',#1326,#1325,#700,.T.);
#1675=EDGE_CURVE('',#1326,#1327,#701,.T.);
#1676=EDGE_CURVE('',#1327,#1328,#143,.T.);
#1677=EDGE_CURVE('',#1328,#1329,#702,.T.);
#1678=EDGE_CURVE('',#1329,#1330,#144,.T.);
#1679=EDGE_CURVE('',#1330,#1315,#703,.T.);
#1680=EDGE_CURVE('',#1331,#1315,#704,.T.);
#1681=EDGE_CURVE('',#1312,#1331,#705,.T.);
#1682=EDGE_CURVE('',#1330,#1332,#706,.T.);
#1683=EDGE_CURVE('',#1332,#1331,#707,.T.);
#1684=EDGE_CURVE('',#1311,#1333,#708,.T.);
#1685=EDGE_CURVE('',#1333,#1316,#709,.T.);
#1686=EDGE_CURVE('',#1317,#1334,#710,.T.);
#1687=EDGE_CURVE('',#1334,#1333,#711,.T.);
#1688=EDGE_CURVE('',#1318,#1335,#712,.T.);
#1689=EDGE_CURVE('',#1334,#1335,#713,.T.);
#1690=EDGE_CURVE('',#1336,#1336,#145,.T.);
#1691=EDGE_CURVE('',#1336,#1337,#714,.T.);
#1692=EDGE_CURVE('',#1337,#1337,#146,.T.);
#1693=EDGE_CURVE('',#1338,#1338,#147,.T.);
#1694=EDGE_CURVE('',#1338,#1339,#715,.T.);
#1695=EDGE_CURVE('',#1339,#1339,#148,.T.);
#1696=EDGE_CURVE('',#1340,#1341,#716,.T.);
#1697=EDGE_CURVE('',#1342,#1340,#717,.T.);
#1698=EDGE_CURVE('',#1343,#1342,#718,.T.);
#1699=EDGE_CURVE('',#1341,#1343,#719,.T.);
#1700=EDGE_CURVE('',#1344,#1345,#720,.T.);
#1701=EDGE_CURVE('',#1346,#1344,#721,.T.);
#1702=EDGE_CURVE('',#1347,#1346,#722,.T.);
#1703=EDGE_CURVE('',#1345,#1347,#723,.T.);
#1704=EDGE_CURVE('',#1348,#1346,#724,.T.);
#1705=EDGE_CURVE('',#1349,#1348,#725,.T.);
#1706=EDGE_CURVE('',#1347,#1349,#726,.T.);
#1707=EDGE_CURVE('',#1344,#1350,#727,.T.);
#1708=EDGE_CURVE('',#1350,#1348,#728,.T.);
#1709=EDGE_CURVE('',#1351,#1345,#729,.T.);
#1710=EDGE_CURVE('',#1351,#1350,#730,.T.);
#1711=EDGE_CURVE('',#1343,#1352,#731,.T.);
#1712=EDGE_CURVE('',#1352,#1353,#732,.T.);
#1713=EDGE_CURVE('',#1353,#1341,#733,.T.);
#1714=EDGE_CURVE('',#1354,#1342,#734,.T.);
#1715=EDGE_CURVE('',#1354,#1352,#735,.T.);
#1716=EDGE_CURVE('',#1340,#1345,#736,.T.);
#1717=EDGE_CURVE('',#1340,#1355,#737,.T.);
#1718=EDGE_CURVE('',#1355,#1351,#738,.T.);
#1719=EDGE_CURVE('',#1349,#1356,#739,.T.);
#1720=EDGE_CURVE('',#1356,#1327,#740,.T.);
#1721=EDGE_CURVE('',#1357,#1326,#741,.T.);
#1722=EDGE_CURVE('',#1347,#1357,#742,.T.);
#1723=EDGE_CURVE('',#1358,#1359,#743,.T.);
#1724=EDGE_CURVE('',#1360,#1358,#744,.T.);
#1725=EDGE_CURVE('',#1361,#1360,#745,.T.);
#1726=EDGE_CURVE('',#1359,#1361,#746,.T.);
#1727=EDGE_CURVE('',#1355,#1353,#747,.T.);
#1728=EDGE_CURVE('',#1362,#1363,#149,.T.);
#1729=EDGE_CURVE('',#1363,#1364,#748,.T.);
#1730=EDGE_CURVE('',#1364,#1365,#150,.T.);
#1731=EDGE_CURVE('',#1365,#1362,#749,.T.);
#1732=EDGE_CURVE('',#1366,#1362,#750,.T.);
#1733=EDGE_CURVE('',#1367,#1366,#151,.T.);
#1734=EDGE_CURVE('',#1368,#1367,#751,.T.);
#1735=EDGE_CURVE('',#1369,#1368,#752,.T.);
#1736=EDGE_CURVE('',#1369,#1363,#753,.T.);
#1737=EDGE_CURVE('',#1370,#1370,#152,.T.);
#1738=EDGE_CURVE('',#1365,#1371,#754,.T.);
#1739=EDGE_CURVE('',#1366,#1371,#755,.T.);
#1740=EDGE_CURVE('',#1371,#1372,#153,.T.);
#1741=EDGE_CURVE('',#1372,#1367,#756,.T.);
#1742=EDGE_CURVE('',#1373,#1373,#154,.T.);
#1743=EDGE_CURVE('',#1373,#1370,#757,.T.);
#1744=EDGE_CURVE('',#1374,#1364,#758,.T.);
#1745=EDGE_CURVE('',#1375,#1374,#759,.T.);
#1746=EDGE_CURVE('',#1375,#1372,#760,.T.);
#1747=EDGE_CURVE('',#1376,#1357,#761,.T.);
#1748=EDGE_CURVE('',#1369,#1376,#762,.T.);
#1749=EDGE_CURVE('',#1368,#1342,#763,.T.);
#1750=EDGE_CURVE('',#1377,#1378,#764,.T.);
#1751=EDGE_CURVE('',#1377,#1379,#155,.T.);
#1752=EDGE_CURVE('',#1379,#1380,#765,.T.);
#1753=EDGE_CURVE('',#1378,#1380,#156,.T.);
#1754=EDGE_CURVE('',#1381,#1382,#766,.T.);
#1755=EDGE_CURVE('',#1381,#1383,#157,.T.);
#1756=EDGE_CURVE('',#1383,#1384,#767,.T.);
#1757=EDGE_CURVE('',#1382,#1384,#158,.T.);
#1758=EDGE_CURVE('',#1385,#1386,#768,.T.);
#1759=EDGE_CURVE('',#1386,#1377,#769,.T.);
#1760=EDGE_CURVE('',#1385,#1378,#770,.T.);
#1761=EDGE_CURVE('',#1387,#1388,#771,.T.);
#1762=EDGE_CURVE('',#1388,#1381,#772,.T.);
#1763=EDGE_CURVE('',#1387,#1382,#773,.T.);
#1764=EDGE_CURVE('',#1386,#1387,#774,.T.);
#1765=EDGE_CURVE('',#1388,#1385,#775,.T.);
#1766=EDGE_CURVE('',#1389,#1389,#159,.T.);
#1767=EDGE_CURVE('',#1389,#1390,#776,.T.);
#1768=EDGE_CURVE('',#1390,#1390,#160,.T.);
#1769=EDGE_CURVE('',#1391,#1320,#777,.T.);
#1770=EDGE_CURVE('',#1392,#1319,#778,.T.);
#1771=EDGE_CURVE('',#1392,#1391,#779,.T.);
#1772=EDGE_CURVE('',#1335,#1392,#780,.T.);
#1773=EDGE_CURVE('',#1393,#1391,#781,.T.);
#1774=EDGE_CURVE('',#1393,#1321,#782,.T.);
#1775=EDGE_CURVE('',#1394,#1394,#161,.T.);
#1776=EDGE_CURVE('',#1394,#1395,#783,.T.);
#1777=EDGE_CURVE('',#1395,#1395,#162,.T.);
#1778=EDGE_CURVE('',#1396,#1397,#163,.T.);
#1779=EDGE_CURVE('',#1398,#1396,#784,.T.);
#1780=EDGE_CURVE('',#1399,#1398,#164,.T.);
#1781=EDGE_CURVE('',#1397,#1399,#785,.T.);
#1782=EDGE_CURVE('',#1358,#1398,#786,.T.);
#1783=EDGE_CURVE('',#1359,#1400,#787,.T.);
#1784=EDGE_CURVE('',#1400,#1401,#165,.T.);
#1785=EDGE_CURVE('',#1401,#1399,#788,.T.);
#1786=EDGE_CURVE('',#1401,#1402,#789,.T.);
#1787=EDGE_CURVE('',#1397,#1402,#790,.T.);
#1788=EDGE_CURVE('',#1403,#1400,#791,.T.);
#1789=EDGE_CURVE('',#1402,#1403,#166,.T.);
#1790=EDGE_CURVE('',#1361,#1403,#792,.T.);
#1791=EDGE_CURVE('',#1360,#1396,#793,.T.);
#1792=EDGE_CURVE('',#1325,#1404,#794,.T.);
#1793=EDGE_CURVE('',#1404,#1405,#167,.T.);
#1794=EDGE_CURVE('',#1406,#1405,#795,.T.);
#1795=EDGE_CURVE('',#1406,#1407,#168,.T.);
#1796=EDGE_CURVE('',#1408,#1407,#796,.T.);
#1797=EDGE_CURVE('',#1409,#1408,#797,.T.);
#1798=EDGE_CURVE('',#1409,#1410,#798,.T.);
#1799=EDGE_CURVE('',#1410,#1411,#169,.T.);
#1800=EDGE_CURVE('',#1411,#1412,#799,.T.);
#1801=EDGE_CURVE('',#1412,#1413,#170,.T.);
#1802=EDGE_CURVE('',#1413,#1414,#800,.T.);
#1803=EDGE_CURVE('',#1326,#1414,#801,.T.);
#1804=EDGE_CURVE('',#1414,#1415,#802,.T.);
#1805=EDGE_CURVE('',#1415,#1357,#803,.T.);
#1806=EDGE_CURVE('',#1416,#1417,#171,.T.);
#1807=EDGE_CURVE('',#1407,#1416,#804,.T.);
#1808=EDGE_CURVE('',#1417,#1406,#805,.T.);
#1809=EDGE_CURVE('',#1405,#1418,#806,.T.);
#1810=EDGE_CURVE('',#1417,#1418,#807,.T.);
#1811=EDGE_CURVE('',#1419,#1420,#172,.T.);
#1812=EDGE_CURVE('',#1411,#1419,#808,.T.);
#1813=EDGE_CURVE('',#1420,#1410,#809,.T.);
#1814=EDGE_CURVE('',#1421,#1409,#810,.T.);
#1815=EDGE_CURVE('',#1421,#1420,#811,.T.);
#1816=EDGE_CURVE('',#1404,#1422,#812,.T.);
#1817=EDGE_CURVE('',#1418,#1422,#173,.T.);
#1818=EDGE_CURVE('',#1423,#1412,#813,.T.);
#1819=EDGE_CURVE('',#1424,#1423,#174,.T.);
#1820=EDGE_CURVE('',#1413,#1424,#814,.T.);
#1821=EDGE_CURVE('',#1419,#1423,#815,.T.);
#1822=EDGE_CURVE('',#1424,#1415,#816,.T.);
#1823=EDGE_CURVE('',#1422,#1376,#817,.T.);
#1824=EDGE_CURVE('',#1425,#1421,#818,.T.);
#1825=EDGE_CURVE('',#1425,#1416,#819,.T.);
#1826=EDGE_CURVE('',#1408,#1425,#820,.T.);
#1827=EDGE_CURVE('',#1324,#1426,#821,.T.);
#1828=EDGE_CURVE('',#1379,#1426,#822,.T.);
#1829=EDGE_CURVE('',#1384,#1374,#823,.T.);
#1830=EDGE_CURVE('',#1383,#1375,#824,.T.);
#1831=EDGE_CURVE('',#1427,#1393,#175,.T.);
#1832=EDGE_CURVE('',#1322,#1427,#825,.T.);
#1833=EDGE_CURVE('',#1428,#1427,#826,.T.);
#1834=EDGE_CURVE('',#1428,#1323,#827,.T.);
#1835=EDGE_CURVE('',#1426,#1428,#176,.T.);
#1836=EDGE_CURVE('',#1429,#1356,#177,.T.);
#1837=EDGE_CURVE('',#1328,#1429,#828,.T.);
#1838=EDGE_CURVE('',#1380,#1354,#829,.T.);
#1839=EDGE_CURVE('',#1332,#1430,#178,.T.);
#1840=EDGE_CURVE('',#1430,#1329,#830,.T.);
#1841=EDGE_CURVE('',#1429,#1430,#831,.T.);
#1842=EDGE_CURVE('',#1431,#1431,#179,.T.);
#1843=EDGE_CURVE('',#1431,#1432,#832,.T.);
#1844=EDGE_CURVE('',#1432,#1432,#180,.T.);
#1845=EDGE_CURVE('',#1433,#1434,#181,.T.);
#1846=EDGE_CURVE('',#1435,#1433,#833,.T.);
#1847=EDGE_CURVE('',#1436,#1435,#182,.T.);
#1848=EDGE_CURVE('',#1434,#1436,#834,.T.);
#1849=EDGE_CURVE('',#1437,#1433,#835,.T.);
#1850=EDGE_CURVE('',#1437,#1438,#183,.T.);
#1851=EDGE_CURVE('',#1438,#1439,#836,.T.);
#1852=EDGE_CURVE('',#1439,#1440,#184,.T.);
#1853=EDGE_CURVE('',#1435,#1440,#837,.T.);
#1854=EDGE_CURVE('',#1440,#1441,#838,.T.);
#1855=EDGE_CURVE('',#1442,#1441,#839,.T.);
#1856=EDGE_CURVE('',#1442,#1443,#185,.T.);
#1857=EDGE_CURVE('',#1443,#1436,#840,.T.);
#1858=EDGE_CURVE('',#1444,#1442,#841,.T.);
#1859=EDGE_CURVE('',#1445,#1444,#186,.T.);
#1860=EDGE_CURVE('',#1443,#1445,#842,.T.);
#1861=EDGE_CURVE('',#1441,#1446,#187,.T.);
#1862=EDGE_CURVE('',#1446,#1447,#843,.T.);
#1863=EDGE_CURVE('',#1447,#1448,#188,.T.);
#1864=EDGE_CURVE('',#1444,#1448,#844,.T.);
#1865=EDGE_CURVE('',#1446,#1439,#845,.T.);
#1866=EDGE_CURVE('',#1438,#1447,#846,.T.);
#1867=EDGE_CURVE('',#1448,#1437,#847,.T.);
#1868=EDGE_CURVE('',#1434,#1445,#848,.T.);
#1869=ORIENTED_EDGE('',*,*,#1449,.F.);
#1870=ORIENTED_EDGE('',*,*,#1450,.F.);
#1871=ORIENTED_EDGE('',*,*,#1451,.F.);
#1872=ORIENTED_EDGE('',*,*,#1452,.F.);
#1873=ORIENTED_EDGE('',*,*,#1453,.T.);
#1874=ORIENTED_EDGE('',*,*,#1451,.T.);
#1875=ORIENTED_EDGE('',*,*,#1454,.F.);
#1876=ORIENTED_EDGE('',*,*,#1455,.F.);
#1877=ORIENTED_EDGE('',*,*,#1456,.T.);
#1878=ORIENTED_EDGE('',*,*,#1457,.T.);
#1879=ORIENTED_EDGE('',*,*,#1458,.T.);
#1880=ORIENTED_EDGE('',*,*,#1459,.F.);
#1881=ORIENTED_EDGE('',*,*,#1460,.F.);
#1882=ORIENTED_EDGE('',*,*,#1461,.F.);
#1883=ORIENTED_EDGE('',*,*,#1462,.F.);
#1884=ORIENTED_EDGE('',*,*,#1463,.F.);
#1885=ORIENTED_EDGE('',*,*,#1464,.T.);
#1886=ORIENTED_EDGE('',*,*,#1465,.T.);
#1887=ORIENTED_EDGE('',*,*,#1466,.T.);
#1888=ORIENTED_EDGE('',*,*,#1467,.F.);
#1889=ORIENTED_EDGE('',*,*,#1468,.F.);
#1890=ORIENTED_EDGE('',*,*,#1469,.T.);
#1891=ORIENTED_EDGE('',*,*,#1470,.T.);
#1892=ORIENTED_EDGE('',*,*,#1471,.F.);
#1893=ORIENTED_EDGE('',*,*,#1472,.F.);
#1894=ORIENTED_EDGE('',*,*,#1473,.T.);
#1895=ORIENTED_EDGE('',*,*,#1474,.F.);
#1896=ORIENTED_EDGE('',*,*,#1475,.T.);
#1897=ORIENTED_EDGE('',*,*,#1476,.F.);
#1898=ORIENTED_EDGE('',*,*,#1477,.T.);
#1899=ORIENTED_EDGE('',*,*,#1453,.F.);
#1900=ORIENTED_EDGE('',*,*,#1478,.F.);
#1901=ORIENTED_EDGE('',*,*,#1479,.F.);
#1902=ORIENTED_EDGE('',*,*,#1452,.T.);
#1903=ORIENTED_EDGE('',*,*,#1478,.T.);
#1904=ORIENTED_EDGE('',*,*,#1477,.F.);
#1905=ORIENTED_EDGE('',*,*,#1480,.F.);
#1906=ORIENTED_EDGE('',*,*,#1481,.T.);
#1907=ORIENTED_EDGE('',*,*,#1450,.T.);
#1908=ORIENTED_EDGE('',*,*,#1482,.T.);
#1909=ORIENTED_EDGE('',*,*,#1483,.T.);
#1910=ORIENTED_EDGE('',*,*,#1454,.T.);
#1911=ORIENTED_EDGE('',*,*,#1484,.T.);
#1912=ORIENTED_EDGE('',*,*,#1455,.T.);
#1913=ORIENTED_EDGE('',*,*,#1483,.F.);
#1914=ORIENTED_EDGE('',*,*,#1485,.F.);
#1915=ORIENTED_EDGE('',*,*,#1486,.T.);
#1916=ORIENTED_EDGE('',*,*,#1456,.F.);
#1917=ORIENTED_EDGE('',*,*,#1484,.F.);
#1918=ORIENTED_EDGE('',*,*,#1487,.F.);
#1919=ORIENTED_EDGE('',*,*,#1488,.F.);
#1920=ORIENTED_EDGE('',*,*,#1489,.T.);
#1921=ORIENTED_EDGE('',*,*,#1490,.F.);
#1922=ORIENTED_EDGE('',*,*,#1489,.F.);
#1923=ORIENTED_EDGE('',*,*,#1491,.F.);
#1924=ORIENTED_EDGE('',*,*,#1492,.T.);
#1925=ORIENTED_EDGE('',*,*,#1493,.F.);
#1926=ORIENTED_EDGE('',*,*,#1492,.F.);
#1927=ORIENTED_EDGE('',*,*,#1494,.F.);
#1928=ORIENTED_EDGE('',*,*,#1495,.F.);
#1929=ORIENTED_EDGE('',*,*,#1496,.F.);
#1930=ORIENTED_EDGE('',*,*,#1497,.F.);
#1931=ORIENTED_EDGE('',*,*,#1498,.F.);
#1932=ORIENTED_EDGE('',*,*,#1499,.F.);
#1933=ORIENTED_EDGE('',*,*,#1500,.F.);
#1934=ORIENTED_EDGE('',*,*,#1501,.F.);
#1935=ORIENTED_EDGE('',*,*,#1500,.T.);
#1936=ORIENTED_EDGE('',*,*,#1502,.F.);
#1937=ORIENTED_EDGE('',*,*,#1472,.T.);
#1938=ORIENTED_EDGE('',*,*,#1503,.F.);
#1939=ORIENTED_EDGE('',*,*,#1490,.T.);
#1940=ORIENTED_EDGE('',*,*,#1494,.T.);
#1941=ORIENTED_EDGE('',*,*,#1504,.F.);
#1942=ORIENTED_EDGE('',*,*,#1468,.T.);
#1943=ORIENTED_EDGE('',*,*,#1505,.F.);
#1944=ORIENTED_EDGE('',*,*,#1493,.T.);
#1945=ORIENTED_EDGE('',*,*,#1499,.T.);
#1946=ORIENTED_EDGE('',*,*,#1506,.F.);
#1947=ORIENTED_EDGE('',*,*,#1497,.T.);
#1948=ORIENTED_EDGE('',*,*,#1507,.F.);
#1949=ORIENTED_EDGE('',*,*,#1508,.T.);
#1950=ORIENTED_EDGE('',*,*,#1509,.T.);
#1951=ORIENTED_EDGE('',*,*,#1510,.T.);
#1952=ORIENTED_EDGE('',*,*,#1511,.F.);
#1953=ORIENTED_EDGE('',*,*,#1498,.T.);
#1954=ORIENTED_EDGE('',*,*,#1512,.F.);
#1955=ORIENTED_EDGE('',*,*,#1470,.F.);
#1956=ORIENTED_EDGE('',*,*,#1513,.F.);
#1957=ORIENTED_EDGE('',*,*,#1488,.T.);
#1958=ORIENTED_EDGE('',*,*,#1501,.T.);
#1959=ORIENTED_EDGE('',*,*,#1503,.T.);
#1960=ORIENTED_EDGE('',*,*,#1471,.T.);
#1961=ORIENTED_EDGE('',*,*,#1512,.T.);
#1962=ORIENTED_EDGE('',*,*,#1513,.T.);
#1963=ORIENTED_EDGE('',*,*,#1469,.F.);
#1964=ORIENTED_EDGE('',*,*,#1504,.T.);
#1965=ORIENTED_EDGE('',*,*,#1506,.T.);
#1966=ORIENTED_EDGE('',*,*,#1496,.T.);
#1967=ORIENTED_EDGE('',*,*,#1514,.F.);
#1968=ORIENTED_EDGE('',*,*,#1466,.F.);
#1969=ORIENTED_EDGE('',*,*,#1515,.F.);
#1970=ORIENTED_EDGE('',*,*,#1491,.T.);
#1971=ORIENTED_EDGE('',*,*,#1495,.T.);
#1972=ORIENTED_EDGE('',*,*,#1505,.T.);
#1973=ORIENTED_EDGE('',*,*,#1467,.T.);
#1974=ORIENTED_EDGE('',*,*,#1514,.T.);
#1975=ORIENTED_EDGE('',*,*,#1502,.T.);
#1976=ORIENTED_EDGE('',*,*,#1511,.T.);
#1977=ORIENTED_EDGE('',*,*,#1516,.T.);
#1978=ORIENTED_EDGE('',*,*,#1517,.F.);
#1979=ORIENTED_EDGE('',*,*,#1518,.F.);
#1980=ORIENTED_EDGE('',*,*,#1519,.T.);
#1981=ORIENTED_EDGE('',*,*,#1520,.T.);
#1982=ORIENTED_EDGE('',*,*,#1521,.T.);
#1983=ORIENTED_EDGE('',*,*,#1522,.F.);
#1984=ORIENTED_EDGE('',*,*,#1473,.F.);
#1985=ORIENTED_EDGE('',*,*,#1523,.T.);
#1986=ORIENTED_EDGE('',*,*,#1524,.T.);
#1987=ORIENTED_EDGE('',*,*,#1525,.T.);
#1988=ORIENTED_EDGE('',*,*,#1526,.T.);
#1989=ORIENTED_EDGE('',*,*,#1515,.T.);
#1990=ORIENTED_EDGE('',*,*,#1465,.F.);
#1991=ORIENTED_EDGE('',*,*,#1527,.F.);
#1992=ORIENTED_EDGE('',*,*,#1528,.F.);
#1993=ORIENTED_EDGE('',*,*,#1529,.F.);
#1994=ORIENTED_EDGE('',*,*,#1530,.T.);
#1995=ORIENTED_EDGE('',*,*,#1531,.T.);
#1996=ORIENTED_EDGE('',*,*,#1507,.T.);
#1997=ORIENTED_EDGE('',*,*,#1532,.F.);
#1998=ORIENTED_EDGE('',*,*,#1533,.T.);
#1999=ORIENTED_EDGE('',*,*,#1534,.F.);
#2000=ORIENTED_EDGE('',*,*,#1533,.F.);
#2001=ORIENTED_EDGE('',*,*,#1535,.T.);
#2002=ORIENTED_EDGE('',*,*,#1536,.T.);
#2003=ORIENTED_EDGE('',*,*,#1537,.T.);
#2004=ORIENTED_EDGE('',*,*,#1538,.T.);
#2005=ORIENTED_EDGE('',*,*,#1537,.F.);
#2006=ORIENTED_EDGE('',*,*,#1539,.F.);
#2007=ORIENTED_EDGE('',*,*,#1540,.F.);
#2008=ORIENTED_EDGE('',*,*,#1516,.F.);
#2009=ORIENTED_EDGE('',*,*,#1510,.F.);
#2010=ORIENTED_EDGE('',*,*,#1541,.T.);
#2011=ORIENTED_EDGE('',*,*,#1532,.T.);
#2012=ORIENTED_EDGE('',*,*,#1536,.F.);
#2013=ORIENTED_EDGE('',*,*,#1542,.T.);
#2014=ORIENTED_EDGE('',*,*,#1543,.F.);
#2015=ORIENTED_EDGE('',*,*,#1539,.T.);
#2016=ORIENTED_EDGE('',*,*,#1544,.T.);
#2017=ORIENTED_EDGE('',*,*,#1517,.T.);
#2018=ORIENTED_EDGE('',*,*,#1540,.T.);
#2019=ORIENTED_EDGE('',*,*,#1543,.T.);
#2020=ORIENTED_EDGE('',*,*,#1535,.F.);
#2021=ORIENTED_EDGE('',*,*,#1545,.F.);
#2022=ORIENTED_EDGE('',*,*,#1546,.F.);
#2023=ORIENTED_EDGE('',*,*,#1518,.T.);
#2024=ORIENTED_EDGE('',*,*,#1544,.F.);
#2025=ORIENTED_EDGE('',*,*,#1542,.F.);
#2026=ORIENTED_EDGE('',*,*,#1534,.T.);
#2027=ORIENTED_EDGE('',*,*,#1546,.T.);
#2028=ORIENTED_EDGE('',*,*,#1547,.T.);
#2029=ORIENTED_EDGE('',*,*,#1548,.T.);
#2030=ORIENTED_EDGE('',*,*,#1519,.F.);
#2031=ORIENTED_EDGE('',*,*,#1549,.T.);
#2032=ORIENTED_EDGE('',*,*,#1527,.T.);
#2033=ORIENTED_EDGE('',*,*,#1464,.F.);
#2034=ORIENTED_EDGE('',*,*,#1550,.F.);
#2035=ORIENTED_EDGE('',*,*,#1551,.T.);
#2036=ORIENTED_EDGE('',*,*,#1552,.T.);
#2037=ORIENTED_EDGE('',*,*,#1508,.F.);
#2038=ORIENTED_EDGE('',*,*,#1531,.F.);
#2039=ORIENTED_EDGE('',*,*,#1553,.F.);
#2040=ORIENTED_EDGE('',*,*,#1528,.T.);
#2041=ORIENTED_EDGE('',*,*,#1549,.F.);
#2042=ORIENTED_EDGE('',*,*,#1554,.F.);
#2043=ORIENTED_EDGE('',*,*,#1555,.F.);
#2044=ORIENTED_EDGE('',*,*,#1556,.T.);
#2045=ORIENTED_EDGE('',*,*,#1551,.F.);
#2046=ORIENTED_EDGE('',*,*,#1530,.F.);
#2047=ORIENTED_EDGE('',*,*,#1555,.T.);
#2048=ORIENTED_EDGE('',*,*,#1529,.T.);
#2049=ORIENTED_EDGE('',*,*,#1553,.T.);
#2050=ORIENTED_EDGE('',*,*,#1557,.T.);
#2051=ORIENTED_EDGE('',*,*,#1558,.F.);
#2052=ORIENTED_EDGE('',*,*,#1559,.T.);
#2053=ORIENTED_EDGE('',*,*,#1560,.F.);
#2054=ORIENTED_EDGE('',*,*,#1559,.F.);
#2055=ORIENTED_EDGE('',*,*,#1558,.T.);
#2056=ORIENTED_EDGE('',*,*,#1561,.F.);
#2057=ORIENTED_EDGE('',*,*,#1458,.F.);
#2058=ORIENTED_EDGE('',*,*,#1562,.T.);
#2059=ORIENTED_EDGE('',*,*,#1563,.F.);
#2060=ORIENTED_EDGE('',*,*,#1564,.F.);
#2061=ORIENTED_EDGE('',*,*,#1562,.F.);
#2062=ORIENTED_EDGE('',*,*,#1457,.F.);
#2063=ORIENTED_EDGE('',*,*,#1486,.F.);
#2064=ORIENTED_EDGE('',*,*,#1560,.T.);
#2065=ORIENTED_EDGE('',*,*,#1561,.T.);
#2066=ORIENTED_EDGE('',*,*,#1565,.F.);
#2067=ORIENTED_EDGE('',*,*,#1566,.F.);
#2068=ORIENTED_EDGE('',*,*,#1459,.T.);
#2069=ORIENTED_EDGE('',*,*,#1479,.T.);
#2070=ORIENTED_EDGE('',*,*,#1481,.F.);
#2071=ORIENTED_EDGE('',*,*,#1567,.F.);
#2072=ORIENTED_EDGE('',*,*,#1568,.F.);
#2073=ORIENTED_EDGE('',*,*,#1569,.F.);
#2074=ORIENTED_EDGE('',*,*,#1521,.F.);
#2075=ORIENTED_EDGE('',*,*,#1570,.T.);
#2076=ORIENTED_EDGE('',*,*,#1571,.T.);
#2077=ORIENTED_EDGE('',*,*,#1572,.F.);
#2078=ORIENTED_EDGE('',*,*,#1573,.T.);
#2079=ORIENTED_EDGE('',*,*,#1574,.F.);
#2080=ORIENTED_EDGE('',*,*,#1565,.T.);
#2081=ORIENTED_EDGE('',*,*,#1563,.T.);
#2082=ORIENTED_EDGE('',*,*,#1564,.T.);
#2083=ORIENTED_EDGE('',*,*,#1487,.T.);
#2084=ORIENTED_EDGE('',*,*,#1485,.T.);
#2085=ORIENTED_EDGE('',*,*,#1482,.F.);
#2086=ORIENTED_EDGE('',*,*,#1449,.T.);
#2087=ORIENTED_EDGE('',*,*,#1575,.F.);
#2088=ORIENTED_EDGE('',*,*,#1576,.T.);
#2089=ORIENTED_EDGE('',*,*,#1577,.F.);
#2090=ORIENTED_EDGE('',*,*,#1576,.F.);
#2091=ORIENTED_EDGE('',*,*,#1578,.T.);
#2092=ORIENTED_EDGE('',*,*,#1579,.T.);
#2093=ORIENTED_EDGE('',*,*,#1580,.T.);
#2094=ORIENTED_EDGE('',*,*,#1581,.T.);
#2095=ORIENTED_EDGE('',*,*,#1580,.F.);
#2096=ORIENTED_EDGE('',*,*,#1582,.F.);
#2097=ORIENTED_EDGE('',*,*,#1583,.F.);
#2098=ORIENTED_EDGE('',*,*,#1584,.F.);
#2099=ORIENTED_EDGE('',*,*,#1523,.F.);
#2100=ORIENTED_EDGE('',*,*,#1585,.T.);
#2101=ORIENTED_EDGE('',*,*,#1575,.T.);
#2102=ORIENTED_EDGE('',*,*,#1579,.F.);
#2103=ORIENTED_EDGE('',*,*,#1586,.T.);
#2104=ORIENTED_EDGE('',*,*,#1587,.F.);
#2105=ORIENTED_EDGE('',*,*,#1582,.T.);
#2106=ORIENTED_EDGE('',*,*,#1583,.T.);
#2107=ORIENTED_EDGE('',*,*,#1587,.T.);
#2108=ORIENTED_EDGE('',*,*,#1588,.T.);
#2109=ORIENTED_EDGE('',*,*,#1589,.T.);
#2110=ORIENTED_EDGE('',*,*,#1589,.F.);
#2111=ORIENTED_EDGE('',*,*,#1590,.F.);
#2112=ORIENTED_EDGE('',*,*,#1524,.F.);
#2113=ORIENTED_EDGE('',*,*,#1584,.T.);
#2114=ORIENTED_EDGE('',*,*,#1578,.F.);
#2115=ORIENTED_EDGE('',*,*,#1591,.F.);
#2116=ORIENTED_EDGE('',*,*,#1525,.F.);
#2117=ORIENTED_EDGE('',*,*,#1590,.T.);
#2118=ORIENTED_EDGE('',*,*,#1588,.F.);
#2119=ORIENTED_EDGE('',*,*,#1586,.F.);
#2120=ORIENTED_EDGE('',*,*,#1577,.T.);
#2121=ORIENTED_EDGE('',*,*,#1581,.F.);
#2122=ORIENTED_EDGE('',*,*,#1585,.F.);
#2123=ORIENTED_EDGE('',*,*,#1526,.F.);
#2124=ORIENTED_EDGE('',*,*,#1591,.T.);
#2125=ORIENTED_EDGE('',*,*,#1592,.F.);
#2126=ORIENTED_EDGE('',*,*,#1570,.F.);
#2127=ORIENTED_EDGE('',*,*,#1593,.T.);
#2128=ORIENTED_EDGE('',*,*,#1594,.F.);
#2129=ORIENTED_EDGE('',*,*,#1595,.F.);
#2130=ORIENTED_EDGE('',*,*,#1596,.F.);
#2131=ORIENTED_EDGE('',*,*,#1597,.F.);
#2132=ORIENTED_EDGE('',*,*,#1598,.F.);
#2133=ORIENTED_EDGE('',*,*,#1599,.T.);
#2134=ORIENTED_EDGE('',*,*,#1600,.T.);
#2135=ORIENTED_EDGE('',*,*,#1601,.F.);
#2136=ORIENTED_EDGE('',*,*,#1602,.T.);
#2137=ORIENTED_EDGE('',*,*,#1603,.F.);
#2138=ORIENTED_EDGE('',*,*,#1520,.F.);
#2139=ORIENTED_EDGE('',*,*,#1604,.F.);
#2140=ORIENTED_EDGE('',*,*,#1605,.F.);
#2141=ORIENTED_EDGE('',*,*,#1593,.F.);
#2142=ORIENTED_EDGE('',*,*,#1606,.T.);
#2143=ORIENTED_EDGE('',*,*,#1607,.T.);
#2144=ORIENTED_EDGE('',*,*,#1601,.T.);
#2145=ORIENTED_EDGE('',*,*,#1608,.T.);
#2146=ORIENTED_EDGE('',*,*,#1607,.F.);
#2147=ORIENTED_EDGE('',*,*,#1609,.T.);
#2148=ORIENTED_EDGE('',*,*,#1610,.F.);
#2149=ORIENTED_EDGE('',*,*,#1602,.F.);
#2150=ORIENTED_EDGE('',*,*,#1611,.T.);
#2151=ORIENTED_EDGE('',*,*,#1612,.T.);
#2152=ORIENTED_EDGE('',*,*,#1597,.T.);
#2153=ORIENTED_EDGE('',*,*,#1613,.T.);
#2154=ORIENTED_EDGE('',*,*,#1612,.F.);
#2155=ORIENTED_EDGE('',*,*,#1614,.F.);
#2156=ORIENTED_EDGE('',*,*,#1615,.T.);
#2157=ORIENTED_EDGE('',*,*,#1598,.T.);
#2158=ORIENTED_EDGE('',*,*,#1616,.F.);
#2159=ORIENTED_EDGE('',*,*,#1603,.T.);
#2160=ORIENTED_EDGE('',*,*,#1610,.T.);
#2161=ORIENTED_EDGE('',*,*,#1617,.T.);
#2162=ORIENTED_EDGE('',*,*,#1595,.T.);
#2163=ORIENTED_EDGE('',*,*,#1618,.T.);
#2164=ORIENTED_EDGE('',*,*,#1619,.T.);
#2165=ORIENTED_EDGE('',*,*,#1620,.T.);
#2166=ORIENTED_EDGE('',*,*,#1613,.F.);
#2167=ORIENTED_EDGE('',*,*,#1596,.T.);
#2168=ORIENTED_EDGE('',*,*,#1620,.F.);
#2169=ORIENTED_EDGE('',*,*,#1621,.F.);
#2170=ORIENTED_EDGE('',*,*,#1605,.T.);
#2171=ORIENTED_EDGE('',*,*,#1622,.F.);
#2172=ORIENTED_EDGE('',*,*,#1618,.F.);
#2173=ORIENTED_EDGE('',*,*,#1594,.T.);
#2174=ORIENTED_EDGE('',*,*,#1623,.F.);
#2175=ORIENTED_EDGE('',*,*,#1617,.F.);
#2176=ORIENTED_EDGE('',*,*,#1609,.F.);
#2177=ORIENTED_EDGE('',*,*,#1606,.F.);
#2178=ORIENTED_EDGE('',*,*,#1624,.F.);
#2179=ORIENTED_EDGE('',*,*,#1625,.T.);
#2180=ORIENTED_EDGE('',*,*,#1614,.T.);
#2181=ORIENTED_EDGE('',*,*,#1611,.F.);
#2182=ORIENTED_EDGE('',*,*,#1621,.T.);
#2183=ORIENTED_EDGE('',*,*,#1619,.F.);
#2184=ORIENTED_EDGE('',*,*,#1622,.T.);
#2185=ORIENTED_EDGE('',*,*,#1604,.T.);
#2186=ORIENTED_EDGE('',*,*,#1548,.F.);
#2187=ORIENTED_EDGE('',*,*,#1608,.F.);
#2188=ORIENTED_EDGE('',*,*,#1600,.F.);
#2189=ORIENTED_EDGE('',*,*,#1626,.T.);
#2190=ORIENTED_EDGE('',*,*,#1624,.T.);
#2191=ORIENTED_EDGE('',*,*,#1615,.F.);
#2192=ORIENTED_EDGE('',*,*,#1625,.F.);
#2193=ORIENTED_EDGE('',*,*,#1626,.F.);
#2194=ORIENTED_EDGE('',*,*,#1599,.F.);
#2195=ORIENTED_EDGE('',*,*,#1538,.F.);
#2196=ORIENTED_EDGE('',*,*,#1541,.F.);
#2197=ORIENTED_EDGE('',*,*,#1509,.F.);
#2198=ORIENTED_EDGE('',*,*,#1552,.F.);
#2199=ORIENTED_EDGE('',*,*,#1556,.F.);
#2200=ORIENTED_EDGE('',*,*,#1557,.F.);
#2201=ORIENTED_EDGE('',*,*,#1554,.T.);
#2202=ORIENTED_EDGE('',*,*,#1550,.T.);
#2203=ORIENTED_EDGE('',*,*,#1463,.T.);
#2204=ORIENTED_EDGE('',*,*,#1627,.F.);
#2205=ORIENTED_EDGE('',*,*,#1571,.F.);
#2206=ORIENTED_EDGE('',*,*,#1592,.T.);
#2207=ORIENTED_EDGE('',*,*,#1616,.T.);
#2208=ORIENTED_EDGE('',*,*,#1623,.T.);
#2209=ORIENTED_EDGE('',*,*,#1547,.F.);
#2210=ORIENTED_EDGE('',*,*,#1545,.T.);
#2211=ORIENTED_EDGE('',*,*,#1460,.T.);
#2212=ORIENTED_EDGE('',*,*,#1566,.T.);
#2213=ORIENTED_EDGE('',*,*,#1574,.T.);
#2214=ORIENTED_EDGE('',*,*,#1628,.T.);
#2215=ORIENTED_EDGE('',*,*,#1628,.F.);
#2216=ORIENTED_EDGE('',*,*,#1573,.F.);
#2217=ORIENTED_EDGE('',*,*,#1629,.F.);
#2218=ORIENTED_EDGE('',*,*,#1461,.T.);
#2219=ORIENTED_EDGE('',*,*,#1572,.T.);
#2220=ORIENTED_EDGE('',*,*,#1627,.T.);
#2221=ORIENTED_EDGE('',*,*,#1462,.T.);
#2222=ORIENTED_EDGE('',*,*,#1629,.T.);
#2223=ORIENTED_EDGE('',*,*,#1569,.T.);
#2224=ORIENTED_EDGE('',*,*,#1630,.T.);
#2225=ORIENTED_EDGE('',*,*,#1474,.T.);
#2226=ORIENTED_EDGE('',*,*,#1522,.T.);
#2227=ORIENTED_EDGE('',*,*,#1476,.T.);
#2228=ORIENTED_EDGE('',*,*,#1631,.T.);
#2229=ORIENTED_EDGE('',*,*,#1567,.T.);
#2230=ORIENTED_EDGE('',*,*,#1480,.T.);
#2231=ORIENTED_EDGE('',*,*,#1630,.F.);
#2232=ORIENTED_EDGE('',*,*,#1568,.T.);
#2233=ORIENTED_EDGE('',*,*,#1631,.F.);
#2234=ORIENTED_EDGE('',*,*,#1475,.F.);
#2235=ORIENTED_EDGE('',*,*,#1632,.F.);
#2236=ORIENTED_EDGE('',*,*,#1633,.T.);
#2237=ORIENTED_EDGE('',*,*,#1634,.F.);
#2238=ORIENTED_EDGE('',*,*,#1633,.F.);
#2239=ORIENTED_EDGE('',*,*,#1635,.T.);
#2240=ORIENTED_EDGE('',*,*,#1636,.T.);
#2241=ORIENTED_EDGE('',*,*,#1637,.T.);
#2242=ORIENTED_EDGE('',*,*,#1638,.T.);
#2243=ORIENTED_EDGE('',*,*,#1638,.F.);
#2244=ORIENTED_EDGE('',*,*,#1639,.T.);
#2245=ORIENTED_EDGE('',*,*,#1640,.F.);
#2246=ORIENTED_EDGE('',*,*,#1641,.F.);
#2247=ORIENTED_EDGE('',*,*,#1642,.F.);
#2248=ORIENTED_EDGE('',*,*,#1643,.T.);
#2249=ORIENTED_EDGE('',*,*,#1632,.T.);
#2250=ORIENTED_EDGE('',*,*,#1637,.F.);
#2251=ORIENTED_EDGE('',*,*,#1644,.F.);
#2252=ORIENTED_EDGE('',*,*,#1645,.F.);
#2253=ORIENTED_EDGE('',*,*,#1646,.T.);
#2254=ORIENTED_EDGE('',*,*,#1647,.F.);
#2255=ORIENTED_EDGE('',*,*,#1639,.F.);
#2256=ORIENTED_EDGE('',*,*,#1645,.T.);
#2257=ORIENTED_EDGE('',*,*,#1648,.T.);
#2258=ORIENTED_EDGE('',*,*,#1649,.T.);
#2259=ORIENTED_EDGE('',*,*,#1650,.T.);
#2260=ORIENTED_EDGE('',*,*,#1650,.F.);
#2261=ORIENTED_EDGE('',*,*,#1651,.T.);
#2262=ORIENTED_EDGE('',*,*,#1652,.F.);
#2263=ORIENTED_EDGE('',*,*,#1653,.F.);
#2264=ORIENTED_EDGE('',*,*,#1654,.F.);
#2265=ORIENTED_EDGE('',*,*,#1646,.F.);
#2266=ORIENTED_EDGE('',*,*,#1634,.T.);
#2267=ORIENTED_EDGE('',*,*,#1654,.T.);
#2268=ORIENTED_EDGE('',*,*,#1655,.T.);
#2269=ORIENTED_EDGE('',*,*,#1640,.T.);
#2270=ORIENTED_EDGE('',*,*,#1647,.T.);
#2271=ORIENTED_EDGE('',*,*,#1655,.F.);
#2272=ORIENTED_EDGE('',*,*,#1653,.T.);
#2273=ORIENTED_EDGE('',*,*,#1656,.F.);
#2274=ORIENTED_EDGE('',*,*,#1641,.T.);
#2275=ORIENTED_EDGE('',*,*,#1642,.T.);
#2276=ORIENTED_EDGE('',*,*,#1656,.T.);
#2277=ORIENTED_EDGE('',*,*,#1652,.T.);
#2278=ORIENTED_EDGE('',*,*,#1657,.T.);
#2279=ORIENTED_EDGE('',*,*,#1635,.F.);
#2280=ORIENTED_EDGE('',*,*,#1643,.F.);
#2281=ORIENTED_EDGE('',*,*,#1657,.F.);
#2282=ORIENTED_EDGE('',*,*,#1651,.F.);
#2283=ORIENTED_EDGE('',*,*,#1649,.F.);
#2284=ORIENTED_EDGE('',*,*,#1658,.F.);
#2285=ORIENTED_EDGE('',*,*,#1636,.F.);
#2286=ORIENTED_EDGE('',*,*,#1658,.T.);
#2287=ORIENTED_EDGE('',*,*,#1648,.F.);
#2288=ORIENTED_EDGE('',*,*,#1644,.T.);
#2289=ORIENTED_EDGE('',*,*,#1659,.F.);
#2290=ORIENTED_EDGE('',*,*,#1660,.F.);
#2291=ORIENTED_EDGE('',*,*,#1661,.F.);
#2292=ORIENTED_EDGE('',*,*,#1662,.F.);
#2293=ORIENTED_EDGE('',*,*,#1663,.T.);
#2294=ORIENTED_EDGE('',*,*,#1661,.T.);
#2295=ORIENTED_EDGE('',*,*,#1664,.F.);
#2296=ORIENTED_EDGE('',*,*,#1665,.F.);
#2297=ORIENTED_EDGE('',*,*,#1666,.F.);
#2298=ORIENTED_EDGE('',*,*,#1667,.F.);
#2299=ORIENTED_EDGE('',*,*,#1668,.F.);
#2300=ORIENTED_EDGE('',*,*,#1669,.F.);
#2301=ORIENTED_EDGE('',*,*,#1670,.T.);
#2302=ORIENTED_EDGE('',*,*,#1671,.F.);
#2303=ORIENTED_EDGE('',*,*,#1672,.T.);
#2304=ORIENTED_EDGE('',*,*,#1673,.F.);
#2305=ORIENTED_EDGE('',*,*,#1674,.F.);
#2306=ORIENTED_EDGE('',*,*,#1675,.T.);
#2307=ORIENTED_EDGE('',*,*,#1676,.T.);
#2308=ORIENTED_EDGE('',*,*,#1677,.T.);
#2309=ORIENTED_EDGE('',*,*,#1678,.T.);
#2310=ORIENTED_EDGE('',*,*,#1679,.T.);
#2311=ORIENTED_EDGE('',*,*,#1663,.F.);
#2312=ORIENTED_EDGE('',*,*,#1680,.F.);
#2313=ORIENTED_EDGE('',*,*,#1681,.F.);
#2314=ORIENTED_EDGE('',*,*,#1662,.T.);
#2315=ORIENTED_EDGE('',*,*,#1680,.T.);
#2316=ORIENTED_EDGE('',*,*,#1679,.F.);
#2317=ORIENTED_EDGE('',*,*,#1682,.T.);
#2318=ORIENTED_EDGE('',*,*,#1683,.T.);
#2319=ORIENTED_EDGE('',*,*,#1660,.T.);
#2320=ORIENTED_EDGE('',*,*,#1684,.T.);
#2321=ORIENTED_EDGE('',*,*,#1685,.T.);
#2322=ORIENTED_EDGE('',*,*,#1664,.T.);
#2323=ORIENTED_EDGE('',*,*,#1686,.F.);
#2324=ORIENTED_EDGE('',*,*,#1665,.T.);
#2325=ORIENTED_EDGE('',*,*,#1685,.F.);
#2326=ORIENTED_EDGE('',*,*,#1687,.F.);
#2327=ORIENTED_EDGE('',*,*,#1688,.F.);
#2328=ORIENTED_EDGE('',*,*,#1666,.T.);
#2329=ORIENTED_EDGE('',*,*,#1686,.T.);
#2330=ORIENTED_EDGE('',*,*,#1689,.T.);
#2331=ORIENTED_EDGE('',*,*,#1690,.F.);
#2332=ORIENTED_EDGE('',*,*,#1691,.T.);
#2333=ORIENTED_EDGE('',*,*,#1692,.F.);
#2334=ORIENTED_EDGE('',*,*,#1691,.F.);
#2335=ORIENTED_EDGE('',*,*,#1693,.F.);
#2336=ORIENTED_EDGE('',*,*,#1694,.T.);
#2337=ORIENTED_EDGE('',*,*,#1695,.F.);
#2338=ORIENTED_EDGE('',*,*,#1694,.F.);
#2339=ORIENTED_EDGE('',*,*,#1696,.F.);
#2340=ORIENTED_EDGE('',*,*,#1697,.F.);
#2341=ORIENTED_EDGE('',*,*,#1698,.F.);
#2342=ORIENTED_EDGE('',*,*,#1699,.F.);
#2343=ORIENTED_EDGE('',*,*,#1700,.F.);
#2344=ORIENTED_EDGE('',*,*,#1701,.F.);
#2345=ORIENTED_EDGE('',*,*,#1702,.F.);
#2346=ORIENTED_EDGE('',*,*,#1703,.F.);
#2347=ORIENTED_EDGE('',*,*,#1702,.T.);
#2348=ORIENTED_EDGE('',*,*,#1704,.F.);
#2349=ORIENTED_EDGE('',*,*,#1705,.F.);
#2350=ORIENTED_EDGE('',*,*,#1706,.F.);
#2351=ORIENTED_EDGE('',*,*,#1695,.T.);
#2352=ORIENTED_EDGE('',*,*,#1701,.T.);
#2353=ORIENTED_EDGE('',*,*,#1707,.T.);
#2354=ORIENTED_EDGE('',*,*,#1708,.T.);
#2355=ORIENTED_EDGE('',*,*,#1704,.T.);
#2356=ORIENTED_EDGE('',*,*,#1700,.T.);
#2357=ORIENTED_EDGE('',*,*,#1709,.F.);
#2358=ORIENTED_EDGE('',*,*,#1710,.T.);
#2359=ORIENTED_EDGE('',*,*,#1707,.F.);
#2360=ORIENTED_EDGE('',*,*,#1693,.T.);
#2361=ORIENTED_EDGE('',*,*,#1699,.T.);
#2362=ORIENTED_EDGE('',*,*,#1711,.T.);
#2363=ORIENTED_EDGE('',*,*,#1712,.T.);
#2364=ORIENTED_EDGE('',*,*,#1713,.T.);
#2365=ORIENTED_EDGE('',*,*,#1698,.T.);
#2366=ORIENTED_EDGE('',*,*,#1714,.F.);
#2367=ORIENTED_EDGE('',*,*,#1715,.T.);
#2368=ORIENTED_EDGE('',*,*,#1711,.F.);
#2369=ORIENTED_EDGE('',*,*,#1690,.T.);
#2370=ORIENTED_EDGE('',*,*,#1709,.T.);
#2371=ORIENTED_EDGE('',*,*,#1716,.F.);
#2372=ORIENTED_EDGE('',*,*,#1717,.T.);
#2373=ORIENTED_EDGE('',*,*,#1718,.T.);
#2374=ORIENTED_EDGE('',*,*,#1706,.T.);
#2375=ORIENTED_EDGE('',*,*,#1719,.T.);
#2376=ORIENTED_EDGE('',*,*,#1720,.T.);
#2377=ORIENTED_EDGE('',*,*,#1675,.F.);
#2378=ORIENTED_EDGE('',*,*,#1721,.F.);
#2379=ORIENTED_EDGE('',*,*,#1722,.F.);
#2380=ORIENTED_EDGE('',*,*,#1723,.F.);
#2381=ORIENTED_EDGE('',*,*,#1724,.F.);
#2382=ORIENTED_EDGE('',*,*,#1725,.F.);
#2383=ORIENTED_EDGE('',*,*,#1726,.F.);
#2384=ORIENTED_EDGE('',*,*,#1696,.T.);
#2385=ORIENTED_EDGE('',*,*,#1713,.F.);
#2386=ORIENTED_EDGE('',*,*,#1727,.F.);
#2387=ORIENTED_EDGE('',*,*,#1717,.F.);
#2388=ORIENTED_EDGE('',*,*,#1692,.T.);
#2389=ORIENTED_EDGE('',*,*,#1728,.T.);
#2390=ORIENTED_EDGE('',*,*,#1729,.T.);
#2391=ORIENTED_EDGE('',*,*,#1730,.T.);
#2392=ORIENTED_EDGE('',*,*,#1731,.T.);
#2393=ORIENTED_EDGE('',*,*,#1728,.F.);
#2394=ORIENTED_EDGE('',*,*,#1732,.F.);
#2395=ORIENTED_EDGE('',*,*,#1733,.F.);
#2396=ORIENTED_EDGE('',*,*,#1734,.F.);
#2397=ORIENTED_EDGE('',*,*,#1735,.F.);
#2398=ORIENTED_EDGE('',*,*,#1736,.T.);
#2399=ORIENTED_EDGE('',*,*,#1737,.T.);
#2400=ORIENTED_EDGE('',*,*,#1731,.F.);
#2401=ORIENTED_EDGE('',*,*,#1738,.T.);
#2402=ORIENTED_EDGE('',*,*,#1739,.F.);
#2403=ORIENTED_EDGE('',*,*,#1732,.T.);
#2404=ORIENTED_EDGE('',*,*,#1733,.T.);
#2405=ORIENTED_EDGE('',*,*,#1739,.T.);
#2406=ORIENTED_EDGE('',*,*,#1740,.T.);
#2407=ORIENTED_EDGE('',*,*,#1741,.T.);
#2408=ORIENTED_EDGE('',*,*,#1742,.F.);
#2409=ORIENTED_EDGE('',*,*,#1743,.T.);
#2410=ORIENTED_EDGE('',*,*,#1737,.F.);
#2411=ORIENTED_EDGE('',*,*,#1743,.F.);
#2412=ORIENTED_EDGE('',*,*,#1730,.F.);
#2413=ORIENTED_EDGE('',*,*,#1744,.F.);
#2414=ORIENTED_EDGE('',*,*,#1745,.F.);
#2415=ORIENTED_EDGE('',*,*,#1746,.T.);
#2416=ORIENTED_EDGE('',*,*,#1740,.F.);
#2417=ORIENTED_EDGE('',*,*,#1738,.F.);
#2418=ORIENTED_EDGE('',*,*,#1742,.T.);
#2419=ORIENTED_EDGE('',*,*,#1703,.T.);
#2420=ORIENTED_EDGE('',*,*,#1722,.T.);
#2421=ORIENTED_EDGE('',*,*,#1747,.F.);
#2422=ORIENTED_EDGE('',*,*,#1748,.F.);
#2423=ORIENTED_EDGE('',*,*,#1735,.T.);
#2424=ORIENTED_EDGE('',*,*,#1749,.T.);
#2425=ORIENTED_EDGE('',*,*,#1697,.T.);
#2426=ORIENTED_EDGE('',*,*,#1716,.T.);
#2427=ORIENTED_EDGE('',*,*,#1750,.F.);
#2428=ORIENTED_EDGE('',*,*,#1751,.T.);
#2429=ORIENTED_EDGE('',*,*,#1752,.T.);
#2430=ORIENTED_EDGE('',*,*,#1753,.F.);
#2431=ORIENTED_EDGE('',*,*,#1754,.F.);
#2432=ORIENTED_EDGE('',*,*,#1755,.T.);
#2433=ORIENTED_EDGE('',*,*,#1756,.T.);
#2434=ORIENTED_EDGE('',*,*,#1757,.F.);
#2435=ORIENTED_EDGE('',*,*,#1758,.T.);
#2436=ORIENTED_EDGE('',*,*,#1759,.T.);
#2437=ORIENTED_EDGE('',*,*,#1750,.T.);
#2438=ORIENTED_EDGE('',*,*,#1760,.F.);
#2439=ORIENTED_EDGE('',*,*,#1761,.T.);
#2440=ORIENTED_EDGE('',*,*,#1762,.T.);
#2441=ORIENTED_EDGE('',*,*,#1754,.T.);
#2442=ORIENTED_EDGE('',*,*,#1763,.F.);
#2443=ORIENTED_EDGE('',*,*,#1761,.F.);
#2444=ORIENTED_EDGE('',*,*,#1764,.F.);
#2445=ORIENTED_EDGE('',*,*,#1758,.F.);
#2446=ORIENTED_EDGE('',*,*,#1765,.F.);
#2447=ORIENTED_EDGE('',*,*,#1766,.T.);
#2448=ORIENTED_EDGE('',*,*,#1767,.T.);
#2449=ORIENTED_EDGE('',*,*,#1768,.T.);
#2450=ORIENTED_EDGE('',*,*,#1767,.F.);
#2451=ORIENTED_EDGE('',*,*,#1766,.F.);
#2452=ORIENTED_EDGE('',*,*,#1769,.T.);
#2453=ORIENTED_EDGE('',*,*,#1668,.T.);
#2454=ORIENTED_EDGE('',*,*,#1770,.F.);
#2455=ORIENTED_EDGE('',*,*,#1771,.T.);
#2456=ORIENTED_EDGE('',*,*,#1667,.T.);
#2457=ORIENTED_EDGE('',*,*,#1688,.T.);
#2458=ORIENTED_EDGE('',*,*,#1772,.T.);
#2459=ORIENTED_EDGE('',*,*,#1770,.T.);
#2460=ORIENTED_EDGE('',*,*,#1768,.F.);
#2461=ORIENTED_EDGE('',*,*,#1769,.F.);
#2462=ORIENTED_EDGE('',*,*,#1773,.F.);
#2463=ORIENTED_EDGE('',*,*,#1774,.T.);
#2464=ORIENTED_EDGE('',*,*,#1669,.T.);
#2465=ORIENTED_EDGE('',*,*,#1775,.T.);
#2466=ORIENTED_EDGE('',*,*,#1776,.T.);
#2467=ORIENTED_EDGE('',*,*,#1777,.T.);
#2468=ORIENTED_EDGE('',*,*,#1776,.F.);
#2469=ORIENTED_EDGE('',*,*,#1778,.F.);
#2470=ORIENTED_EDGE('',*,*,#1779,.F.);
#2471=ORIENTED_EDGE('',*,*,#1780,.F.);
#2472=ORIENTED_EDGE('',*,*,#1781,.F.);
#2473=ORIENTED_EDGE('',*,*,#1780,.T.);
#2474=ORIENTED_EDGE('',*,*,#1782,.F.);
#2475=ORIENTED_EDGE('',*,*,#1723,.T.);
#2476=ORIENTED_EDGE('',*,*,#1783,.T.);
#2477=ORIENTED_EDGE('',*,*,#1784,.T.);
#2478=ORIENTED_EDGE('',*,*,#1785,.T.);
#2479=ORIENTED_EDGE('',*,*,#1775,.F.);
#2480=ORIENTED_EDGE('',*,*,#1781,.T.);
#2481=ORIENTED_EDGE('',*,*,#1785,.F.);
#2482=ORIENTED_EDGE('',*,*,#1786,.T.);
#2483=ORIENTED_EDGE('',*,*,#1787,.F.);
#2484=ORIENTED_EDGE('',*,*,#1784,.F.);
#2485=ORIENTED_EDGE('',*,*,#1788,.F.);
#2486=ORIENTED_EDGE('',*,*,#1789,.F.);
#2487=ORIENTED_EDGE('',*,*,#1786,.F.);
#2488=ORIENTED_EDGE('',*,*,#1788,.T.);
#2489=ORIENTED_EDGE('',*,*,#1783,.F.);
#2490=ORIENTED_EDGE('',*,*,#1726,.T.);
#2491=ORIENTED_EDGE('',*,*,#1790,.T.);
#2492=ORIENTED_EDGE('',*,*,#1778,.T.);
#2493=ORIENTED_EDGE('',*,*,#1787,.T.);
#2494=ORIENTED_EDGE('',*,*,#1789,.T.);
#2495=ORIENTED_EDGE('',*,*,#1790,.F.);
#2496=ORIENTED_EDGE('',*,*,#1725,.T.);
#2497=ORIENTED_EDGE('',*,*,#1791,.T.);
#2498=ORIENTED_EDGE('',*,*,#1777,.F.);
#2499=ORIENTED_EDGE('',*,*,#1779,.T.);
#2500=ORIENTED_EDGE('',*,*,#1791,.F.);
#2501=ORIENTED_EDGE('',*,*,#1724,.T.);
#2502=ORIENTED_EDGE('',*,*,#1782,.T.);
#2503=ORIENTED_EDGE('',*,*,#1792,.T.);
#2504=ORIENTED_EDGE('',*,*,#1793,.T.);
#2505=ORIENTED_EDGE('',*,*,#1794,.F.);
#2506=ORIENTED_EDGE('',*,*,#1795,.T.);
#2507=ORIENTED_EDGE('',*,*,#1796,.F.);
#2508=ORIENTED_EDGE('',*,*,#1797,.F.);
#2509=ORIENTED_EDGE('',*,*,#1798,.T.);
#2510=ORIENTED_EDGE('',*,*,#1799,.T.);
#2511=ORIENTED_EDGE('',*,*,#1800,.T.);
#2512=ORIENTED_EDGE('',*,*,#1801,.T.);
#2513=ORIENTED_EDGE('',*,*,#1802,.T.);
#2514=ORIENTED_EDGE('',*,*,#1803,.F.);
#2515=ORIENTED_EDGE('',*,*,#1674,.T.);
#2516=ORIENTED_EDGE('',*,*,#1721,.T.);
#2517=ORIENTED_EDGE('',*,*,#1803,.T.);
#2518=ORIENTED_EDGE('',*,*,#1804,.T.);
#2519=ORIENTED_EDGE('',*,*,#1805,.T.);
#2520=ORIENTED_EDGE('',*,*,#1806,.F.);
#2521=ORIENTED_EDGE('',*,*,#1807,.F.);
#2522=ORIENTED_EDGE('',*,*,#1795,.F.);
#2523=ORIENTED_EDGE('',*,*,#1808,.F.);
#2524=ORIENTED_EDGE('',*,*,#1808,.T.);
#2525=ORIENTED_EDGE('',*,*,#1794,.T.);
#2526=ORIENTED_EDGE('',*,*,#1809,.T.);
#2527=ORIENTED_EDGE('',*,*,#1810,.F.);
#2528=ORIENTED_EDGE('',*,*,#1811,.F.);
#2529=ORIENTED_EDGE('',*,*,#1812,.F.);
#2530=ORIENTED_EDGE('',*,*,#1799,.F.);
#2531=ORIENTED_EDGE('',*,*,#1813,.F.);
#2532=ORIENTED_EDGE('',*,*,#1813,.T.);
#2533=ORIENTED_EDGE('',*,*,#1798,.F.);
#2534=ORIENTED_EDGE('',*,*,#1814,.F.);
#2535=ORIENTED_EDGE('',*,*,#1815,.T.);
#2536=ORIENTED_EDGE('',*,*,#1816,.T.);
#2537=ORIENTED_EDGE('',*,*,#1817,.F.);
#2538=ORIENTED_EDGE('',*,*,#1809,.F.);
#2539=ORIENTED_EDGE('',*,*,#1793,.F.);
#2540=ORIENTED_EDGE('',*,*,#1801,.F.);
#2541=ORIENTED_EDGE('',*,*,#1818,.F.);
#2542=ORIENTED_EDGE('',*,*,#1819,.F.);
#2543=ORIENTED_EDGE('',*,*,#1820,.F.);
#2544=ORIENTED_EDGE('',*,*,#1812,.T.);
#2545=ORIENTED_EDGE('',*,*,#1821,.T.);
#2546=ORIENTED_EDGE('',*,*,#1818,.T.);
#2547=ORIENTED_EDGE('',*,*,#1800,.F.);
#2548=ORIENTED_EDGE('',*,*,#1804,.F.);
#2549=ORIENTED_EDGE('',*,*,#1802,.F.);
#2550=ORIENTED_EDGE('',*,*,#1820,.T.);
#2551=ORIENTED_EDGE('',*,*,#1822,.T.);
#2552=ORIENTED_EDGE('',*,*,#1823,.T.);
#2553=ORIENTED_EDGE('',*,*,#1747,.T.);
#2554=ORIENTED_EDGE('',*,*,#1805,.F.);
#2555=ORIENTED_EDGE('',*,*,#1822,.F.);
#2556=ORIENTED_EDGE('',*,*,#1819,.T.);
#2557=ORIENTED_EDGE('',*,*,#1821,.F.);
#2558=ORIENTED_EDGE('',*,*,#1811,.T.);
#2559=ORIENTED_EDGE('',*,*,#1815,.F.);
#2560=ORIENTED_EDGE('',*,*,#1824,.F.);
#2561=ORIENTED_EDGE('',*,*,#1825,.T.);
#2562=ORIENTED_EDGE('',*,*,#1806,.T.);
#2563=ORIENTED_EDGE('',*,*,#1810,.T.);
#2564=ORIENTED_EDGE('',*,*,#1817,.T.);
#2565=ORIENTED_EDGE('',*,*,#1807,.T.);
#2566=ORIENTED_EDGE('',*,*,#1825,.F.);
#2567=ORIENTED_EDGE('',*,*,#1826,.F.);
#2568=ORIENTED_EDGE('',*,*,#1796,.T.);
#2569=ORIENTED_EDGE('',*,*,#1814,.T.);
#2570=ORIENTED_EDGE('',*,*,#1797,.T.);
#2571=ORIENTED_EDGE('',*,*,#1826,.T.);
#2572=ORIENTED_EDGE('',*,*,#1824,.T.);
#2573=ORIENTED_EDGE('',*,*,#1729,.F.);
#2574=ORIENTED_EDGE('',*,*,#1736,.F.);
#2575=ORIENTED_EDGE('',*,*,#1748,.T.);
#2576=ORIENTED_EDGE('',*,*,#1823,.F.);
#2577=ORIENTED_EDGE('',*,*,#1816,.F.);
#2578=ORIENTED_EDGE('',*,*,#1792,.F.);
#2579=ORIENTED_EDGE('',*,*,#1673,.T.);
#2580=ORIENTED_EDGE('',*,*,#1827,.T.);
#2581=ORIENTED_EDGE('',*,*,#1828,.F.);
#2582=ORIENTED_EDGE('',*,*,#1751,.F.);
#2583=ORIENTED_EDGE('',*,*,#1759,.F.);
#2584=ORIENTED_EDGE('',*,*,#1764,.T.);
#2585=ORIENTED_EDGE('',*,*,#1763,.T.);
#2586=ORIENTED_EDGE('',*,*,#1757,.T.);
#2587=ORIENTED_EDGE('',*,*,#1829,.T.);
#2588=ORIENTED_EDGE('',*,*,#1744,.T.);
#2589=ORIENTED_EDGE('',*,*,#1745,.T.);
#2590=ORIENTED_EDGE('',*,*,#1829,.F.);
#2591=ORIENTED_EDGE('',*,*,#1756,.F.);
#2592=ORIENTED_EDGE('',*,*,#1830,.T.);
#2593=ORIENTED_EDGE('',*,*,#1831,.F.);
#2594=ORIENTED_EDGE('',*,*,#1832,.F.);
#2595=ORIENTED_EDGE('',*,*,#1670,.F.);
#2596=ORIENTED_EDGE('',*,*,#1774,.F.);
#2597=ORIENTED_EDGE('',*,*,#1832,.T.);
#2598=ORIENTED_EDGE('',*,*,#1833,.F.);
#2599=ORIENTED_EDGE('',*,*,#1834,.T.);
#2600=ORIENTED_EDGE('',*,*,#1671,.T.);
#2601=ORIENTED_EDGE('',*,*,#1672,.F.);
#2602=ORIENTED_EDGE('',*,*,#1834,.F.);
#2603=ORIENTED_EDGE('',*,*,#1835,.F.);
#2604=ORIENTED_EDGE('',*,*,#1827,.F.);
#2605=ORIENTED_EDGE('',*,*,#1676,.F.);
#2606=ORIENTED_EDGE('',*,*,#1720,.F.);
#2607=ORIENTED_EDGE('',*,*,#1836,.F.);
#2608=ORIENTED_EDGE('',*,*,#1837,.F.);
#2609=ORIENTED_EDGE('',*,*,#1714,.T.);
#2610=ORIENTED_EDGE('',*,*,#1749,.F.);
#2611=ORIENTED_EDGE('',*,*,#1734,.T.);
#2612=ORIENTED_EDGE('',*,*,#1741,.F.);
#2613=ORIENTED_EDGE('',*,*,#1746,.F.);
#2614=ORIENTED_EDGE('',*,*,#1830,.F.);
#2615=ORIENTED_EDGE('',*,*,#1755,.F.);
#2616=ORIENTED_EDGE('',*,*,#1762,.F.);
#2617=ORIENTED_EDGE('',*,*,#1765,.T.);
#2618=ORIENTED_EDGE('',*,*,#1760,.T.);
#2619=ORIENTED_EDGE('',*,*,#1753,.T.);
#2620=ORIENTED_EDGE('',*,*,#1838,.T.);
#2621=ORIENTED_EDGE('',*,*,#1839,.F.);
#2622=ORIENTED_EDGE('',*,*,#1682,.F.);
#2623=ORIENTED_EDGE('',*,*,#1678,.F.);
#2624=ORIENTED_EDGE('',*,*,#1840,.F.);
#2625=ORIENTED_EDGE('',*,*,#1837,.T.);
#2626=ORIENTED_EDGE('',*,*,#1841,.T.);
#2627=ORIENTED_EDGE('',*,*,#1840,.T.);
#2628=ORIENTED_EDGE('',*,*,#1677,.F.);
#2629=ORIENTED_EDGE('',*,*,#1681,.T.);
#2630=ORIENTED_EDGE('',*,*,#1683,.F.);
#2631=ORIENTED_EDGE('',*,*,#1839,.T.);
#2632=ORIENTED_EDGE('',*,*,#1841,.F.);
#2633=ORIENTED_EDGE('',*,*,#1836,.T.);
#2634=ORIENTED_EDGE('',*,*,#1719,.F.);
#2635=ORIENTED_EDGE('',*,*,#1705,.T.);
#2636=ORIENTED_EDGE('',*,*,#1708,.F.);
#2637=ORIENTED_EDGE('',*,*,#1710,.F.);
#2638=ORIENTED_EDGE('',*,*,#1718,.F.);
#2639=ORIENTED_EDGE('',*,*,#1727,.T.);
#2640=ORIENTED_EDGE('',*,*,#1712,.F.);
#2641=ORIENTED_EDGE('',*,*,#1715,.F.);
#2642=ORIENTED_EDGE('',*,*,#1838,.F.);
#2643=ORIENTED_EDGE('',*,*,#1752,.F.);
#2644=ORIENTED_EDGE('',*,*,#1828,.T.);
#2645=ORIENTED_EDGE('',*,*,#1835,.T.);
#2646=ORIENTED_EDGE('',*,*,#1833,.T.);
#2647=ORIENTED_EDGE('',*,*,#1831,.T.);
#2648=ORIENTED_EDGE('',*,*,#1773,.T.);
#2649=ORIENTED_EDGE('',*,*,#1771,.F.);
#2650=ORIENTED_EDGE('',*,*,#1772,.F.);
#2651=ORIENTED_EDGE('',*,*,#1689,.F.);
#2652=ORIENTED_EDGE('',*,*,#1687,.T.);
#2653=ORIENTED_EDGE('',*,*,#1684,.F.);
#2654=ORIENTED_EDGE('',*,*,#1659,.T.);
#2655=ORIENTED_EDGE('',*,*,#1842,.T.);
#2656=ORIENTED_EDGE('',*,*,#1843,.T.);
#2657=ORIENTED_EDGE('',*,*,#1844,.T.);
#2658=ORIENTED_EDGE('',*,*,#1843,.F.);
#2659=ORIENTED_EDGE('',*,*,#1845,.F.);
#2660=ORIENTED_EDGE('',*,*,#1846,.F.);
#2661=ORIENTED_EDGE('',*,*,#1847,.F.);
#2662=ORIENTED_EDGE('',*,*,#1848,.F.);
#2663=ORIENTED_EDGE('',*,*,#1846,.T.);
#2664=ORIENTED_EDGE('',*,*,#1849,.F.);
#2665=ORIENTED_EDGE('',*,*,#1850,.T.);
#2666=ORIENTED_EDGE('',*,*,#1851,.T.);
#2667=ORIENTED_EDGE('',*,*,#1852,.T.);
#2668=ORIENTED_EDGE('',*,*,#1853,.F.);
#2669=ORIENTED_EDGE('',*,*,#1842,.F.);
#2670=ORIENTED_EDGE('',*,*,#1847,.T.);
#2671=ORIENTED_EDGE('',*,*,#1853,.T.);
#2672=ORIENTED_EDGE('',*,*,#1854,.T.);
#2673=ORIENTED_EDGE('',*,*,#1855,.F.);
#2674=ORIENTED_EDGE('',*,*,#1856,.T.);
#2675=ORIENTED_EDGE('',*,*,#1857,.T.);
#2676=ORIENTED_EDGE('',*,*,#1856,.F.);
#2677=ORIENTED_EDGE('',*,*,#1858,.F.);
#2678=ORIENTED_EDGE('',*,*,#1859,.F.);
#2679=ORIENTED_EDGE('',*,*,#1860,.F.);
#2680=ORIENTED_EDGE('',*,*,#1858,.T.);
#2681=ORIENTED_EDGE('',*,*,#1855,.T.);
#2682=ORIENTED_EDGE('',*,*,#1861,.T.);
#2683=ORIENTED_EDGE('',*,*,#1862,.T.);
#2684=ORIENTED_EDGE('',*,*,#1863,.T.);
#2685=ORIENTED_EDGE('',*,*,#1864,.F.);
#2686=ORIENTED_EDGE('',*,*,#1844,.F.);
#2687=ORIENTED_EDGE('',*,*,#1861,.F.);
#2688=ORIENTED_EDGE('',*,*,#1854,.F.);
#2689=ORIENTED_EDGE('',*,*,#1852,.F.);
#2690=ORIENTED_EDGE('',*,*,#1865,.F.);
#2691=ORIENTED_EDGE('',*,*,#1865,.T.);
#2692=ORIENTED_EDGE('',*,*,#1851,.F.);
#2693=ORIENTED_EDGE('',*,*,#1866,.T.);
#2694=ORIENTED_EDGE('',*,*,#1862,.F.);
#2695=ORIENTED_EDGE('',*,*,#1850,.F.);
#2696=ORIENTED_EDGE('',*,*,#1867,.F.);
#2697=ORIENTED_EDGE('',*,*,#1863,.F.);
#2698=ORIENTED_EDGE('',*,*,#1866,.F.);
#2699=ORIENTED_EDGE('',*,*,#1845,.T.);
#2700=ORIENTED_EDGE('',*,*,#1868,.T.);
#2701=ORIENTED_EDGE('',*,*,#1859,.T.);
#2702=ORIENTED_EDGE('',*,*,#1864,.T.);
#2703=ORIENTED_EDGE('',*,*,#1867,.T.);
#2704=ORIENTED_EDGE('',*,*,#1849,.T.);
#2705=ORIENTED_EDGE('',*,*,#1848,.T.);
#2706=ORIENTED_EDGE('',*,*,#1857,.F.);
#2707=ORIENTED_EDGE('',*,*,#1860,.T.);
#2708=ORIENTED_EDGE('',*,*,#1868,.F.);
#2709=PLANE('',#2990);
#2710=PLANE('',#2991);
#2711=PLANE('',#2996);
#2712=PLANE('',#2997);
#2713=PLANE('',#2998);
#2714=PLANE('',#2999);
#2715=PLANE('',#3000);
#2716=PLANE('',#3007);
#2717=PLANE('',#3008);
#2718=PLANE('',#3009);
#2719=PLANE('',#3010);
#2720=PLANE('',#3011);
#2721=PLANE('',#3012);
#2722=PLANE('',#3013);
#2723=PLANE('',#3014);
#2724=PLANE('',#3015);
#2725=PLANE('',#3016);
#2726=PLANE('',#3017);
#2727=PLANE('',#3018);
#2728=PLANE('',#3027);
#2729=PLANE('',#3029);
#2730=PLANE('',#3032);
#2731=PLANE('',#3033);
#2732=PLANE('',#3038);
#2733=PLANE('',#3039);
#2734=PLANE('',#3040);
#2735=PLANE('',#3044);
#2736=PLANE('',#3045);
#2737=PLANE('',#3046);
#2738=PLANE('',#3047);
#2739=PLANE('',#3048);
#2740=PLANE('',#3059);
#2741=PLANE('',#3061);
#2742=PLANE('',#3064);
#2743=PLANE('',#3065);
#2744=PLANE('',#3066);
#2745=PLANE('',#3067);
#2746=PLANE('',#3072);
#2747=PLANE('',#3075);
#2748=PLANE('',#3078);
#2749=PLANE('',#3083);
#2750=PLANE('',#3084);
#2751=PLANE('',#3085);
#2752=PLANE('',#3086);
#2753=PLANE('',#3087);
#2754=PLANE('',#3088);
#2755=PLANE('',#3090);
#2756=PLANE('',#3094);
#2757=PLANE('',#3101);
#2758=PLANE('',#3104);
#2759=PLANE('',#3108);
#2760=PLANE('',#3112);
#2761=PLANE('',#3114);
#2762=PLANE('',#3115);
#2763=PLANE('',#3116);
#2764=PLANE('',#3117);
#2765=PLANE('',#3122);
#2766=PLANE('',#3123);
#2767=PLANE('',#3124);
#2768=PLANE('',#3125);
#2769=PLANE('',#3126);
#2770=PLANE('',#3133);
#2771=PLANE('',#3134);
#2772=PLANE('',#3135);
#2773=PLANE('',#3136);
#2774=PLANE('',#3137);
#2775=PLANE('',#3138);
#2776=PLANE('',#3139);
#2777=PLANE('',#3140);
#2778=PLANE('',#3141);
#2779=PLANE('',#3142);
#2780=PLANE('',#3146);
#2781=PLANE('',#3149);
#2782=PLANE('',#3154);
#2783=PLANE('',#3155);
#2784=PLANE('',#3162);
#2785=PLANE('',#3163);
#2786=PLANE('',#3164);
#2787=PLANE('',#3168);
#2788=PLANE('',#3169);
#2789=PLANE('',#3170);
#2790=PLANE('',#3171);
#2791=PLANE('',#3178);
#2792=PLANE('',#3180);
#2793=PLANE('',#3183);
#2794=PLANE('',#3184);
#2795=PLANE('',#3185);
#2796=PLANE('',#3186);
#2797=PLANE('',#3191);
#2798=PLANE('',#3194);
#2799=PLANE('',#3197);
#2800=PLANE('',#3202);
#2801=PLANE('',#3203);
#2802=PLANE('',#3204);
#2803=PLANE('',#3205);
#2804=PLANE('',#3206);
#2805=PLANE('',#3207);
#2806=PLANE('',#3208);
#2807=PLANE('',#3211);
#2808=PLANE('',#3216);
#2809=PLANE('',#3219);
#2810=PLANE('',#3220);
#2811=PLANE('',#3227);
#2812=PLANE('',#3230);
#2813=PLANE('',#3234);
#2814=PLANE('',#3238);
#2815=PLANE('',#3240);
#2816=PLANE('',#3241);
#2817=ADVANCED_FACE('',(#189),#2709,.F.);
#2818=ADVANCED_FACE('',(#190),#2710,.T.);
#2819=ADVANCED_FACE('',(#191),#2711,.F.);
#2820=ADVANCED_FACE('',(#192),#2712,.T.);
#2821=ADVANCED_FACE('',(#193),#2713,.T.);
#2822=ADVANCED_FACE('',(#194),#2714,.T.);
#2823=ADVANCED_FACE('',(#195),#2715,.F.);
#2824=ADVANCED_FACE('',(#196),#45,.F.);
#2825=ADVANCED_FACE('',(#197),#46,.F.);
#2826=ADVANCED_FACE('',(#198),#2716,.F.);
#2827=ADVANCED_FACE('',(#199),#2717,.F.);
#2828=ADVANCED_FACE('',(#200,#21),#2718,.T.);
#2829=ADVANCED_FACE('',(#201,#22),#2719,.T.);
#2830=ADVANCED_FACE('',(#202),#2720,.T.);
#2831=ADVANCED_FACE('',(#203,#23),#2721,.T.);
#2832=ADVANCED_FACE('',(#204),#2722,.T.);
#2833=ADVANCED_FACE('',(#205),#2723,.T.);
#2834=ADVANCED_FACE('',(#206,#24),#2724,.T.);
#2835=ADVANCED_FACE('',(#207),#2725,.T.);
#2836=ADVANCED_FACE('',(#208,#25),#2726,.T.);
#2837=ADVANCED_FACE('',(#209),#2727,.T.);
#2838=ADVANCED_FACE('',(#210),#47,.F.);
#2839=ADVANCED_FACE('',(#211),#48,.T.);
#2840=ADVANCED_FACE('',(#212,#26),#2728,.T.);
#2841=ADVANCED_FACE('',(#213),#2729,.T.);
#2842=ADVANCED_FACE('',(#214),#49,.T.);
#2843=ADVANCED_FACE('',(#215,#27),#2730,.T.);
#2844=ADVANCED_FACE('',(#216),#2731,.T.);
#2845=ADVANCED_FACE('',(#217),#50,.T.);
#2846=ADVANCED_FACE('',(#218),#51,.F.);
#2847=ADVANCED_FACE('',(#219),#2732,.T.);
#2848=ADVANCED_FACE('',(#220),#2733,.T.);
#2849=ADVANCED_FACE('',(#221),#2734,.T.);
#2850=ADVANCED_FACE('',(#222),#52,.T.);
#2851=ADVANCED_FACE('',(#223),#2735,.T.);
#2852=ADVANCED_FACE('',(#224),#2736,.F.);
#2853=ADVANCED_FACE('',(#225,#28),#2737,.F.);
#2854=ADVANCED_FACE('',(#226),#2738,.T.);
#2855=ADVANCED_FACE('',(#227),#2739,.T.);
#2856=ADVANCED_FACE('',(#228),#53,.F.);
#2857=ADVANCED_FACE('',(#229),#54,.T.);
#2858=ADVANCED_FACE('',(#230,#29),#2740,.T.);
#2859=ADVANCED_FACE('',(#231),#2741,.T.);
#2860=ADVANCED_FACE('',(#232),#55,.T.);
#2861=ADVANCED_FACE('',(#233),#2742,.T.);
#2862=ADVANCED_FACE('',(#234,#30),#2743,.T.);
#2863=ADVANCED_FACE('',(#235),#2744,.T.);
#2864=ADVANCED_FACE('',(#236),#2745,.T.);
#2865=ADVANCED_FACE('',(#237),#2746,.F.);
#2866=ADVANCED_FACE('',(#238),#56,.T.);
#2867=ADVANCED_FACE('',(#239),#2747,.T.);
#2868=ADVANCED_FACE('',(#240),#57,.F.);
#2869=ADVANCED_FACE('',(#241),#2748,.T.);
#2870=ADVANCED_FACE('',(#242),#58,.F.);
#2871=ADVANCED_FACE('',(#243),#59,.T.);
#2872=ADVANCED_FACE('',(#244),#2749,.T.);
#2873=ADVANCED_FACE('',(#245),#2750,.T.);
#2874=ADVANCED_FACE('',(#246),#2751,.T.);
#2875=ADVANCED_FACE('',(#247),#2752,.T.);
#2876=ADVANCED_FACE('',(#248),#2753,.T.);
#2877=ADVANCED_FACE('',(#249),#2754,.T.);
#2878=ADVANCED_FACE('',(#250),#60,.T.);
#2879=ADVANCED_FACE('',(#251),#2755,.T.);
#2880=ADVANCED_FACE('',(#252),#61,.F.);
#2881=ADVANCED_FACE('',(#253),#62,.T.);
#2882=ADVANCED_FACE('',(#254),#63,.F.);
#2883=ADVANCED_FACE('',(#255),#2756,.T.);
#2884=ADVANCED_FACE('',(#256),#64,.F.);
#2885=ADVANCED_FACE('',(#257),#65,.T.);
#2886=ADVANCED_FACE('',(#258,#31),#2757,.T.);
#2887=ADVANCED_FACE('',(#259),#2758,.T.);
#2888=ADVANCED_FACE('',(#260),#66,.T.);
#2889=ADVANCED_FACE('',(#261,#32),#2759,.T.);
#2890=ADVANCED_FACE('',(#262),#67,.T.);
#2891=ADVANCED_FACE('',(#263),#2760,.T.);
#2892=ADVANCED_FACE('',(#264),#68,.T.);
#2893=ADVANCED_FACE('',(#265),#2761,.T.);
#2894=ADVANCED_FACE('',(#266),#2762,.T.);
#2895=ADVANCED_FACE('',(#267),#2763,.F.);
#2896=ADVANCED_FACE('',(#268),#2764,.F.);
#2897=ADVANCED_FACE('',(#269),#2765,.F.);
#2898=ADVANCED_FACE('',(#270),#2766,.F.);
#2899=ADVANCED_FACE('',(#271),#2767,.T.);
#2900=ADVANCED_FACE('',(#272),#2768,.T.);
#2901=ADVANCED_FACE('',(#273),#2769,.F.);
#2902=ADVANCED_FACE('',(#274),#69,.F.);
#2903=ADVANCED_FACE('',(#275),#70,.F.);
#2904=ADVANCED_FACE('',(#276),#2770,.F.);
#2905=ADVANCED_FACE('',(#277),#2771,.F.);
#2906=ADVANCED_FACE('',(#278,#33),#2772,.T.);
#2907=ADVANCED_FACE('',(#279),#2773,.T.);
#2908=ADVANCED_FACE('',(#280,#34),#2774,.T.);
#2909=ADVANCED_FACE('',(#281),#2775,.T.);
#2910=ADVANCED_FACE('',(#282,#35),#2776,.T.);
#2911=ADVANCED_FACE('',(#283),#2777,.F.);
#2912=ADVANCED_FACE('',(#284,#36),#2778,.F.);
#2913=ADVANCED_FACE('',(#285,#37),#2779,.T.);
#2914=ADVANCED_FACE('',(#286),#71,.T.);
#2915=ADVANCED_FACE('',(#287,#38),#2780,.T.);
#2916=ADVANCED_FACE('',(#288),#2781,.T.);
#2917=ADVANCED_FACE('',(#289),#72,.T.);
#2918=ADVANCED_FACE('',(#290),#73,.F.);
#2919=ADVANCED_FACE('',(#291,#39),#2782,.T.);
#2920=ADVANCED_FACE('',(#292),#2783,.F.);
#2921=ADVANCED_FACE('',(#293),#74,.T.);
#2922=ADVANCED_FACE('',(#294),#75,.F.);
#2923=ADVANCED_FACE('',(#295),#2784,.F.);
#2924=ADVANCED_FACE('',(#296),#2785,.F.);
#2925=ADVANCED_FACE('',(#297),#2786,.F.);
#2926=ADVANCED_FACE('',(#298),#76,.T.);
#2927=ADVANCED_FACE('',(#299),#2787,.F.);
#2928=ADVANCED_FACE('',(#300),#2788,.T.);
#2929=ADVANCED_FACE('',(#301,#40),#2789,.T.);
#2930=ADVANCED_FACE('',(#302),#2790,.F.);
#2931=ADVANCED_FACE('',(#303),#77,.F.);
#2932=ADVANCED_FACE('',(#304),#78,.T.);
#2933=ADVANCED_FACE('',(#305,#41),#2791,.F.);
#2934=ADVANCED_FACE('',(#306),#2792,.F.);
#2935=ADVANCED_FACE('',(#307),#79,.T.);
#2936=ADVANCED_FACE('',(#308),#2793,.F.);
#2937=ADVANCED_FACE('',(#309,#42),#2794,.F.);
#2938=ADVANCED_FACE('',(#310),#2795,.F.);
#2939=ADVANCED_FACE('',(#311),#2796,.F.);
#2940=ADVANCED_FACE('',(#312),#2797,.T.);
#2941=ADVANCED_FACE('',(#313),#80,.T.);
#2942=ADVANCED_FACE('',(#314),#2798,.F.);
#2943=ADVANCED_FACE('',(#315),#81,.F.);
#2944=ADVANCED_FACE('',(#316),#2799,.F.);
#2945=ADVANCED_FACE('',(#317),#82,.F.);
#2946=ADVANCED_FACE('',(#318),#83,.T.);
#2947=ADVANCED_FACE('',(#319),#2800,.F.);
#2948=ADVANCED_FACE('',(#320),#2801,.F.);
#2949=ADVANCED_FACE('',(#321),#2802,.F.);
#2950=ADVANCED_FACE('',(#322),#2803,.F.);
#2951=ADVANCED_FACE('',(#323),#2804,.F.);
#2952=ADVANCED_FACE('',(#324),#2805,.F.);
#2953=ADVANCED_FACE('',(#325),#2806,.F.);
#2954=ADVANCED_FACE('',(#326),#84,.T.);
#2955=ADVANCED_FACE('',(#327),#2807,.F.);
#2956=ADVANCED_FACE('',(#328),#85,.F.);
#2957=ADVANCED_FACE('',(#329),#86,.T.);
#2958=ADVANCED_FACE('',(#330),#2808,.F.);
#2959=ADVANCED_FACE('',(#331),#87,.F.);
#2960=ADVANCED_FACE('',(#332),#2809,.F.);
#2961=ADVANCED_FACE('',(#333),#2810,.F.);
#2962=ADVANCED_FACE('',(#334),#88,.F.);
#2963=ADVANCED_FACE('',(#335),#89,.T.);
#2964=ADVANCED_FACE('',(#336,#43),#2811,.F.);
#2965=ADVANCED_FACE('',(#337),#2812,.F.);
#2966=ADVANCED_FACE('',(#338),#90,.T.);
#2967=ADVANCED_FACE('',(#339,#44),#2813,.F.);
#2968=ADVANCED_FACE('',(#340),#91,.T.);
#2969=ADVANCED_FACE('',(#341),#2814,.F.);
#2970=ADVANCED_FACE('',(#342),#92,.T.);
#2971=ADVANCED_FACE('',(#343),#2815,.F.);
#2972=ADVANCED_FACE('',(#344),#2816,.F.);
#2973=CLOSED_SHELL('',(#2817,#2818,#2819,#2820,#2821,#2822,#2823,#2824,
#2825,#2826,#2827,#2828,#2829,#2830,#2831,#2832,#2833,#2834,#2835,#2836,
#2837,#2838,#2839,#2840,#2841,#2842,#2843,#2844,#2845,#2846,#2847,#2848,
#2849,#2850,#2851,#2852,#2853,#2854,#2855,#2856,#2857,#2858,#2859,#2860,
#2861,#2862,#2863,#2864,#2865,#2866,#2867,#2868,#2869,#2870,#2871,#2872,
#2873,#2874,#2875,#2876,#2877,#2878,#2879,#2880,#2881,#2882,#2883));
#2974=CLOSED_SHELL('',(#2884,#2885,#2886,#2887,#2888,#2889,#2890,#2891,
#2892,#2893,#2894));
#2975=CLOSED_SHELL('',(#2895,#2896,#2897,#2898,#2899,#2900,#2901,#2902,
#2903,#2904,#2905,#2906,#2907,#2908,#2909,#2910,#2911,#2912,#2913,#2914,
#2915,#2916,#2917,#2918,#2919,#2920,#2921,#2922,#2923,#2924,#2925,#2926,
#2927,#2928,#2929,#2930,#2931,#2932,#2933,#2934,#2935,#2936,#2937,#2938,
#2939,#2940,#2941,#2942,#2943,#2944,#2945,#2946,#2947,#2948,#2949,#2950,
#2951,#2952,#2953,#2954,#2955,#2956,#2957,#2958,#2959,#2960,#2961));
#2976=CLOSED_SHELL('',(#2962,#2963,#2964,#2965,#2966,#2967,#2968,#2969,
#2970,#2971,#2972));
#2977=DERIVED_UNIT_ELEMENT(#2979,1.);
#2978=DERIVED_UNIT_ELEMENT(#4930,-3.);
#2979=(
MASS_UNIT()
NAMED_UNIT(*)
SI_UNIT(.KILO.,.GRAM.)
);
#2980=DERIVED_UNIT((#2977,#2978));
#2981=MEASURE_REPRESENTATION_ITEM('density measure',
POSITIVE_RATIO_MEASURE(7850.),#2980);
#2982=PROPERTY_DEFINITION_REPRESENTATION(#2987,#2984);
#2983=PROPERTY_DEFINITION_REPRESENTATION(#2988,#2985);
#2984=REPRESENTATION('material name',(#2986),#4927);
#2985=REPRESENTATION('density',(#2981),#4927);
#2986=DESCRIPTIVE_REPRESENTATION_ITEM('Steel','Steel');
#2987=PROPERTY_DEFINITION('material property','material name',#4937);
#2988=PROPERTY_DEFINITION('material property','density of part',#4937);
#2989=AXIS2_PLACEMENT_3D('',#4072,#3242,#3243);
#2990=AXIS2_PLACEMENT_3D('',#4073,#3244,#3245);
#2991=AXIS2_PLACEMENT_3D('',#4082,#3250,#3251);
#2992=AXIS2_PLACEMENT_3D('',#4098,#3259,#3260);
#2993=AXIS2_PLACEMENT_3D('',#4102,#3262,#3263);
#2994=AXIS2_PLACEMENT_3D('',#4126,#3275,#3276);
#2995=AXIS2_PLACEMENT_3D('',#4130,#3278,#3279);
#2996=AXIS2_PLACEMENT_3D('',#4132,#3281,#3282);
#2997=AXIS2_PLACEMENT_3D('',#4136,#3285,#3286);
#2998=AXIS2_PLACEMENT_3D('',#4140,#3289,#3290);
#2999=AXIS2_PLACEMENT_3D('',#4144,#3293,#3294);
#3000=AXIS2_PLACEMENT_3D('',#4148,#3297,#3298);
#3001=AXIS2_PLACEMENT_3D('',#4152,#3301,#3302);
#3002=AXIS2_PLACEMENT_3D('',#4154,#3303,#3304);
#3003=AXIS2_PLACEMENT_3D('',#4157,#3306,#3307);
#3004=AXIS2_PLACEMENT_3D('',#4158,#3308,#3309);
#3005=AXIS2_PLACEMENT_3D('',#4160,#3310,#3311);
#3006=AXIS2_PLACEMENT_3D('',#4163,#3313,#3314);
#3007=AXIS2_PLACEMENT_3D('',#4164,#3315,#3316);
#3008=AXIS2_PLACEMENT_3D('',#4173,#3321,#3322);
#3009=AXIS2_PLACEMENT_3D('',#4182,#3327,#3328);
#3010=AXIS2_PLACEMENT_3D('',#4185,#3331,#3332);
#3011=AXIS2_PLACEMENT_3D('',#4188,#3335,#3336);
#3012=AXIS2_PLACEMENT_3D('',#4199,#3343,#3344);
#3013=AXIS2_PLACEMENT_3D('',#4202,#3347,#3348);
#3014=AXIS2_PLACEMENT_3D('',#4203,#3349,#3350);
#3015=AXIS2_PLACEMENT_3D('',#4204,#3351,#3352);
#3016=AXIS2_PLACEMENT_3D('',#4207,#3355,#3356);
#3017=AXIS2_PLACEMENT_3D('',#4208,#3357,#3358);
#3018=AXIS2_PLACEMENT_3D('',#4230,#3370,#3371);
#3019=AXIS2_PLACEMENT_3D('',#4232,#3372,#3373);
#3020=AXIS2_PLACEMENT_3D('',#4239,#3377,#3378);
#3021=AXIS2_PLACEMENT_3D('',#4240,#3379,#3380);
#3022=AXIS2_PLACEMENT_3D('',#4242,#3381,#3382);
#3023=AXIS2_PLACEMENT_3D('',#4245,#3384,#3385);
#3024=AXIS2_PLACEMENT_3D('',#4246,#3386,#3387);
#3025=AXIS2_PLACEMENT_3D('',#4249,#3388,#3389);
#3026=AXIS2_PLACEMENT_3D('',#4253,#3391,#3392);
#3027=AXIS2_PLACEMENT_3D('',#4255,#3394,#3395);
#3028=AXIS2_PLACEMENT_3D('',#4258,#3397,#3398);
#3029=AXIS2_PLACEMENT_3D('',#4260,#3400,#3401);
#3030=AXIS2_PLACEMENT_3D('',#4264,#3404,#3405);
#3031=AXIS2_PLACEMENT_3D('',#4265,#3406,#3407);
#3032=AXIS2_PLACEMENT_3D('',#4266,#3408,#3409);
#3033=AXIS2_PLACEMENT_3D('',#4270,#3412,#3413);
#3034=AXIS2_PLACEMENT_3D('',#4274,#3416,#3417);
#3035=AXIS2_PLACEMENT_3D('',#4277,#3419,#3420);
#3036=AXIS2_PLACEMENT_3D('',#4278,#3421,#3422);
#3037=AXIS2_PLACEMENT_3D('',#4281,#3424,#3425);
#3038=AXIS2_PLACEMENT_3D('',#4282,#3426,#3427);
#3039=AXIS2_PLACEMENT_3D('',#4286,#3430,#3431);
#3040=AXIS2_PLACEMENT_3D('',#4290,#3434,#3435);
#3041=AXIS2_PLACEMENT_3D('',#4292,#3437,#3438);
#3042=AXIS2_PLACEMENT_3D('',#4294,#3439,#3440);
#3043=AXIS2_PLACEMENT_3D('',#4297,#3442,#3443);
#3044=AXIS2_PLACEMENT_3D('',#4298,#3444,#3445);
#3045=AXIS2_PLACEMENT_3D('',#4299,#3446,#3447);
#3046=AXIS2_PLACEMENT_3D('',#4305,#3451,#3452);
#3047=AXIS2_PLACEMENT_3D('',#4307,#3454,#3455);
#3048=AXIS2_PLACEMENT_3D('',#4311,#3458,#3459);
#3049=AXIS2_PLACEMENT_3D('',#4313,#3460,#3461);
#3050=AXIS2_PLACEMENT_3D('',#4316,#3463,#3464);
#3051=AXIS2_PLACEMENT_3D('',#4322,#3467,#3468);
#3052=AXIS2_PLACEMENT_3D('',#4325,#3470,#3471);
#3053=AXIS2_PLACEMENT_3D('',#4326,#3472,#3473);
#3054=AXIS2_PLACEMENT_3D('',#4328,#3474,#3475);
#3055=AXIS2_PLACEMENT_3D('',#4331,#3477,#3478);
#3056=AXIS2_PLACEMENT_3D('',#4332,#3479,#3480);
#3057=AXIS2_PLACEMENT_3D('',#4335,#3481,#3482);
#3058=AXIS2_PLACEMENT_3D('',#4339,#3484,#3485);
#3059=AXIS2_PLACEMENT_3D('',#4341,#3487,#3488);
#3060=AXIS2_PLACEMENT_3D('',#4345,#3490,#3491);
#3061=AXIS2_PLACEMENT_3D('',#4348,#3494,#3495);
#3062=AXIS2_PLACEMENT_3D('',#4352,#3498,#3499);
#3063=AXIS2_PLACEMENT_3D('',#4354,#3500,#3501);
#3064=AXIS2_PLACEMENT_3D('',#4356,#3503,#3504);
#3065=AXIS2_PLACEMENT_3D('',#4358,#3506,#3507);
#3066=AXIS2_PLACEMENT_3D('',#4360,#3509,#3510);
#3067=AXIS2_PLACEMENT_3D('',#4361,#3511,#3512);
#3068=AXIS2_PLACEMENT_3D('',#4369,#3516,#3517);
#3069=AXIS2_PLACEMENT_3D('',#4373,#3519,#3520);
#3070=AXIS2_PLACEMENT_3D('',#4381,#3524,#3525);
#3071=AXIS2_PLACEMENT_3D('',#4384,#3527,#3528);
#3072=AXIS2_PLACEMENT_3D('',#4385,#3529,#3530);
#3073=AXIS2_PLACEMENT_3D('',#4389,#3533,#3534);
#3074=AXIS2_PLACEMENT_3D('',#4392,#3535,#3536);
#3075=AXIS2_PLACEMENT_3D('',#4395,#3539,#3540);
#3076=AXIS2_PLACEMENT_3D('',#4399,#3543,#3544);
#3077=AXIS2_PLACEMENT_3D('',#4402,#3545,#3546);
#3078=AXIS2_PLACEMENT_3D('',#4405,#3549,#3550);
#3079=AXIS2_PLACEMENT_3D('',#4409,#3553,#3554);
#3080=AXIS2_PLACEMENT_3D('',#4412,#3556,#3557);
#3081=AXIS2_PLACEMENT_3D('',#4413,#3558,#3559);
#3082=AXIS2_PLACEMENT_3D('',#4417,#3561,#3562);
#3083=AXIS2_PLACEMENT_3D('',#4419,#3564,#3565);
#3084=AXIS2_PLACEMENT_3D('',#4421,#3567,#3568);
#3085=AXIS2_PLACEMENT_3D('',#4423,#3570,#3571);
#3086=AXIS2_PLACEMENT_3D('',#4428,#3575,#3576);
#3087=AXIS2_PLACEMENT_3D('',#4430,#3578,#3579);
#3088=AXIS2_PLACEMENT_3D('',#4431,#3580,#3581);
#3089=AXIS2_PLACEMENT_3D('',#4433,#3583,#3584);
#3090=AXIS2_PLACEMENT_3D('',#4435,#3586,#3587);
#3091=AXIS2_PLACEMENT_3D('',#4437,#3589,#3590);
#3092=AXIS2_PLACEMENT_3D('',#4438,#3591,#3592);
#3093=AXIS2_PLACEMENT_3D('',#4440,#3594,#3595);
#3094=AXIS2_PLACEMENT_3D('',#4442,#3597,#3598);
#3095=AXIS2_PLACEMENT_3D('',#4443,#3599,#3600);
#3096=AXIS2_PLACEMENT_3D('',#4445,#3601,#3602);
#3097=AXIS2_PLACEMENT_3D('',#4448,#3604,#3605);
#3098=AXIS2_PLACEMENT_3D('',#4449,#3606,#3607);
#3099=AXIS2_PLACEMENT_3D('',#4452,#3608,#3609);
#3100=AXIS2_PLACEMENT_3D('',#4456,#3611,#3612);
#3101=AXIS2_PLACEMENT_3D('',#4458,#3614,#3615);
#3102=AXIS2_PLACEMENT_3D('',#4462,#3617,#3618);
#3103=AXIS2_PLACEMENT_3D('',#4466,#3620,#3621);
#3104=AXIS2_PLACEMENT_3D('',#4468,#3623,#3624);
#3105=AXIS2_PLACEMENT_3D('',#4472,#3626,#3627);
#3106=AXIS2_PLACEMENT_3D('',#4476,#3630,#3631);
#3107=AXIS2_PLACEMENT_3D('',#4480,#3633,#3634);
#3108=AXIS2_PLACEMENT_3D('',#4482,#3636,#3637);
#3109=AXIS2_PLACEMENT_3D('',#4486,#3639,#3640);
#3110=AXIS2_PLACEMENT_3D('',#4489,#3642,#3643);
#3111=AXIS2_PLACEMENT_3D('',#4490,#3644,#3645);
#3112=AXIS2_PLACEMENT_3D('',#4492,#3647,#3648);
#3113=AXIS2_PLACEMENT_3D('',#4494,#3650,#3651);
#3114=AXIS2_PLACEMENT_3D('',#4496,#3653,#3654);
#3115=AXIS2_PLACEMENT_3D('',#4498,#3656,#3657);
#3116=AXIS2_PLACEMENT_3D('',#4499,#3658,#3659);
#3117=AXIS2_PLACEMENT_3D('',#4508,#3664,#3665);
#3118=AXIS2_PLACEMENT_3D('',#4524,#3673,#3674);
#3119=AXIS2_PLACEMENT_3D('',#4528,#3676,#3677);
#3120=AXIS2_PLACEMENT_3D('',#4536,#3681,#3682);
#3121=AXIS2_PLACEMENT_3D('',#4540,#3684,#3685);
#3122=AXIS2_PLACEMENT_3D('',#4542,#3687,#3688);
#3123=AXIS2_PLACEMENT_3D('',#4546,#3691,#3692);
#3124=AXIS2_PLACEMENT_3D('',#4550,#3695,#3696);
#3125=AXIS2_PLACEMENT_3D('',#4554,#3699,#3700);
#3126=AXIS2_PLACEMENT_3D('',#4558,#3703,#3704);
#3127=AXIS2_PLACEMENT_3D('',#4562,#3707,#3708);
#3128=AXIS2_PLACEMENT_3D('',#4564,#3709,#3710);
#3129=AXIS2_PLACEMENT_3D('',#4567,#3712,#3713);
#3130=AXIS2_PLACEMENT_3D('',#4568,#3714,#3715);
#3131=AXIS2_PLACEMENT_3D('',#4570,#3716,#3717);
#3132=AXIS2_PLACEMENT_3D('',#4573,#3719,#3720);
#3133=AXIS2_PLACEMENT_3D('',#4574,#3721,#3722);
#3134=AXIS2_PLACEMENT_3D('',#4583,#3727,#3728);
#3135=AXIS2_PLACEMENT_3D('',#4592,#3733,#3734);
#3136=AXIS2_PLACEMENT_3D('',#4598,#3738,#3739);
#3137=AXIS2_PLACEMENT_3D('',#4602,#3742,#3743);
#3138=AXIS2_PLACEMENT_3D('',#4606,#3746,#3747);
#3139=AXIS2_PLACEMENT_3D('',#4612,#3751,#3752);
#3140=AXIS2_PLACEMENT_3D('',#4616,#3755,#3756);
#3141=AXIS2_PLACEMENT_3D('',#4621,#3760,#3761);
#3142=AXIS2_PLACEMENT_3D('',#4636,#3770,#3771);
#3143=AXIS2_PLACEMENT_3D('',#4638,#3773,#3774);
#3144=AXIS2_PLACEMENT_3D('',#4641,#3775,#3776);
#3145=AXIS2_PLACEMENT_3D('',#4645,#3778,#3779);
#3146=AXIS2_PLACEMENT_3D('',#4647,#3781,#3782);
#3147=AXIS2_PLACEMENT_3D('',#4651,#3784,#3785);
#3148=AXIS2_PLACEMENT_3D('',#4658,#3789,#3790);
#3149=AXIS2_PLACEMENT_3D('',#4659,#3791,#3792);
#3150=AXIS2_PLACEMENT_3D('',#4663,#3795,#3796);
#3151=AXIS2_PLACEMENT_3D('',#4665,#3797,#3798);
#3152=AXIS2_PLACEMENT_3D('',#4667,#3800,#3801);
#3153=AXIS2_PLACEMENT_3D('',#4669,#3802,#3803);
#3154=AXIS2_PLACEMENT_3D('',#4671,#3805,#3806);
#3155=AXIS2_PLACEMENT_3D('',#4677,#3810,#3811);
#3156=AXIS2_PLACEMENT_3D('',#4682,#3815,#3816);
#3157=AXIS2_PLACEMENT_3D('',#4687,#3818,#3819);
#3158=AXIS2_PLACEMENT_3D('',#4690,#3821,#3822);
#3159=AXIS2_PLACEMENT_3D('',#4691,#3823,#3824);
#3160=AXIS2_PLACEMENT_3D('',#4696,#3826,#3827);
#3161=AXIS2_PLACEMENT_3D('',#4699,#3829,#3830);
#3162=AXIS2_PLACEMENT_3D('',#4700,#3831,#3832);
#3163=AXIS2_PLACEMENT_3D('',#4706,#3836,#3837);
#3164=AXIS2_PLACEMENT_3D('',#4712,#3841,#3842);
#3165=AXIS2_PLACEMENT_3D('',#4715,#3845,#3846);
#3166=AXIS2_PLACEMENT_3D('',#4717,#3847,#3848);
#3167=AXIS2_PLACEMENT_3D('',#4720,#3850,#3851);
#3168=AXIS2_PLACEMENT_3D('',#4721,#3852,#3853);
#3169=AXIS2_PLACEMENT_3D('',#4722,#3854,#3855);
#3170=AXIS2_PLACEMENT_3D('',#4728,#3859,#3860);
#3171=AXIS2_PLACEMENT_3D('',#4730,#3862,#3863);
#3172=AXIS2_PLACEMENT_3D('',#4734,#3866,#3867);
#3173=AXIS2_PLACEMENT_3D('',#4736,#3868,#3869);
#3174=AXIS2_PLACEMENT_3D('',#4739,#3871,#3872);
#3175=AXIS2_PLACEMENT_3D('',#4740,#3873,#3874);
#3176=AXIS2_PLACEMENT_3D('',#4743,#3875,#3876);
#3177=AXIS2_PLACEMENT_3D('',#4747,#3878,#3879);
#3178=AXIS2_PLACEMENT_3D('',#4749,#3881,#3882);
#3179=AXIS2_PLACEMENT_3D('',#4754,#3885,#3886);
#3180=AXIS2_PLACEMENT_3D('',#4756,#3888,#3889);
#3181=AXIS2_PLACEMENT_3D('',#4760,#3892,#3893);
#3182=AXIS2_PLACEMENT_3D('',#4763,#3895,#3896);
#3183=AXIS2_PLACEMENT_3D('',#4764,#3897,#3898);
#3184=AXIS2_PLACEMENT_3D('',#4766,#3900,#3901);
#3185=AXIS2_PLACEMENT_3D('',#4768,#3903,#3904);
#3186=AXIS2_PLACEMENT_3D('',#4769,#3905,#3906);
#3187=AXIS2_PLACEMENT_3D('',#4773,#3908,#3909);
#3188=AXIS2_PLACEMENT_3D('',#4777,#3911,#3912);
#3189=AXIS2_PLACEMENT_3D('',#4785,#3916,#3917);
#3190=AXIS2_PLACEMENT_3D('',#4789,#3919,#3920);
#3191=AXIS2_PLACEMENT_3D('',#4793,#3923,#3924);
#3192=AXIS2_PLACEMENT_3D('',#4797,#3927,#3928);
#3193=AXIS2_PLACEMENT_3D('',#4800,#3929,#3930);
#3194=AXIS2_PLACEMENT_3D('',#4803,#3933,#3934);
#3195=AXIS2_PLACEMENT_3D('',#4807,#3937,#3938);
#3196=AXIS2_PLACEMENT_3D('',#4810,#3939,#3940);
#3197=AXIS2_PLACEMENT_3D('',#4813,#3943,#3944);
#3198=AXIS2_PLACEMENT_3D('',#4817,#3947,#3948);
#3199=AXIS2_PLACEMENT_3D('',#4820,#3950,#3951);
#3200=AXIS2_PLACEMENT_3D('',#4821,#3952,#3953);
#3201=AXIS2_PLACEMENT_3D('',#4825,#3955,#3956);
#3202=AXIS2_PLACEMENT_3D('',#4827,#3958,#3959);
#3203=AXIS2_PLACEMENT_3D('',#4829,#3961,#3962);
#3204=AXIS2_PLACEMENT_3D('',#4831,#3964,#3965);
#3205=AXIS2_PLACEMENT_3D('',#4836,#3969,#3970);
#3206=AXIS2_PLACEMENT_3D('',#4838,#3972,#3973);
#3207=AXIS2_PLACEMENT_3D('',#4839,#3974,#3975);
#3208=AXIS2_PLACEMENT_3D('',#4844,#3979,#3980);
#3209=AXIS2_PLACEMENT_3D('',#4846,#3982,#3983);
#3210=AXIS2_PLACEMENT_3D('',#4848,#3984,#3985);
#3211=AXIS2_PLACEMENT_3D('',#4850,#3987,#3988);
#3212=AXIS2_PLACEMENT_3D('',#4854,#3991,#3992);
#3213=AXIS2_PLACEMENT_3D('',#4855,#3993,#3994);
#3214=AXIS2_PLACEMENT_3D('',#4856,#3995,#3996);
#3215=AXIS2_PLACEMENT_3D('',#4858,#3997,#3998);
#3216=AXIS2_PLACEMENT_3D('',#4860,#4000,#4001);
#3217=AXIS2_PLACEMENT_3D('',#4862,#4003,#4004);
#3218=AXIS2_PLACEMENT_3D('',#4864,#4005,#4006);
#3219=AXIS2_PLACEMENT_3D('',#4866,#4008,#4009);
#3220=AXIS2_PLACEMENT_3D('',#4868,#4011,#4012);
#3221=AXIS2_PLACEMENT_3D('',#4869,#4013,#4014);
#3222=AXIS2_PLACEMENT_3D('',#4871,#4015,#4016);
#3223=AXIS2_PLACEMENT_3D('',#4874,#4018,#4019);
#3224=AXIS2_PLACEMENT_3D('',#4875,#4020,#4021);
#3225=AXIS2_PLACEMENT_3D('',#4878,#4022,#4023);
#3226=AXIS2_PLACEMENT_3D('',#4882,#4025,#4026);
#3227=AXIS2_PLACEMENT_3D('',#4884,#4028,#4029);
#3228=AXIS2_PLACEMENT_3D('',#4888,#4031,#4032);
#3229=AXIS2_PLACEMENT_3D('',#4892,#4034,#4035);
#3230=AXIS2_PLACEMENT_3D('',#4894,#4037,#4038);
#3231=AXIS2_PLACEMENT_3D('',#4900,#4041,#4042);
#3232=AXIS2_PLACEMENT_3D('',#4902,#4044,#4045);
#3233=AXIS2_PLACEMENT_3D('',#4906,#4047,#4048);
#3234=AXIS2_PLACEMENT_3D('',#4908,#4050,#4051);
#3235=AXIS2_PLACEMENT_3D('',#4910,#4052,#4053);
#3236=AXIS2_PLACEMENT_3D('',#4914,#4055,#4056);
#3237=AXIS2_PLACEMENT_3D('',#4916,#4058,#4059);
#3238=AXIS2_PLACEMENT_3D('',#4918,#4061,#4062);
#3239=AXIS2_PLACEMENT_3D('',#4920,#4064,#4065);
#3240=AXIS2_PLACEMENT_3D('',#4922,#4067,#4068);
#3241=AXIS2_PLACEMENT_3D('',#4924,#4070,#4071);
#3242=DIRECTION('axis',(0.,0.,1.));
#3243=DIRECTION('refdir',(1.,0.,0.));
#3244=DIRECTION('center_axis',(0.,0.,-1.));
#3245=DIRECTION('ref_axis',(-1.,0.,0.));
#3246=DIRECTION('',(1.,0.,0.));
#3247=DIRECTION('',(0.,1.,0.));
#3248=DIRECTION('',(-1.,0.,0.));
#3249=DIRECTION('',(0.,-1.,0.));
#3250=DIRECTION('center_axis',(0.,-1.,0.));
#3251=DIRECTION('ref_axis',(0.,0.,1.));
#3252=DIRECTION('',(0.,0.,-1.));
#3253=DIRECTION('',(0.,0.,1.));
#3254=DIRECTION('',(-1.,0.,0.));
#3255=DIRECTION('',(0.,0.,1.));
#3256=DIRECTION('',(1.,0.,0.));
#3257=DIRECTION('',(0.,0.,-1.));
#3258=DIRECTION('',(-1.,0.,0.));
#3259=DIRECTION('center_axis',(0.,1.,0.));
#3260=DIRECTION('ref_axis',(0.258819045102521,0.,-0.965925826289068));
#3261=DIRECTION('',(-0.866025403784439,0.,-0.5));
#3262=DIRECTION('center_axis',(0.,-1.,0.));
#3263=DIRECTION('ref_axis',(-0.258819045102521,0.,0.965925826289068));
#3264=DIRECTION('',(-1.,1.22464679914735E-16,0.));
#3265=DIRECTION('',(0.,0.,1.));
#3266=DIRECTION('',(-1.,1.22464679914735E-16,0.));
#3267=DIRECTION('',(0.,0.,1.));
#3268=DIRECTION('',(1.,0.,0.));
#3269=DIRECTION('',(0.,0.,1.));
#3270=DIRECTION('',(-1.,1.22464679914735E-16,0.));
#3271=DIRECTION('',(0.,0.,1.));
#3272=DIRECTION('',(1.,0.,0.));
#3273=DIRECTION('',(0.,0.,1.));
#3274=DIRECTION('',(-1.,1.22464679914735E-16,0.));
#3275=DIRECTION('center_axis',(0.,1.,0.));
#3276=DIRECTION('ref_axis',(-0.258819045102521,0.,0.965925826289068));
#3277=DIRECTION('',(-0.866025403784439,0.,-0.5));
#3278=DIRECTION('center_axis',(0.,-1.,0.));
#3279=DIRECTION('ref_axis',(0.258819045102521,0.,-0.965925826289068));
#3280=DIRECTION('',(-1.,0.,0.));
#3281=DIRECTION('center_axis',(1.,0.,0.));
#3282=DIRECTION('ref_axis',(0.,0.,-1.));
#3283=DIRECTION('',(0.,-1.,0.));
#3284=DIRECTION('',(0.,0.,1.));
#3285=DIRECTION('center_axis',(0.,0.,1.));
#3286=DIRECTION('ref_axis',(0.,1.,0.));
#3287=DIRECTION('',(0.,-1.,0.));
#3288=DIRECTION('',(-1.,0.,0.));
#3289=DIRECTION('center_axis',(-1.,0.,0.));
#3290=DIRECTION('ref_axis',(0.,0.,1.));
#3291=DIRECTION('',(0.,0.,-1.));
#3292=DIRECTION('',(0.,-1.,0.));
#3293=DIRECTION('center_axis',(0.,0.,-1.));
#3294=DIRECTION('ref_axis',(0.,-1.,0.));
#3295=DIRECTION('',(0.,-1.,0.));
#3296=DIRECTION('',(-1.,0.,0.));
#3297=DIRECTION('center_axis',(-1.,0.,0.));
#3298=DIRECTION('ref_axis',(0.,-1.,0.));
#3299=DIRECTION('',(0.,-1.,0.));
#3300=DIRECTION('',(0.,0.,-1.));
#3301=DIRECTION('center_axis',(-1.,0.,0.));
#3302=DIRECTION('ref_axis',(0.,1.,0.));
#3303=DIRECTION('center_axis',(-1.,0.,0.));
#3304=DIRECTION('ref_axis',(0.,1.,0.));
#3305=DIRECTION('',(-1.,0.,0.));
#3306=DIRECTION('center_axis',(1.,0.,0.));
#3307=DIRECTION('ref_axis',(0.,1.,0.));
#3308=DIRECTION('center_axis',(-1.,0.,0.));
#3309=DIRECTION('ref_axis',(0.,1.,0.));
#3310=DIRECTION('center_axis',(-1.,0.,0.));
#3311=DIRECTION('ref_axis',(0.,1.,0.));
#3312=DIRECTION('',(-1.,0.,0.));
#3313=DIRECTION('center_axis',(1.,0.,0.));
#3314=DIRECTION('ref_axis',(0.,1.,0.));
#3315=DIRECTION('center_axis',(0.,-0.832050294337844,-0.554700196225229));
#3316=DIRECTION('ref_axis',(0.,-0.554700196225229,0.832050294337844));
#3317=DIRECTION('',(0.,0.554700196225229,-0.832050294337844));
#3318=DIRECTION('',(-1.,0.,0.));
#3319=DIRECTION('',(0.,-0.554700196225229,0.832050294337844));
#3320=DIRECTION('',(1.,0.,0.));
#3321=DIRECTION('center_axis',(0.,-0.832050294337844,-0.554700196225229));
#3322=DIRECTION('ref_axis',(0.,-0.554700196225229,0.832050294337844));
#3323=DIRECTION('',(0.,-0.554700196225229,0.832050294337844));
#3324=DIRECTION('',(1.,0.,0.));
#3325=DIRECTION('',(0.,0.554700196225229,-0.832050294337844));
#3326=DIRECTION('',(-1.,0.,0.));
#3327=DIRECTION('center_axis',(-1.,0.,0.));
#3328=DIRECTION('ref_axis',(0.,-1.,0.));
#3329=DIRECTION('',(0.,1.,0.));
#3330=DIRECTION('',(0.,-1.,0.));
#3331=DIRECTION('center_axis',(-1.,0.,0.));
#3332=DIRECTION('ref_axis',(0.,-1.,0.));
#3333=DIRECTION('',(0.,1.,0.));
#3334=DIRECTION('',(0.,-1.,0.));
#3335=DIRECTION('center_axis',(0.,1.,0.));
#3336=DIRECTION('ref_axis',(0.,0.,-1.));
#3337=DIRECTION('',(-1.,1.22464679914735E-16,0.));
#3338=DIRECTION('',(-1.,1.22464679914735E-16,0.));
#3339=DIRECTION('',(0.,0.,-1.));
#3340=DIRECTION('',(-1.,0.,0.));
#3341=DIRECTION('',(0.,0.,1.));
#3342=DIRECTION('',(-1.,1.22464679914735E-16,0.));
#3343=DIRECTION('center_axis',(1.,0.,0.));
#3344=DIRECTION('ref_axis',(0.,1.,0.));
#3345=DIRECTION('',(0.,1.,0.));
#3346=DIRECTION('',(0.,-1.,0.));
#3347=DIRECTION('center_axis',(0.,0.,1.));
#3348=DIRECTION('ref_axis',(1.,0.,0.));
#3349=DIRECTION('center_axis',(0.,0.,1.));
#3350=DIRECTION('ref_axis',(0.,1.,0.));
#3351=DIRECTION('center_axis',(1.,0.,0.));
#3352=DIRECTION('ref_axis',(0.,1.,0.));
#3353=DIRECTION('',(0.,1.,0.));
#3354=DIRECTION('',(0.,-1.,0.));
#3355=DIRECTION('center_axis',(0.,0.,1.));
#3356=DIRECTION('ref_axis',(1.,0.,0.));
#3357=DIRECTION('center_axis',(0.,0.,1.));
#3358=DIRECTION('ref_axis',(0.,1.,0.));
#3359=DIRECTION('',(0.,1.,0.));
#3360=DIRECTION('',(1.,0.,0.));
#3361=DIRECTION('',(0.,1.,0.));
#3362=DIRECTION('',(-1.,1.22464679914735E-16,0.));
#3363=DIRECTION('',(-1.,0.,0.));
#3364=DIRECTION('',(-1.,0.,0.));
#3365=DIRECTION('',(0.,1.,0.));
#3366=DIRECTION('',(0.,-1.,0.));
#3367=DIRECTION('',(-1.,0.,0.));
#3368=DIRECTION('',(0.,1.,0.));
#3369=DIRECTION('',(1.,0.,0.));
#3370=DIRECTION('center_axis',(0.,0.,1.));
#3371=DIRECTION('ref_axis',(0.,1.,0.));
#3372=DIRECTION('center_axis',(0.,0.,-1.));
#3373=DIRECTION('ref_axis',(1.,-1.30614473485313E-16,0.));
#3374=DIRECTION('',(0.,-1.,0.));
#3375=DIRECTION('',(1.,0.,0.));
#3376=DIRECTION('',(0.,-1.,0.));
#3377=DIRECTION('center_axis',(0.,0.,-1.));
#3378=DIRECTION('ref_axis',(1.,-5.18104078158405E-15,0.));
#3379=DIRECTION('center_axis',(-1.,0.,0.));
#3380=DIRECTION('ref_axis',(0.,1.,0.));
#3381=DIRECTION('center_axis',(-1.,0.,0.));
#3382=DIRECTION('ref_axis',(0.,1.,0.));
#3383=DIRECTION('',(-1.,0.,0.));
#3384=DIRECTION('center_axis',(1.,0.,0.));
#3385=DIRECTION('ref_axis',(0.,1.,0.));
#3386=DIRECTION('center_axis',(-1.,0.,0.));
#3387=DIRECTION('ref_axis',(0.,0.707106781186547,-0.707106781186547));
#3388=DIRECTION('center_axis',(1.,0.,0.));
#3389=DIRECTION('ref_axis',(0.,0.707106781186547,-0.707106781186547));
#3390=DIRECTION('',(1.,0.,0.));
#3391=DIRECTION('center_axis',(-1.,0.,0.));
#3392=DIRECTION('ref_axis',(0.,0.707106781186547,-0.707106781186547));
#3393=DIRECTION('',(-1.,0.,0.));
#3394=DIRECTION('center_axis',(1.,0.,0.));
#3395=DIRECTION('ref_axis',(0.,0.,-1.));
#3396=DIRECTION('',(0.,0.,-1.));
#3397=DIRECTION('center_axis',(-1.,0.,0.));
#3398=DIRECTION('ref_axis',(0.,0.707106781186547,0.707106781186547));
#3399=DIRECTION('',(0.,1.,0.));
#3400=DIRECTION('center_axis',(0.,1.,0.));
#3401=DIRECTION('ref_axis',(0.,0.,1.));
#3402=DIRECTION('',(0.,0.,1.));
#3403=DIRECTION('',(-1.,0.,0.));
#3404=DIRECTION('center_axis',(1.,0.,0.));
#3405=DIRECTION('ref_axis',(0.,0.707106781186547,0.707106781186547));
#3406=DIRECTION('center_axis',(1.,0.,0.));
#3407=DIRECTION('ref_axis',(0.,0.707106781186547,0.707106781186547));
#3408=DIRECTION('center_axis',(-1.,0.,0.));
#3409=DIRECTION('ref_axis',(0.,0.,1.));
#3410=DIRECTION('',(0.,1.,0.));
#3411=DIRECTION('',(0.,0.,-1.));
#3412=DIRECTION('center_axis',(0.,1.,0.));
#3413=DIRECTION('ref_axis',(0.,0.,-1.));
#3414=DIRECTION('',(-1.,0.,0.));
#3415=DIRECTION('',(0.,0.,1.));
#3416=DIRECTION('center_axis',(0.,0.,-1.));
#3417=DIRECTION('ref_axis',(1.,1.11022302462516E-16,0.));
#3418=DIRECTION('',(0.,0.,1.));
#3419=DIRECTION('center_axis',(0.,0.,-1.));
#3420=DIRECTION('ref_axis',(1.,-1.30614473485313E-16,0.));
#3421=DIRECTION('center_axis',(0.,0.,-1.));
#3422=DIRECTION('ref_axis',(1.,1.11022302462516E-16,0.));
#3423=DIRECTION('',(0.,0.,-1.));
#3424=DIRECTION('center_axis',(0.,0.,-1.));
#3425=DIRECTION('ref_axis',(1.,-5.18104078158405E-15,0.));
#3426=DIRECTION('center_axis',(1.,0.,0.));
#3427=DIRECTION('ref_axis',(0.,0.,1.));
#3428=DIRECTION('',(0.,0.,-1.));
#3429=DIRECTION('',(0.,-1.,0.));
#3430=DIRECTION('center_axis',(-1.,0.,0.));
#3431=DIRECTION('ref_axis',(0.,0.,-1.));
#3432=DIRECTION('',(0.,0.,1.));
#3433=DIRECTION('',(0.,-1.,0.));
#3434=DIRECTION('center_axis',(0.,1.,0.));
#3435=DIRECTION('ref_axis',(-1.,0.,0.));
#3436=DIRECTION('',(-1.,0.,0.));
#3437=DIRECTION('center_axis',(0.,0.,-1.));
#3438=DIRECTION('ref_axis',(1.,0.,0.));
#3439=DIRECTION('center_axis',(0.,0.,-1.));
#3440=DIRECTION('ref_axis',(1.,0.,0.));
#3441=DIRECTION('',(0.,0.,1.));
#3442=DIRECTION('center_axis',(0.,0.,1.));
#3443=DIRECTION('ref_axis',(1.,0.,0.));
#3444=DIRECTION('center_axis',(0.,0.,-1.));
#3445=DIRECTION('ref_axis',(1.,0.,0.));
#3446=DIRECTION('center_axis',(1.,0.,0.));
#3447=DIRECTION('ref_axis',(0.,1.,0.));
#3448=DIRECTION('',(0.,1.,0.));
#3449=DIRECTION('',(0.,1.,0.));
#3450=DIRECTION('',(0.,0.,1.));
#3451=DIRECTION('center_axis',(0.,0.,1.));
#3452=DIRECTION('ref_axis',(1.,0.,0.));
#3453=DIRECTION('',(-1.,0.,0.));
#3454=DIRECTION('center_axis',(0.,0.,-1.));
#3455=DIRECTION('ref_axis',(0.,-1.,0.));
#3456=DIRECTION('',(-1.,0.,0.));
#3457=DIRECTION('',(0.,1.,0.));
#3458=DIRECTION('center_axis',(0.,1.,0.));
#3459=DIRECTION('ref_axis',(0.,0.,-1.));
#3460=DIRECTION('center_axis',(0.,1.,0.));
#3461=DIRECTION('ref_axis',(0.258819045102521,0.,-0.965925826289068));
#3462=DIRECTION('',(-0.866025403784439,0.,-0.5));
#3463=DIRECTION('center_axis',(0.,-1.,0.));
#3464=DIRECTION('ref_axis',(-0.258819045102521,0.,0.965925826289068));
#3465=DIRECTION('',(0.,0.,-1.));
#3466=DIRECTION('',(-1.,0.,0.));
#3467=DIRECTION('center_axis',(0.,1.,0.));
#3468=DIRECTION('ref_axis',(-0.258819045102521,0.,0.965925826289068));
#3469=DIRECTION('',(-0.866025403784439,0.,-0.5));
#3470=DIRECTION('center_axis',(0.,-1.,0.));
#3471=DIRECTION('ref_axis',(0.258819045102521,0.,-0.965925826289068));
#3472=DIRECTION('center_axis',(-1.,0.,0.));
#3473=DIRECTION('ref_axis',(0.,1.,0.));
#3474=DIRECTION('center_axis',(-1.,0.,0.));
#3475=DIRECTION('ref_axis',(0.,1.,0.));
#3476=DIRECTION('',(-1.,0.,0.));
#3477=DIRECTION('center_axis',(1.,0.,0.));
#3478=DIRECTION('ref_axis',(0.,1.,0.));
#3479=DIRECTION('center_axis',(-1.,0.,0.));
#3480=DIRECTION('ref_axis',(0.,0.707106781186547,0.707106781186548));
#3481=DIRECTION('center_axis',(1.,0.,0.));
#3482=DIRECTION('ref_axis',(0.,0.707106781186547,0.707106781186548));
#3483=DIRECTION('',(1.,0.,0.));
#3484=DIRECTION('center_axis',(-1.,0.,0.));
#3485=DIRECTION('ref_axis',(0.,0.707106781186547,0.707106781186548));
#3486=DIRECTION('',(-1.,0.,0.));
#3487=DIRECTION('center_axis',(1.,0.,0.));
#3488=DIRECTION('ref_axis',(0.,1.,0.));
#3489=DIRECTION('',(0.,1.,0.));
#3490=DIRECTION('center_axis',(-1.,0.,0.));
#3491=DIRECTION('ref_axis',(0.,-0.707106781186547,0.707106781186548));
#3492=DIRECTION('',(0.,0.,1.));
#3493=DIRECTION('',(0.,0.,1.));
#3494=DIRECTION('center_axis',(0.,0.,1.));
#3495=DIRECTION('ref_axis',(1.,0.,0.));
#3496=DIRECTION('',(0.,-1.,0.));
#3497=DIRECTION('',(-1.,0.,0.));
#3498=DIRECTION('center_axis',(1.,0.,0.));
#3499=DIRECTION('ref_axis',(0.,-0.707106781186547,0.707106781186548));
#3500=DIRECTION('center_axis',(1.,0.,0.));
#3501=DIRECTION('ref_axis',(0.,-0.707106781186547,0.707106781186548));
#3502=DIRECTION('',(1.,0.,0.));
#3503=DIRECTION('center_axis',(0.,-1.,0.));
#3504=DIRECTION('ref_axis',(1.,0.,0.));
#3505=DIRECTION('',(0.,0.,1.));
#3506=DIRECTION('center_axis',(-1.,0.,0.));
#3507=DIRECTION('ref_axis',(0.,-1.,0.));
#3508=DIRECTION('',(0.,0.,1.));
#3509=DIRECTION('center_axis',(0.,1.,0.));
#3510=DIRECTION('ref_axis',(-1.,0.,0.));
#3511=DIRECTION('center_axis',(-1.,0.,0.));
#3512=DIRECTION('ref_axis',(0.,0.,-1.));
#3513=DIRECTION('',(0.,-1.,0.));
#3514=DIRECTION('',(0.,0.,1.));
#3515=DIRECTION('',(0.,-1.,0.));
#3516=DIRECTION('center_axis',(1.,0.,0.));
#3517=DIRECTION('ref_axis',(0.,0.5,0.866025403784439));
#3518=DIRECTION('',(0.,-0.5,0.866025403784439));
#3519=DIRECTION('center_axis',(-1.,0.,0.));
#3520=DIRECTION('ref_axis',(0.,-0.5,-0.866025403784439));
#3521=DIRECTION('',(0.,-1.,0.));
#3522=DIRECTION('',(0.,0.,-1.));
#3523=DIRECTION('',(0.,-1.,0.));
#3524=DIRECTION('center_axis',(1.,0.,0.));
#3525=DIRECTION('ref_axis',(0.,-0.5,-0.866025403784438));
#3526=DIRECTION('',(0.,-0.5,0.866025403784439));
#3527=DIRECTION('center_axis',(-1.,0.,0.));
#3528=DIRECTION('ref_axis',(0.,0.5,0.866025403784439));
#3529=DIRECTION('center_axis',(0.,1.,0.));
#3530=DIRECTION('ref_axis',(1.,0.,0.));
#3531=DIRECTION('',(0.,0.,-1.));
#3532=DIRECTION('',(1.,0.,0.));
#3533=DIRECTION('center_axis',(1.,0.,0.));
#3534=DIRECTION('ref_axis',(0.,-0.5,-0.866025403784438));
#3535=DIRECTION('center_axis',(-1.,0.,0.));
#3536=DIRECTION('ref_axis',(0.,-0.5,-0.866025403784438));
#3537=DIRECTION('',(-1.,0.,0.));
#3538=DIRECTION('',(1.,0.,0.));
#3539=DIRECTION('center_axis',(0.,-0.866025403784439,-0.5));
#3540=DIRECTION('ref_axis',(1.,0.,0.));
#3541=DIRECTION('',(0.,-0.5,0.866025403784439));
#3542=DIRECTION('',(1.,0.,0.));
#3543=DIRECTION('center_axis',(-1.,0.,0.));
#3544=DIRECTION('ref_axis',(0.,-0.5,-0.866025403784439));
#3545=DIRECTION('center_axis',(1.,0.,0.));
#3546=DIRECTION('ref_axis',(0.,-0.5,-0.866025403784439));
#3547=DIRECTION('',(-1.,0.,0.));
#3548=DIRECTION('',(1.,0.,0.));
#3549=DIRECTION('center_axis',(0.,0.,1.));
#3550=DIRECTION('ref_axis',(-1.,0.,0.));
#3551=DIRECTION('',(0.,-1.,0.));
#3552=DIRECTION('',(-1.,0.,0.));
#3553=DIRECTION('center_axis',(1.,0.,0.));
#3554=DIRECTION('ref_axis',(0.,0.5,0.866025403784439));
#3555=DIRECTION('',(1.,0.,0.));
#3556=DIRECTION('center_axis',(1.,0.,0.));
#3557=DIRECTION('ref_axis',(0.,0.5,0.866025403784439));
#3558=DIRECTION('center_axis',(-1.,0.,0.));
#3559=DIRECTION('ref_axis',(0.,0.5,0.866025403784439));
#3560=DIRECTION('',(1.,0.,0.));
#3561=DIRECTION('center_axis',(-1.,0.,0.));
#3562=DIRECTION('ref_axis',(0.,0.5,0.866025403784439));
#3563=DIRECTION('',(-1.,0.,0.));
#3564=DIRECTION('center_axis',(0.,0.866025403784439,0.5));
#3565=DIRECTION('ref_axis',(-1.,0.,0.));
#3566=DIRECTION('',(0.,-0.5,0.866025403784439));
#3567=DIRECTION('center_axis',(0.,0.,1.));
#3568=DIRECTION('ref_axis',(-1.,0.,0.));
#3569=DIRECTION('',(0.,-1.,0.));
#3570=DIRECTION('center_axis',(1.,0.,0.));
#3571=DIRECTION('ref_axis',(0.,0.,1.));
#3572=DIRECTION('',(0.,1.,0.));
#3573=DIRECTION('',(0.,-1.,0.));
#3574=DIRECTION('',(0.,0.,1.));
#3575=DIRECTION('center_axis',(0.,0.,-1.));
#3576=DIRECTION('ref_axis',(1.,0.,0.));
#3577=DIRECTION('',(1.,0.,0.));
#3578=DIRECTION('center_axis',(0.,1.,0.));
#3579=DIRECTION('ref_axis',(-1.,0.,0.));
#3580=DIRECTION('center_axis',(0.,0.,-1.));
#3581=DIRECTION('ref_axis',(0.,-1.,0.));
#3582=DIRECTION('',(0.,-1.,0.));
#3583=DIRECTION('center_axis',(0.,-1.,0.));
#3584=DIRECTION('ref_axis',(0.258819045102521,0.,-0.965925826289068));
#3585=DIRECTION('',(0.,-1.,0.));
#3586=DIRECTION('center_axis',(0.5,0.,-0.866025403784439));
#3587=DIRECTION('ref_axis',(0.,-1.,0.));
#3588=DIRECTION('',(0.,1.,0.));
#3589=DIRECTION('center_axis',(0.,-1.,0.));
#3590=DIRECTION('ref_axis',(-0.258819045102521,0.,0.965925826289068));
#3591=DIRECTION('center_axis',(0.,1.,0.));
#3592=DIRECTION('ref_axis',(-0.258819045102521,0.,0.965925826289068));
#3593=DIRECTION('',(0.,-1.,0.));
#3594=DIRECTION('center_axis',(0.,1.,0.));
#3595=DIRECTION('ref_axis',(0.258819045102521,0.,-0.965925826289068));
#3596=DIRECTION('',(0.,1.,0.));
#3597=DIRECTION('center_axis',(-0.5,0.,0.866025403784439));
#3598=DIRECTION('ref_axis',(0.,1.,0.));
#3599=DIRECTION('center_axis',(-1.,0.,0.));
#3600=DIRECTION('ref_axis',(0.,1.,0.));
#3601=DIRECTION('center_axis',(-1.,0.,0.));
#3602=DIRECTION('ref_axis',(0.,1.,0.));
#3603=DIRECTION('',(-1.,0.,0.));
#3604=DIRECTION('center_axis',(1.,0.,0.));
#3605=DIRECTION('ref_axis',(0.,1.,0.));
#3606=DIRECTION('center_axis',(0.,0.,-1.));
#3607=DIRECTION('ref_axis',(0.707106781186548,0.707106781186547,0.));
#3608=DIRECTION('center_axis',(0.,0.,1.));
#3609=DIRECTION('ref_axis',(0.707106781186548,0.707106781186547,0.));
#3610=DIRECTION('',(0.,0.,1.));
#3611=DIRECTION('center_axis',(0.,0.,-1.));
#3612=DIRECTION('ref_axis',(0.707106781186548,0.707106781186547,0.));
#3613=DIRECTION('',(0.,0.,-1.));
#3614=DIRECTION('center_axis',(1.,0.,0.));
#3615=DIRECTION('ref_axis',(0.,0.,1.));
#3616=DIRECTION('',(0.,-1.,0.));
#3617=DIRECTION('center_axis',(-1.,0.,0.));
#3618=DIRECTION('ref_axis',(0.,-0.707106781186548,0.707106781186547));
#3619=DIRECTION('',(0.,0.,1.));
#3620=DIRECTION('center_axis',(-1.,0.,0.));
#3621=DIRECTION('ref_axis',(0.,-0.707106781186548,-0.707106781186547));
#3622=DIRECTION('',(0.,1.,0.));
#3623=DIRECTION('center_axis',(0.,0.,1.));
#3624=DIRECTION('ref_axis',(-1.,0.,0.));
#3625=DIRECTION('',(1.,0.,0.));
#3626=DIRECTION('center_axis',(0.,0.,-1.));
#3627=DIRECTION('ref_axis',(-0.707106781186548,0.707106781186547,0.));
#3628=DIRECTION('',(0.,-1.,0.));
#3629=DIRECTION('',(-1.,0.,0.));
#3630=DIRECTION('center_axis',(0.,0.,1.));
#3631=DIRECTION('ref_axis',(-0.707106781186548,0.707106781186547,0.));
#3632=DIRECTION('',(0.,0.,-1.));
#3633=DIRECTION('center_axis',(0.,0.,1.));
#3634=DIRECTION('ref_axis',(-0.707106781186548,0.707106781186547,0.));
#3635=DIRECTION('',(0.,0.,1.));
#3636=DIRECTION('center_axis',(-1.,0.,0.));
#3637=DIRECTION('ref_axis',(0.,0.,-1.));
#3638=DIRECTION('',(0.,-1.,0.));
#3639=DIRECTION('center_axis',(1.,0.,0.));
#3640=DIRECTION('ref_axis',(0.,-0.707106781186548,-0.707106781186547));
#3641=DIRECTION('',(0.,0.,-1.));
#3642=DIRECTION('center_axis',(1.,0.,0.));
#3643=DIRECTION('ref_axis',(0.,-0.707106781186548,0.707106781186547));
#3644=DIRECTION('center_axis',(-1.,0.,0.));
#3645=DIRECTION('ref_axis',(0.,-0.707106781186548,0.707106781186547));
#3646=DIRECTION('',(1.,0.,0.));
#3647=DIRECTION('center_axis',(0.,-1.,0.));
#3648=DIRECTION('ref_axis',(0.,0.,-1.));
#3649=DIRECTION('',(-1.,0.,0.));
#3650=DIRECTION('center_axis',(1.,0.,0.));
#3651=DIRECTION('ref_axis',(0.,-0.707106781186548,-0.707106781186547));
#3652=DIRECTION('',(1.,0.,0.));
#3653=DIRECTION('center_axis',(0.,0.,-1.));
#3654=DIRECTION('ref_axis',(1.,0.,0.));
#3655=DIRECTION('',(-1.,0.,0.));
#3656=DIRECTION('center_axis',(0.,1.,0.));
#3657=DIRECTION('ref_axis',(0.,0.,1.));
#3658=DIRECTION('center_axis',(0.,0.,-1.));
#3659=DIRECTION('ref_axis',(-1.,0.,0.));
#3660=DIRECTION('',(1.,0.,0.));
#3661=DIRECTION('',(0.,1.,0.));
#3662=DIRECTION('',(-1.,0.,0.));
#3663=DIRECTION('',(0.,-1.,0.));
#3664=DIRECTION('center_axis',(0.,1.,0.));
#3665=DIRECTION('ref_axis',(0.,0.,-1.));
#3666=DIRECTION('',(0.,0.,-1.));
#3667=DIRECTION('',(0.,0.,1.));
#3668=DIRECTION('',(-1.,0.,0.));
#3669=DIRECTION('',(0.,0.,-1.));
#3670=DIRECTION('',(-1.,0.,0.));
#3671=DIRECTION('',(0.,0.,1.));
#3672=DIRECTION('',(-1.,0.,0.));
#3673=DIRECTION('center_axis',(0.,-1.,0.));
#3674=DIRECTION('ref_axis',(0.258819045102521,0.,-0.965925826289068));
#3675=DIRECTION('',(-0.866025403784439,0.,-0.5));
#3676=DIRECTION('center_axis',(0.,1.,0.));
#3677=DIRECTION('ref_axis',(-0.258819045102521,0.,0.965925826289068));
#3678=DIRECTION('',(-1.,0.,0.));
#3679=DIRECTION('',(0.,0.,-1.));
#3680=DIRECTION('',(-1.,0.,0.));
#3681=DIRECTION('center_axis',(0.,-1.,0.));
#3682=DIRECTION('ref_axis',(-0.258819045102521,0.,0.965925826289068));
#3683=DIRECTION('',(-0.866025403784439,0.,-0.5));
#3684=DIRECTION('center_axis',(0.,1.,0.));
#3685=DIRECTION('ref_axis',(0.258819045102521,0.,-0.965925826289068));
#3686=DIRECTION('',(-1.,0.,0.));
#3687=DIRECTION('center_axis',(1.,0.,0.));
#3688=DIRECTION('ref_axis',(0.,0.,-1.));
#3689=DIRECTION('',(0.,-1.,0.));
#3690=DIRECTION('',(0.,0.,1.));
#3691=DIRECTION('center_axis',(0.,0.,-1.));
#3692=DIRECTION('ref_axis',(0.,-1.,0.));
#3693=DIRECTION('',(0.,1.,0.));
#3694=DIRECTION('',(-1.,0.,0.));
#3695=DIRECTION('center_axis',(-1.,0.,0.));
#3696=DIRECTION('ref_axis',(0.,0.,1.));
#3697=DIRECTION('',(0.,0.,-1.));
#3698=DIRECTION('',(0.,-1.,0.));
#3699=DIRECTION('center_axis',(0.,0.,-1.));
#3700=DIRECTION('ref_axis',(0.,-1.,0.));
#3701=DIRECTION('',(0.,1.,0.));
#3702=DIRECTION('',(-1.,0.,0.));
#3703=DIRECTION('center_axis',(-1.,0.,0.));
#3704=DIRECTION('ref_axis',(0.,-1.,0.));
#3705=DIRECTION('',(0.,1.,0.));
#3706=DIRECTION('',(0.,0.,1.));
#3707=DIRECTION('center_axis',(-1.,0.,0.));
#3708=DIRECTION('ref_axis',(0.,1.,0.));
#3709=DIRECTION('center_axis',(-1.,0.,0.));
#3710=DIRECTION('ref_axis',(0.,1.,0.));
#3711=DIRECTION('',(-1.,0.,0.));
#3712=DIRECTION('center_axis',(1.,0.,0.));
#3713=DIRECTION('ref_axis',(0.,1.,0.));
#3714=DIRECTION('center_axis',(-1.,0.,0.));
#3715=DIRECTION('ref_axis',(0.,1.,0.));
#3716=DIRECTION('center_axis',(-1.,0.,0.));
#3717=DIRECTION('ref_axis',(0.,1.,0.));
#3718=DIRECTION('',(-1.,0.,0.));
#3719=DIRECTION('center_axis',(1.,0.,0.));
#3720=DIRECTION('ref_axis',(0.,1.,0.));
#3721=DIRECTION('center_axis',(0.,0.832050294337843,-0.554700196225229));
#3722=DIRECTION('ref_axis',(0.,-0.554700196225229,-0.832050294337844));
#3723=DIRECTION('',(0.,0.554700196225229,0.832050294337844));
#3724=DIRECTION('',(-1.,0.,0.));
#3725=DIRECTION('',(0.,-0.554700196225229,-0.832050294337844));
#3726=DIRECTION('',(1.,0.,0.));
#3727=DIRECTION('center_axis',(0.,0.832050294337843,-0.554700196225229));
#3728=DIRECTION('ref_axis',(0.,-0.554700196225229,-0.832050294337844));
#3729=DIRECTION('',(0.,-0.554700196225229,-0.832050294337844));
#3730=DIRECTION('',(1.,0.,0.));
#3731=DIRECTION('',(0.,0.554700196225229,0.832050294337844));
#3732=DIRECTION('',(-1.,0.,0.));
#3733=DIRECTION('center_axis',(-1.,0.,0.));
#3734=DIRECTION('ref_axis',(0.,-1.,0.));
#3735=DIRECTION('',(0.,-1.,0.));
#3736=DIRECTION('',(0.,0.,1.));
#3737=DIRECTION('',(0.,1.,0.));
#3738=DIRECTION('center_axis',(0.,0.,1.));
#3739=DIRECTION('ref_axis',(1.,0.,0.));
#3740=DIRECTION('',(0.,1.,0.));
#3741=DIRECTION('',(-1.,0.,0.));
#3742=DIRECTION('center_axis',(1.,0.,0.));
#3743=DIRECTION('ref_axis',(0.,1.,0.));
#3744=DIRECTION('',(0.,-1.,0.));
#3745=DIRECTION('',(0.,0.,1.));
#3746=DIRECTION('center_axis',(0.,0.,1.));
#3747=DIRECTION('ref_axis',(1.,0.,0.));
#3748=DIRECTION('',(0.,1.,0.));
#3749=DIRECTION('',(-1.,0.,0.));
#3750=DIRECTION('',(0.,-1.,0.));
#3751=DIRECTION('center_axis',(1.,0.,0.));
#3752=DIRECTION('ref_axis',(0.,1.,0.));
#3753=DIRECTION('',(0.,-1.,0.));
#3754=DIRECTION('',(0.,0.,1.));
#3755=DIRECTION('center_axis',(0.,0.,-1.));
#3756=DIRECTION('ref_axis',(0.,-1.,0.));
#3757=DIRECTION('',(-1.,-1.22464679914735E-16,0.));
#3758=DIRECTION('',(0.,1.,0.));
#3759=DIRECTION('',(-1.,-1.22464679914735E-16,0.));
#3760=DIRECTION('center_axis',(0.,0.,-1.));
#3761=DIRECTION('ref_axis',(0.,-1.,0.));
#3762=DIRECTION('',(-1.,-1.22464679914735E-16,0.));
#3763=DIRECTION('',(0.,-1.,0.));
#3764=DIRECTION('',(-1.,0.,0.));
#3765=DIRECTION('',(-1.,-1.22464679914735E-16,0.));
#3766=DIRECTION('',(0.,1.,0.));
#3767=DIRECTION('',(1.,0.,0.));
#3768=DIRECTION('',(0.,-1.,0.));
#3769=DIRECTION('',(-1.,0.,0.));
#3770=DIRECTION('center_axis',(-1.,0.,0.));
#3771=DIRECTION('ref_axis',(0.,-1.,0.));
#3772=DIRECTION('',(0.,0.,1.));
#3773=DIRECTION('center_axis',(1.,0.,0.));
#3774=DIRECTION('ref_axis',(0.,-0.707106781186547,-0.707106781186547));
#3775=DIRECTION('center_axis',(1.,0.,0.));
#3776=DIRECTION('ref_axis',(0.,-0.707106781186547,-0.707106781186547));
#3777=DIRECTION('',(1.,0.,0.));
#3778=DIRECTION('center_axis',(-1.,0.,0.));
#3779=DIRECTION('ref_axis',(0.,-0.707106781186547,-0.707106781186547));
#3780=DIRECTION('',(-1.,0.,0.));
#3781=DIRECTION('center_axis',(-1.,0.,0.));
#3782=DIRECTION('ref_axis',(0.,0.,-1.));
#3783=DIRECTION('',(0.,0.,-1.));
#3784=DIRECTION('center_axis',(1.,0.,0.));
#3785=DIRECTION('ref_axis',(0.,-0.707106781186547,0.707106781186547));
#3786=DIRECTION('',(0.,-1.,0.));
#3787=DIRECTION('',(0.,0.,1.));
#3788=DIRECTION('',(0.,-1.,0.));
#3789=DIRECTION('center_axis',(1.,0.,0.));
#3790=DIRECTION('ref_axis',(0.,1.,0.));
#3791=DIRECTION('center_axis',(0.,-1.,0.));
#3792=DIRECTION('ref_axis',(0.,0.,-1.));
#3793=DIRECTION('',(0.,0.,1.));
#3794=DIRECTION('',(1.,0.,0.));
#3795=DIRECTION('center_axis',(-1.,0.,0.));
#3796=DIRECTION('ref_axis',(0.,-0.707106781186547,0.707106781186547));
#3797=DIRECTION('center_axis',(-1.,0.,0.));
#3798=DIRECTION('ref_axis',(0.,-0.707106781186547,0.707106781186547));
#3799=DIRECTION('',(-1.,0.,0.));
#3800=DIRECTION('center_axis',(-1.,0.,0.));
#3801=DIRECTION('ref_axis',(0.,1.,0.));
#3802=DIRECTION('center_axis',(-1.,0.,0.));
#3803=DIRECTION('ref_axis',(0.,1.,0.));
#3804=DIRECTION('',(-1.,0.,0.));
#3805=DIRECTION('center_axis',(1.,0.,0.));
#3806=DIRECTION('ref_axis',(0.,0.,1.));
#3807=DIRECTION('',(0.,-1.,0.));
#3808=DIRECTION('',(0.,0.,-1.));
#3809=DIRECTION('',(0.,-1.,0.));
#3810=DIRECTION('center_axis',(0.,1.,0.));
#3811=DIRECTION('ref_axis',(0.,0.,-1.));
#3812=DIRECTION('',(0.,0.,1.));
#3813=DIRECTION('',(-1.,0.,0.));
#3814=DIRECTION('',(-1.,-1.22464679914735E-16,0.));
#3815=DIRECTION('center_axis',(0.,0.,1.));
#3816=DIRECTION('ref_axis',(1.,-1.11022302462516E-16,0.));
#3817=DIRECTION('',(0.,0.,1.));
#3818=DIRECTION('center_axis',(0.,0.,1.));
#3819=DIRECTION('ref_axis',(1.,1.30614473485313E-16,0.));
#3820=DIRECTION('',(0.,0.,1.));
#3821=DIRECTION('center_axis',(0.,0.,1.));
#3822=DIRECTION('ref_axis',(1.,1.30614473485313E-16,0.));
#3823=DIRECTION('center_axis',(0.,0.,1.));
#3824=DIRECTION('ref_axis',(1.,-1.11022302462516E-16,0.));
#3825=DIRECTION('',(0.,0.,-1.));
#3826=DIRECTION('center_axis',(0.,0.,1.));
#3827=DIRECTION('ref_axis',(1.,5.18104078158405E-15,0.));
#3828=DIRECTION('',(0.,0.,-1.));
#3829=DIRECTION('center_axis',(0.,0.,1.));
#3830=DIRECTION('ref_axis',(1.,5.18104078158405E-15,0.));
#3831=DIRECTION('center_axis',(-1.,0.,0.));
#3832=DIRECTION('ref_axis',(0.,0.,1.));
#3833=DIRECTION('',(0.,0.,-1.));
#3834=DIRECTION('',(0.,1.,0.));
#3835=DIRECTION('',(0.,1.,0.));
#3836=DIRECTION('center_axis',(1.,0.,0.));
#3837=DIRECTION('ref_axis',(0.,0.,-1.));
#3838=DIRECTION('',(0.,0.,1.));
#3839=DIRECTION('',(0.,1.,0.));
#3840=DIRECTION('',(0.,1.,0.));
#3841=DIRECTION('center_axis',(0.,1.,0.));
#3842=DIRECTION('ref_axis',(-1.,0.,0.));
#3843=DIRECTION('',(-1.,0.,0.));
#3844=DIRECTION('',(1.,0.,0.));
#3845=DIRECTION('center_axis',(0.,0.,1.));
#3846=DIRECTION('ref_axis',(1.,0.,0.));
#3847=DIRECTION('center_axis',(0.,0.,1.));
#3848=DIRECTION('ref_axis',(1.,0.,0.));
#3849=DIRECTION('',(0.,0.,1.));
#3850=DIRECTION('center_axis',(0.,0.,-1.));
#3851=DIRECTION('ref_axis',(1.,0.,0.));
#3852=DIRECTION('center_axis',(0.,0.,1.));
#3853=DIRECTION('ref_axis',(1.,0.,0.));
#3854=DIRECTION('center_axis',(-1.,0.,0.));
#3855=DIRECTION('ref_axis',(0.,-1.,0.));
#3856=DIRECTION('',(0.,-1.,0.));
#3857=DIRECTION('',(0.,-1.,0.));
#3858=DIRECTION('',(0.,0.,-1.));
#3859=DIRECTION('center_axis',(0.,0.,-1.));
#3860=DIRECTION('ref_axis',(1.,0.,0.));
#3861=DIRECTION('',(1.,0.,0.));
#3862=DIRECTION('center_axis',(0.,0.,1.));
#3863=DIRECTION('ref_axis',(0.,1.,0.));
#3864=DIRECTION('',(-1.,0.,0.));
#3865=DIRECTION('',(0.,-1.,0.));
#3866=DIRECTION('center_axis',(1.,0.,0.));
#3867=DIRECTION('ref_axis',(0.,-1.,0.));
#3868=DIRECTION('center_axis',(1.,0.,0.));
#3869=DIRECTION('ref_axis',(0.,-1.,0.));
#3870=DIRECTION('',(-1.,0.,0.));
#3871=DIRECTION('center_axis',(-1.,0.,0.));
#3872=DIRECTION('ref_axis',(0.,-1.,0.));
#3873=DIRECTION('center_axis',(1.,0.,0.));
#3874=DIRECTION('ref_axis',(0.,-0.707106781186547,0.707106781186548));
#3875=DIRECTION('center_axis',(-1.,0.,0.));
#3876=DIRECTION('ref_axis',(0.,-0.707106781186547,0.707106781186548));
#3877=DIRECTION('',(-1.,0.,0.));
#3878=DIRECTION('center_axis',(1.,0.,0.));
#3879=DIRECTION('ref_axis',(0.,-0.707106781186547,0.707106781186548));
#3880=DIRECTION('',(1.,0.,0.));
#3881=DIRECTION('center_axis',(-1.,0.,0.));
#3882=DIRECTION('ref_axis',(0.,-1.,0.));
#3883=DIRECTION('',(0.,0.,1.));
#3884=DIRECTION('',(0.,0.,1.));
#3885=DIRECTION('center_axis',(1.,0.,0.));
#3886=DIRECTION('ref_axis',(0.,0.707106781186547,0.707106781186548));
#3887=DIRECTION('',(0.,-1.,0.));
#3888=DIRECTION('center_axis',(0.,0.,-1.));
#3889=DIRECTION('ref_axis',(1.,0.,0.));
#3890=DIRECTION('',(-1.,0.,0.));
#3891=DIRECTION('',(0.,1.,0.));
#3892=DIRECTION('center_axis',(-1.,0.,0.));
#3893=DIRECTION('ref_axis',(0.,0.707106781186547,0.707106781186548));
#3894=DIRECTION('',(1.,0.,0.));
#3895=DIRECTION('center_axis',(-1.,0.,0.));
#3896=DIRECTION('ref_axis',(0.,0.707106781186547,0.707106781186548));
#3897=DIRECTION('center_axis',(0.,-1.,0.));
#3898=DIRECTION('ref_axis',(1.,0.,0.));
#3899=DIRECTION('',(0.,0.,1.));
#3900=DIRECTION('center_axis',(1.,0.,0.));
#3901=DIRECTION('ref_axis',(0.,1.,0.));
#3902=DIRECTION('',(0.,0.,1.));
#3903=DIRECTION('center_axis',(0.,1.,0.));
#3904=DIRECTION('ref_axis',(-1.,0.,0.));
#3905=DIRECTION('center_axis',(1.,0.,0.));
#3906=DIRECTION('ref_axis',(0.,0.,-1.));
#3907=DIRECTION('',(0.,1.,0.));
#3908=DIRECTION('center_axis',(1.,0.,0.));
#3909=DIRECTION('ref_axis',(0.,-0.5,0.866025403784439));
#3910=DIRECTION('',(0.,0.5,0.866025403784439));
#3911=DIRECTION('center_axis',(-1.,0.,0.));
#3912=DIRECTION('ref_axis',(0.,0.5,-0.866025403784438));
#3913=DIRECTION('',(0.,1.,0.));
#3914=DIRECTION('',(0.,0.,-1.));
#3915=DIRECTION('',(0.,1.,0.));
#3916=DIRECTION('center_axis',(1.,0.,0.));
#3917=DIRECTION('ref_axis',(0.,0.5,-0.866025403784439));
#3918=DIRECTION('',(0.,0.5,0.866025403784439));
#3919=DIRECTION('center_axis',(-1.,0.,0.));
#3920=DIRECTION('ref_axis',(0.,-0.5,0.866025403784439));
#3921=DIRECTION('',(0.,1.,0.));
#3922=DIRECTION('',(0.,0.,1.));
#3923=DIRECTION('center_axis',(0.,1.,0.));
#3924=DIRECTION('ref_axis',(1.,0.,0.));
#3925=DIRECTION('',(1.,0.,0.));
#3926=DIRECTION('',(0.,0.,-1.));
#3927=DIRECTION('center_axis',(-1.,0.,0.));
#3928=DIRECTION('ref_axis',(0.,0.5,-0.866025403784438));
#3929=DIRECTION('center_axis',(1.,0.,0.));
#3930=DIRECTION('ref_axis',(0.,0.5,-0.866025403784438));
#3931=DIRECTION('',(1.,0.,0.));
#3932=DIRECTION('',(-1.,0.,0.));
#3933=DIRECTION('center_axis',(0.,-0.866025403784439,0.5));
#3934=DIRECTION('ref_axis',(1.,0.,0.));
#3935=DIRECTION('',(1.,0.,0.));
#3936=DIRECTION('',(0.,0.5,0.866025403784439));
#3937=DIRECTION('center_axis',(1.,0.,0.));
#3938=DIRECTION('ref_axis',(0.,0.5,-0.866025403784439));
#3939=DIRECTION('center_axis',(-1.,0.,0.));
#3940=DIRECTION('ref_axis',(0.,0.5,-0.866025403784439));
#3941=DIRECTION('',(1.,0.,0.));
#3942=DIRECTION('',(-1.,0.,0.));
#3943=DIRECTION('center_axis',(0.,0.,-1.));
#3944=DIRECTION('ref_axis',(-1.,0.,0.));
#3945=DIRECTION('',(-1.,0.,0.));
#3946=DIRECTION('',(0.,1.,0.));
#3947=DIRECTION('center_axis',(-1.,0.,0.));
#3948=DIRECTION('ref_axis',(0.,-0.5,0.866025403784439));
#3949=DIRECTION('',(1.,0.,0.));
#3950=DIRECTION('center_axis',(-1.,0.,0.));
#3951=DIRECTION('ref_axis',(0.,-0.5,0.866025403784439));
#3952=DIRECTION('center_axis',(1.,0.,0.));
#3953=DIRECTION('ref_axis',(0.,-0.5,0.866025403784439));
#3954=DIRECTION('',(-1.,0.,0.));
#3955=DIRECTION('center_axis',(1.,0.,0.));
#3956=DIRECTION('ref_axis',(0.,-0.5,0.866025403784439));
#3957=DIRECTION('',(1.,0.,0.));
#3958=DIRECTION('center_axis',(0.,0.866025403784439,-0.5));
#3959=DIRECTION('ref_axis',(-1.,0.,0.));
#3960=DIRECTION('',(0.,0.5,0.866025403784439));
#3961=DIRECTION('center_axis',(0.,0.,-1.));
#3962=DIRECTION('ref_axis',(-1.,0.,0.));
#3963=DIRECTION('',(0.,1.,0.));
#3964=DIRECTION('center_axis',(-1.,0.,0.));
#3965=DIRECTION('ref_axis',(0.,0.,1.));
#3966=DIRECTION('',(0.,-1.,0.));
#3967=DIRECTION('',(0.,0.,1.));
#3968=DIRECTION('',(0.,1.,0.));
#3969=DIRECTION('center_axis',(0.,0.,1.));
#3970=DIRECTION('ref_axis',(1.,0.,0.));
#3971=DIRECTION('',(1.,0.,0.));
#3972=DIRECTION('center_axis',(0.,1.,0.));
#3973=DIRECTION('ref_axis',(-1.,0.,0.));
#3974=DIRECTION('center_axis',(0.,0.,1.));
#3975=DIRECTION('ref_axis',(0.,1.,0.));
#3976=DIRECTION('',(0.,1.,0.));
#3977=DIRECTION('',(-1.,-1.22464679914735E-16,0.));
#3978=DIRECTION('',(-1.,0.,0.));
#3979=DIRECTION('center_axis',(0.,1.,0.));
#3980=DIRECTION('ref_axis',(0.,0.,-1.));
#3981=DIRECTION('',(-1.,-1.22464679914735E-16,0.));
#3982=DIRECTION('center_axis',(0.,-1.,0.));
#3983=DIRECTION('ref_axis',(0.258819045102521,0.,-0.965925826289068));
#3984=DIRECTION('center_axis',(0.,1.,0.));
#3985=DIRECTION('ref_axis',(0.258819045102521,0.,-0.965925826289068));
#3986=DIRECTION('',(0.,1.,0.));
#3987=DIRECTION('center_axis',(-0.5,0.,0.866025403784439));
#3988=DIRECTION('ref_axis',(0.,1.,0.));
#3989=DIRECTION('',(-0.866025403784439,0.,-0.5));
#3990=DIRECTION('',(0.,-1.,0.));
#3991=DIRECTION('center_axis',(0.,-1.,0.));
#3992=DIRECTION('ref_axis',(-0.258819045102521,0.,0.965925826289068));
#3993=DIRECTION('center_axis',(0.,-1.,0.));
#3994=DIRECTION('ref_axis',(-0.258819045102521,0.,0.965925826289068));
#3995=DIRECTION('center_axis',(0.,1.,0.));
#3996=DIRECTION('ref_axis',(-0.258819045102521,0.,0.965925826289068));
#3997=DIRECTION('center_axis',(0.,1.,0.));
#3998=DIRECTION('ref_axis',(-0.258819045102521,0.,0.965925826289068));
#3999=DIRECTION('',(0.,1.,0.));
#4000=DIRECTION('center_axis',(0.,0.,-1.));
#4001=DIRECTION('ref_axis',(0.,-1.,0.));
#4002=DIRECTION('',(-1.,-1.22464679914735E-16,0.));
#4003=DIRECTION('center_axis',(0.,1.,0.));
#4004=DIRECTION('ref_axis',(0.258819045102521,0.,-0.965925826289068));
#4005=DIRECTION('center_axis',(0.,-1.,0.));
#4006=DIRECTION('ref_axis',(0.258819045102521,0.,-0.965925826289068));
#4007=DIRECTION('',(0.,-1.,0.));
#4008=DIRECTION('center_axis',(0.5,0.,-0.866025403784439));
#4009=DIRECTION('ref_axis',(0.,-1.,0.));
#4010=DIRECTION('',(-0.866025403784439,0.,-0.5));
#4011=DIRECTION('center_axis',(0.,-1.,0.));
#4012=DIRECTION('ref_axis',(0.,0.,1.));
#4013=DIRECTION('center_axis',(1.,0.,0.));
#4014=DIRECTION('ref_axis',(0.,-1.,0.));
#4015=DIRECTION('center_axis',(1.,0.,0.));
#4016=DIRECTION('ref_axis',(0.,-1.,0.));
#4017=DIRECTION('',(-1.,0.,0.));
#4018=DIRECTION('center_axis',(-1.,0.,0.));
#4019=DIRECTION('ref_axis',(0.,-1.,0.));
#4020=DIRECTION('center_axis',(0.,0.,1.));
#4021=DIRECTION('ref_axis',(0.707106781186548,-0.707106781186547,0.));
#4022=DIRECTION('center_axis',(0.,0.,-1.));
#4023=DIRECTION('ref_axis',(0.707106781186548,-0.707106781186547,0.));
#4024=DIRECTION('',(0.,0.,-1.));
#4025=DIRECTION('center_axis',(0.,0.,1.));
#4026=DIRECTION('ref_axis',(0.707106781186548,-0.707106781186547,0.));
#4027=DIRECTION('',(0.,0.,1.));
#4028=DIRECTION('center_axis',(-1.,0.,0.));
#4029=DIRECTION('ref_axis',(0.,0.,1.));
#4030=DIRECTION('',(0.,-1.,0.));
#4031=DIRECTION('center_axis',(1.,0.,0.));
#4032=DIRECTION('ref_axis',(0.,0.707106781186548,-0.707106781186547));
#4033=DIRECTION('',(0.,0.,1.));
#4034=DIRECTION('center_axis',(1.,0.,0.));
#4035=DIRECTION('ref_axis',(0.,0.707106781186548,0.707106781186547));
#4036=DIRECTION('',(0.,1.,0.));
#4037=DIRECTION('center_axis',(0.,0.,-1.));
#4038=DIRECTION('ref_axis',(-1.,0.,0.));
#4039=DIRECTION('',(-1.,0.,0.));
#4040=DIRECTION('',(0.,1.,0.));
#4041=DIRECTION('center_axis',(0.,0.,1.));
#4042=DIRECTION('ref_axis',(-0.707106781186548,-0.707106781186547,0.));
#4043=DIRECTION('',(1.,0.,0.));
#4044=DIRECTION('center_axis',(0.,0.,-1.));
#4045=DIRECTION('ref_axis',(-0.707106781186548,-0.707106781186547,0.));
#4046=DIRECTION('',(0.,0.,1.));
#4047=DIRECTION('center_axis',(0.,0.,-1.));
#4048=DIRECTION('ref_axis',(-0.707106781186548,-0.707106781186547,0.));
#4049=DIRECTION('',(0.,0.,-1.));
#4050=DIRECTION('center_axis',(1.,0.,0.));
#4051=DIRECTION('ref_axis',(0.,0.,-1.));
#4052=DIRECTION('center_axis',(-1.,0.,0.));
#4053=DIRECTION('ref_axis',(0.,0.707106781186548,0.707106781186547));
#4054=DIRECTION('',(0.,0.,-1.));
#4055=DIRECTION('center_axis',(-1.,0.,0.));
#4056=DIRECTION('ref_axis',(0.,0.707106781186548,-0.707106781186547));
#4057=DIRECTION('',(0.,1.,0.));
#4058=DIRECTION('center_axis',(1.,0.,0.));
#4059=DIRECTION('ref_axis',(0.,0.707106781186548,0.707106781186547));
#4060=DIRECTION('',(1.,0.,0.));
#4061=DIRECTION('center_axis',(0.,-1.,0.));
#4062=DIRECTION('ref_axis',(0.,0.,-1.));
#4063=DIRECTION('',(-1.,0.,0.));
#4064=DIRECTION('center_axis',(-1.,0.,0.));
#4065=DIRECTION('ref_axis',(0.,0.707106781186548,-0.707106781186547));
#4066=DIRECTION('',(1.,0.,0.));
#4067=DIRECTION('center_axis',(0.,0.,1.));
#4068=DIRECTION('ref_axis',(1.,0.,0.));
#4069=DIRECTION('',(-1.,0.,0.));
#4070=DIRECTION('center_axis',(0.,1.,0.));
#4071=DIRECTION('ref_axis',(0.,0.,1.));
#4072=CARTESIAN_POINT('',(0.,0.,0.));
#4073=CARTESIAN_POINT('Origin',(-25.,-3.5,0.5));
#4074=CARTESIAN_POINT('',(-35.,3.5,0.5));
#4075=CARTESIAN_POINT('',(-17.,3.5,0.5));
#4076=CARTESIAN_POINT('',(11.0372192468697,3.5,0.5));
#4077=CARTESIAN_POINT('',(-35.,-3.5,0.5));
#4078=CARTESIAN_POINT('',(-35.,-1.75,0.5));
#4079=CARTESIAN_POINT('',(-17.,-3.5,0.5));
#4080=CARTESIAN_POINT('',(11.0372192468697,-3.5,0.5));
#4081=CARTESIAN_POINT('',(-17.,-1.75,0.5));
#4082=CARTESIAN_POINT('Origin',(47.0744384937394,-3.5,6.35793166062216));
#4083=CARTESIAN_POINT('',(-17.,-3.5,3.5));
#4084=CARTESIAN_POINT('',(-17.,-3.5,3.92896583031108));
#4085=CARTESIAN_POINT('',(-35.,-3.5,-3.5));
#4086=CARTESIAN_POINT('',(-35.,-3.5,-3.5));
#4087=CARTESIAN_POINT('',(-12.,-3.5,-3.5));
#4088=CARTESIAN_POINT('',(-12.,-3.5,-3.5));
#4089=CARTESIAN_POINT('',(-12.,-3.5,5.55111512312578E-16));
#4090=CARTESIAN_POINT('',(-12.,-3.5,-3.5));
#4091=CARTESIAN_POINT('',(-5.,-3.5,5.55111512312578E-16));
#4092=CARTESIAN_POINT('',(19.2872192468697,-3.5,1.11022302462516E-15));
#4093=CARTESIAN_POINT('',(-5.,-3.5,-3.5));
#4094=CARTESIAN_POINT('',(-5.,-3.5,1.42896583031108));
#4095=CARTESIAN_POINT('',(-0.937822173508929,-3.5,-3.5));
#4096=CARTESIAN_POINT('',(0.937822173508929,-3.5,-3.5));
#4097=CARTESIAN_POINT('',(2.56217782649107,-3.5,-2.56217782649107));
#4098=CARTESIAN_POINT('Origin',(-0.937822173508929,-3.5,3.5));
#4099=CARTESIAN_POINT('',(16.3879050142662,-3.5,5.42010948711324));
#4100=CARTESIAN_POINT('',(18.0122606672484,-3.5,6.35793166062216));
#4101=CARTESIAN_POINT('',(19.8879050142662,-3.5,6.35793166062216));
#4102=CARTESIAN_POINT('Origin',(19.8879050142662,-3.5,-0.642068339377837));
#4103=CARTESIAN_POINT('',(69.0744384937394,-3.5,6.35793166062216));
#4104=CARTESIAN_POINT('',(69.0744384937394,-3.5,6.35793166062216));
#4105=CARTESIAN_POINT('',(69.0744384937394,-3.5,13.3579316606222));
#4106=CARTESIAN_POINT('',(69.0744384937394,-3.5,13.3579316606222));
#4107=CARTESIAN_POINT('',(60.1808288703046,-3.5,13.3579316606222));
#4108=CARTESIAN_POINT('',(69.0744384937394,-3.5,13.3579316606222));
#4109=CARTESIAN_POINT('',(60.1808288703046,-3.5,19.3579316606222));
#4110=CARTESIAN_POINT('',(60.1808288703046,-3.5,13.3579316606222));
#4111=CARTESIAN_POINT('',(58.1808288703046,-3.5,19.3579316606222));
#4112=CARTESIAN_POINT('',(60.1808288703046,-3.5,19.3579316606222));
#4113=CARTESIAN_POINT('',(58.1808288703046,-3.5,13.3579316606222));
#4114=CARTESIAN_POINT('',(58.1808288703046,-3.5,13.3579316606222));
#4115=CARTESIAN_POINT('',(55.9308288703046,-3.5,13.3579316606222));
#4116=CARTESIAN_POINT('',(69.0744384937394,-3.5,13.3579316606222));
#4117=CARTESIAN_POINT('',(55.9308288703046,-3.5,19.3579316606222));
#4118=CARTESIAN_POINT('',(55.9308288703046,-3.5,13.3579316606222));
#4119=CARTESIAN_POINT('',(53.9308288703046,-3.5,19.3579316606222));
#4120=CARTESIAN_POINT('',(53.9308288703046,-3.5,19.3579316606222));
#4121=CARTESIAN_POINT('',(53.9308288703046,-3.5,13.3579316606222));
#4122=CARTESIAN_POINT('',(53.9308288703046,-3.5,13.3579316606222));
#4123=CARTESIAN_POINT('',(18.0122606672484,-3.5,13.3579316606222));
#4124=CARTESIAN_POINT('',(69.0744384937394,-3.5,13.3579316606222));
#4125=CARTESIAN_POINT('',(14.5122606672484,-3.5,12.4201094871132));
#4126=CARTESIAN_POINT('Origin',(18.0122606672484,-3.5,6.35793166062216));
#4127=CARTESIAN_POINT('',(0.686533479473208,-3.5,4.43782217350893));
#4128=CARTESIAN_POINT('',(16.1366163202305,-3.5,13.3579316606222));
#4129=CARTESIAN_POINT('',(-2.81346652052679,-3.5,3.5));
#4130=CARTESIAN_POINT('Origin',(-2.81346652052679,-3.5,10.5));
#4131=CARTESIAN_POINT('',(-0.937822173508929,-3.5,3.5));
#4132=CARTESIAN_POINT('Origin',(-17.,-5.55111512312578E-16,0.));
#4133=CARTESIAN_POINT('',(-17.,3.5,3.5));
#4134=CARTESIAN_POINT('',(-17.,-1.75,3.5));
#4135=CARTESIAN_POINT('',(-17.,3.5,7.42896583031108));
#4136=CARTESIAN_POINT('Origin',(-0.937822173508929,-3.5,3.5));
#4137=CARTESIAN_POINT('',(-2.81346652052679,3.5,3.5));
#4138=CARTESIAN_POINT('',(-2.81346652052679,-3.5,3.5));
#4139=CARTESIAN_POINT('',(-0.937822173508929,3.5,3.5));
#4140=CARTESIAN_POINT('Origin',(-35.,-5.55111512312578E-16,-1.));
#4141=CARTESIAN_POINT('',(-35.,3.5,-3.5));
#4142=CARTESIAN_POINT('',(-35.,3.5,3.5));
#4143=CARTESIAN_POINT('',(-35.,3.5,-3.5));
#4144=CARTESIAN_POINT('Origin',(-12.,3.5,-3.5));
#4145=CARTESIAN_POINT('',(-12.,3.5,-3.5));
#4146=CARTESIAN_POINT('',(-12.,3.5,-3.5));
#4147=CARTESIAN_POINT('',(-12.,3.5,-3.5));
#4148=CARTESIAN_POINT('Origin',(-12.,-5.55111512312578E-16,0.));
#4149=CARTESIAN_POINT('',(-12.,3.5,5.55111512312578E-16));
#4150=CARTESIAN_POINT('',(-12.,-2.77555756156289E-16,5.55111512312578E-16));
#4151=CARTESIAN_POINT('',(-12.,3.5,3.5));
#4152=CARTESIAN_POINT('Origin',(60.1808288703046,-1.5,17.3579316606222));
#4153=CARTESIAN_POINT('',(55.9308288703046,-2.5,17.3579316606222));
#4154=CARTESIAN_POINT('Origin',(55.9308288703046,-1.5,17.3579316606222));
#4155=CARTESIAN_POINT('',(53.9308288703046,-2.5,17.3579316606222));
#4156=CARTESIAN_POINT('',(60.1808288703046,-2.5,17.3579316606222));
#4157=CARTESIAN_POINT('Origin',(53.9308288703046,-1.5,17.3579316606222));
#4158=CARTESIAN_POINT('Origin',(60.1808288703046,-1.5,17.3579316606222));
#4159=CARTESIAN_POINT('',(60.1808288703046,-2.5,17.3579316606222));
#4160=CARTESIAN_POINT('Origin',(60.1808288703046,-1.5,17.3579316606222));
#4161=CARTESIAN_POINT('',(58.1808288703046,-2.5,17.3579316606222));
#4162=CARTESIAN_POINT('',(60.1808288703046,-2.5,17.3579316606222));
#4163=CARTESIAN_POINT('Origin',(58.1808288703046,-1.5,17.3579316606222));
#4164=CARTESIAN_POINT('Origin',(60.1808288703046,3.5,13.3579316606222));
#4165=CARTESIAN_POINT('',(58.1808288703046,-0.500000000000003,19.3579316606222));
#4166=CARTESIAN_POINT('',(58.1808288703046,3.5,13.3579316606222));
#4167=CARTESIAN_POINT('',(58.1808288703046,3.5,13.3579316606222));
#4168=CARTESIAN_POINT('',(60.1808288703046,-0.500000000000003,19.3579316606222));
#4169=CARTESIAN_POINT('',(59.6808288703046,-0.500000000000003,19.3579316606222));
#4170=CARTESIAN_POINT('',(60.1808288703046,3.5,13.3579316606222));
#4171=CARTESIAN_POINT('',(60.1808288703046,2.42307692307692,14.9733162760068));
#4172=CARTESIAN_POINT('',(53.627633682022,3.5,13.3579316606222));
#4173=CARTESIAN_POINT('Origin',(60.1808288703046,3.5,13.3579316606222));
#4174=CARTESIAN_POINT('',(55.9308288703046,3.5,13.3579316606222));
#4175=CARTESIAN_POINT('',(55.9308288703046,-0.500000000000003,19.3579316606222));
#4176=CARTESIAN_POINT('',(55.9308288703046,2.42307692307692,14.9733162760068));
#4177=CARTESIAN_POINT('',(53.9308288703046,3.5,13.3579316606222));
#4178=CARTESIAN_POINT('',(53.627633682022,3.5,13.3579316606222));
#4179=CARTESIAN_POINT('',(53.9308288703046,-0.500000000000003,19.3579316606222));
#4180=CARTESIAN_POINT('',(53.9308288703046,3.5,13.3579316606222));
#4181=CARTESIAN_POINT('',(57.5558288703046,-0.500000000000003,19.3579316606222));
#4182=CARTESIAN_POINT('Origin',(53.9308288703046,3.5,13.3579316606222));
#4183=CARTESIAN_POINT('',(53.9308288703046,-1.38777878078145E-15,13.3579316606222));
#4184=CARTESIAN_POINT('',(53.9308288703046,3.5,19.3579316606222));
#4185=CARTESIAN_POINT('Origin',(58.1808288703046,3.5,13.3579316606222));
#4186=CARTESIAN_POINT('',(58.1808288703046,-1.66533453693773E-15,13.3579316606222));
#4187=CARTESIAN_POINT('',(58.1808288703046,-3.5,19.3579316606222));
#4188=CARTESIAN_POINT('Origin',(47.0744384937394,3.5,13.3579316606222));
#4189=CARTESIAN_POINT('',(69.0744384937394,3.49999999999999,13.3579316606222));
#4190=CARTESIAN_POINT('',(69.0744384937394,3.49999999999999,13.3579316606222));
#4191=CARTESIAN_POINT('',(69.0744384937394,3.49999999999999,13.3579316606222));
#4192=CARTESIAN_POINT('',(69.0744384937394,3.49999999999999,6.35793166062216));
#4193=CARTESIAN_POINT('',(69.0744384937394,3.5,6.35793166062216));
#4194=CARTESIAN_POINT('',(43.3936096234349,3.5,6.35793166062216));
#4195=CARTESIAN_POINT('',(47.0744384937394,3.5,6.35793166062216));
#4196=CARTESIAN_POINT('',(43.3936096234349,3.5,13.3579316606222));
#4197=CARTESIAN_POINT('',(43.3936096234349,3.5,13.3579316606222));
#4198=CARTESIAN_POINT('',(69.0744384937394,3.49999999999999,13.3579316606222));
#4199=CARTESIAN_POINT('Origin',(55.9308288703046,-3.5,13.3579316606222));
#4200=CARTESIAN_POINT('',(55.9308288703046,-3.5,19.3579316606222));
#4201=CARTESIAN_POINT('',(55.9308288703046,-3.5,13.3579316606222));
#4202=CARTESIAN_POINT('Origin',(54.9308288703046,-2.22044604925031E-15,
19.3579316606222));
#4203=CARTESIAN_POINT('Origin',(47.0744384937394,-3.5,13.3579316606222));
#4204=CARTESIAN_POINT('Origin',(60.1808288703046,-3.5,13.3579316606222));
#4205=CARTESIAN_POINT('',(60.1808288703046,3.5,19.3579316606222));
#4206=CARTESIAN_POINT('',(60.1808288703046,-3.5,13.3579316606222));
#4207=CARTESIAN_POINT('Origin',(59.1808288703046,-2.77555756156289E-15,
19.3579316606222));
#4208=CARTESIAN_POINT('Origin',(47.0744384937394,-3.5,13.3579316606222));
#4209=CARTESIAN_POINT('',(43.3936096234349,9.,13.3579316606222));
#4210=CARTESIAN_POINT('',(43.3936096234349,3.5,13.3579316606222));
#4211=CARTESIAN_POINT('',(39.8936096234349,9.,13.3579316606222));
#4212=CARTESIAN_POINT('',(44.3590240585871,9.,13.3579316606222));
#4213=CARTESIAN_POINT('',(39.8936096234349,3.5,13.3579316606222));
#4214=CARTESIAN_POINT('',(39.8936096234349,3.5,13.3579316606222));
#4215=CARTESIAN_POINT('',(32.5,3.5,13.3579316606222));
#4216=CARTESIAN_POINT('',(69.0744384937394,3.49999999999999,13.3579316606222));
#4217=CARTESIAN_POINT('',(27.5,3.5,13.3579316606222));
#4218=CARTESIAN_POINT('',(47.0744384937394,3.5,13.3579316606222));
#4219=CARTESIAN_POINT('',(18.0122606672484,3.5,13.3579316606222));
#4220=CARTESIAN_POINT('',(47.0744384937394,3.5,13.3579316606222));
#4221=CARTESIAN_POINT('',(18.0122606672484,-3.5,13.3579316606222));
#4222=CARTESIAN_POINT('',(35.,2.,13.3579316606222));
#4223=CARTESIAN_POINT('',(35.,-2.,13.3579316606222));
#4224=CARTESIAN_POINT('',(35.,-2.75,13.3579316606222));
#4225=CARTESIAN_POINT('',(25.,-2.,13.3579316606222));
#4226=CARTESIAN_POINT('',(36.0372192468697,-2.,13.3579316606222));
#4227=CARTESIAN_POINT('',(25.,2.,13.3579316606222));
#4228=CARTESIAN_POINT('',(25.,-0.75,13.3579316606222));
#4229=CARTESIAN_POINT('',(41.0372192468697,2.,13.3579316606222));
#4230=CARTESIAN_POINT('Origin',(47.0744384937394,-3.5,13.3579316606222));
#4231=CARTESIAN_POINT('',(77.5744384937394,4.99999999999999,13.3579316606222));
#4232=CARTESIAN_POINT('Origin',(69.0744384937394,4.99999999999999,13.3579316606222));
#4233=CARTESIAN_POINT('',(77.5744384937394,26.5,13.3579316606222));
#4234=CARTESIAN_POINT('',(77.5744384937394,26.5,13.3579316606222));
#4235=CARTESIAN_POINT('',(70.5744384937394,26.5,13.3579316606222));
#4236=CARTESIAN_POINT('',(70.5744384937394,26.5,13.3579316606222));
#4237=CARTESIAN_POINT('',(70.5744384937394,4.99999999999999,13.3579316606222));
#4238=CARTESIAN_POINT('',(70.5744384937394,26.5,13.3579316606222));
#4239=CARTESIAN_POINT('Origin',(69.0744384937394,5.,13.3579316606222));
#4240=CARTESIAN_POINT('Origin',(43.3936096234349,9.5,9.85793166062216));
#4241=CARTESIAN_POINT('',(43.3936096234349,8.5,9.85793166062216));
#4242=CARTESIAN_POINT('Origin',(43.3936096234349,9.5,9.85793166062216));
#4243=CARTESIAN_POINT('',(39.8936096234349,8.5,9.85793166062216));
#4244=CARTESIAN_POINT('',(43.3936096234349,8.5,9.85793166062216));
#4245=CARTESIAN_POINT('Origin',(39.8936096234349,9.5,9.85793166062216));
#4246=CARTESIAN_POINT('Origin',(44.3590240585871,9.,8.85793166062216));
#4247=CARTESIAN_POINT('',(39.8936096234349,9.,6.35793166062216));
#4248=CARTESIAN_POINT('',(39.8936096234349,11.5,8.85793166062216));
#4249=CARTESIAN_POINT('Origin',(39.8936096234349,9.,8.85793166062216));
#4250=CARTESIAN_POINT('',(43.3936096234349,11.5,8.85793166062216));
#4251=CARTESIAN_POINT('',(44.3590240585871,11.5,8.85793166062216));
#4252=CARTESIAN_POINT('',(43.3936096234349,9.,6.35793166062216));
#4253=CARTESIAN_POINT('Origin',(43.3936096234349,9.,8.85793166062216));
#4254=CARTESIAN_POINT('',(44.3590240585871,9.,6.35793166062216));
#4255=CARTESIAN_POINT('Origin',(43.3936096234349,3.5,13.3579316606222));
#4256=CARTESIAN_POINT('',(43.3936096234349,11.5,10.8579316606222));
#4257=CARTESIAN_POINT('',(43.3936096234349,11.5,6.35793166062216));
#4258=CARTESIAN_POINT('Origin',(43.3936096234349,9.,10.8579316606222));
#4259=CARTESIAN_POINT('',(43.3936096234349,3.5,6.35793166062216));
#4260=CARTESIAN_POINT('Origin',(41.6436096234349,11.5,9.85793166062216));
#4261=CARTESIAN_POINT('',(39.8936096234349,11.5,10.8579316606222));
#4262=CARTESIAN_POINT('',(39.8936096234349,11.5,13.3579316606222));
#4263=CARTESIAN_POINT('',(44.3590240585871,11.5,10.8579316606222));
#4264=CARTESIAN_POINT('Origin',(44.3590240585871,9.,10.8579316606222));
#4265=CARTESIAN_POINT('Origin',(39.8936096234349,9.,10.8579316606222));
#4266=CARTESIAN_POINT('Origin',(39.8936096234349,3.5,6.35793166062216));
#4267=CARTESIAN_POINT('',(39.8936096234349,3.5,6.35793166062216));
#4268=CARTESIAN_POINT('',(39.8936096234349,3.5,6.35793166062216));
#4269=CARTESIAN_POINT('',(39.8936096234349,3.5,9.85793166062216));
#4270=CARTESIAN_POINT('Origin',(47.0744384937394,3.5,13.3579316606222));
#4271=CARTESIAN_POINT('',(32.5,3.5,6.35793166062216));
#4272=CARTESIAN_POINT('',(47.0744384937394,3.5,6.35793166062216));
#4273=CARTESIAN_POINT('',(32.5,3.5,1.70172449435892));
#4274=CARTESIAN_POINT('Origin',(69.0744384937394,5.,9.85793166062216));
#4275=CARTESIAN_POINT('',(77.5744384937394,4.99999999999999,6.35793166062216));
#4276=CARTESIAN_POINT('',(77.5744384937394,4.99999999999999,13.3579316606222));
#4277=CARTESIAN_POINT('Origin',(69.0744384937394,4.99999999999999,6.35793166062216));
#4278=CARTESIAN_POINT('Origin',(69.0744384937394,5.,9.85793166062216));
#4279=CARTESIAN_POINT('',(70.5744384937394,4.99999999999999,6.35793166062216));
#4280=CARTESIAN_POINT('',(70.5744384937394,4.99999999999999,6.35793166062216));
#4281=CARTESIAN_POINT('Origin',(69.0744384937394,5.,6.35793166062216));
#4282=CARTESIAN_POINT('Origin',(77.5744384937394,26.5,6.35793166062216));
#4283=CARTESIAN_POINT('',(77.5744384937394,26.5,6.35793166062216));
#4284=CARTESIAN_POINT('',(77.5744384937394,26.5,13.3579316606222));
#4285=CARTESIAN_POINT('',(77.5744384937394,26.5,6.35793166062216));
#4286=CARTESIAN_POINT('Origin',(70.5744384937394,26.5,13.3579316606222));
#4287=CARTESIAN_POINT('',(70.5744384937394,26.5,6.35793166062216));
#4288=CARTESIAN_POINT('',(70.5744384937394,26.5,6.35793166062216));
#4289=CARTESIAN_POINT('',(70.5744384937394,26.5,6.35793166062216));
#4290=CARTESIAN_POINT('Origin',(74.0744384937394,26.5,9.85793166062216));
#4291=CARTESIAN_POINT('',(77.5744384937394,26.5,6.35793166062216));
#4292=CARTESIAN_POINT('Origin',(-8.5,-5.55111512312578E-16,5.55111512312578E-16));
#4293=CARTESIAN_POINT('',(-9.75,-4.02030662419159E-16,-3.5));
#4294=CARTESIAN_POINT('Origin',(-8.5,-5.55111512312578E-16,-3.5));
#4295=CARTESIAN_POINT('',(-9.75,-4.02030662419159E-16,5.55111512312578E-16));
#4296=CARTESIAN_POINT('',(-9.75,-4.02030662419159E-16,5.55111512312578E-16));
#4297=CARTESIAN_POINT('Origin',(-8.5,-5.55111512312578E-16,5.55111512312578E-16));
#4298=CARTESIAN_POINT('Origin',(-8.5,-5.55111512312578E-16,-3.5));
#4299=CARTESIAN_POINT('Origin',(-5.,-3.5,-3.5));
#4300=CARTESIAN_POINT('',(-5.,3.5,-3.5));
#4301=CARTESIAN_POINT('',(-5.,0.,-3.5));
#4302=CARTESIAN_POINT('',(-5.,3.5,5.55111512312578E-16));
#4303=CARTESIAN_POINT('',(-5.,-3.5,5.55111512312578E-16));
#4304=CARTESIAN_POINT('',(-5.,3.5,4.92896583031108));
#4305=CARTESIAN_POINT('Origin',(-8.5,-5.55111512312578E-16,5.55111512312578E-16));
#4306=CARTESIAN_POINT('',(19.2872192468697,3.5,0.));
#4307=CARTESIAN_POINT('Origin',(0.937822173508931,3.5,-3.5));
#4308=CARTESIAN_POINT('',(-0.937822173508929,3.5,-3.5));
#4309=CARTESIAN_POINT('',(0.937822173508929,3.5,-3.5));
#4310=CARTESIAN_POINT('',(-0.937822173508929,3.5,-3.5));
#4311=CARTESIAN_POINT('Origin',(47.0744384937394,3.5,13.3579316606222));
#4312=CARTESIAN_POINT('',(0.686533479473208,3.5,4.43782217350893));
#4313=CARTESIAN_POINT('Origin',(-2.81346652052679,3.5,10.5));
#4314=CARTESIAN_POINT('',(14.5122606672484,3.5,12.4201094871132));
#4315=CARTESIAN_POINT('',(16.1366163202305,3.5,13.3579316606222));
#4316=CARTESIAN_POINT('Origin',(18.0122606672484,3.5,6.35793166062216));
#4317=CARTESIAN_POINT('',(27.5,3.5,6.35793166062216));
#4318=CARTESIAN_POINT('',(27.5,3.5,5.20172449435892));
#4319=CARTESIAN_POINT('',(19.8879050142662,3.5,6.35793166062216));
#4320=CARTESIAN_POINT('',(47.0744384937394,3.5,6.35793166062216));
#4321=CARTESIAN_POINT('',(16.3879050142662,3.5,5.42010948711324));
#4322=CARTESIAN_POINT('Origin',(19.8879050142662,3.5,-0.642068339377837));
#4323=CARTESIAN_POINT('',(2.56217782649107,3.5,-2.56217782649107));
#4324=CARTESIAN_POINT('',(18.0122606672484,3.5,6.35793166062216));
#4325=CARTESIAN_POINT('Origin',(-0.937822173508929,3.5,3.5));
#4326=CARTESIAN_POINT('Origin',(35.,-3.65325966551488E-16,18.3579316606222));
#4327=CARTESIAN_POINT('',(35.,-1.,18.3579316606222));
#4328=CARTESIAN_POINT('Origin',(35.,-3.65325966551488E-16,18.3579316606222));
#4329=CARTESIAN_POINT('',(25.,-1.,18.3579316606222));
#4330=CARTESIAN_POINT('',(35.,-1.,18.3579316606222));
#4331=CARTESIAN_POINT('Origin',(25.,-3.65325966551488E-16,18.3579316606222));
#4332=CARTESIAN_POINT('Origin',(32.5,0.25,18.6079316606222));
#4333=CARTESIAN_POINT('',(25.,2.,18.6079316606222));
#4334=CARTESIAN_POINT('',(25.,0.25,20.3579316606222));
#4335=CARTESIAN_POINT('Origin',(25.,0.25,18.6079316606222));
#4336=CARTESIAN_POINT('',(35.,0.25,20.3579316606222));
#4337=CARTESIAN_POINT('',(32.5,0.25,20.3579316606222));
#4338=CARTESIAN_POINT('',(35.,2.,18.6079316606222));
#4339=CARTESIAN_POINT('Origin',(35.,0.25,18.6079316606222));
#4340=CARTESIAN_POINT('',(32.5,2.,18.6079316606222));
#4341=CARTESIAN_POINT('Origin',(35.,-2.,13.3579316606222));
#4342=CARTESIAN_POINT('',(35.,-0.25,20.3579316606222));
#4343=CARTESIAN_POINT('',(35.,2.,20.3579316606222));
#4344=CARTESIAN_POINT('',(35.,-2.,18.6079316606222));
#4345=CARTESIAN_POINT('Origin',(35.,-0.25,18.6079316606222));
#4346=CARTESIAN_POINT('',(35.,-2.,13.3579316606222));
#4347=CARTESIAN_POINT('',(35.,2.,13.3579316606222));
#4348=CARTESIAN_POINT('Origin',(30.,0.,20.3579316606222));
#4349=CARTESIAN_POINT('',(25.,-0.25,20.3579316606222));
#4350=CARTESIAN_POINT('',(25.,-2.,20.3579316606222));
#4351=CARTESIAN_POINT('',(27.5,-0.25,20.3579316606222));
#4352=CARTESIAN_POINT('Origin',(27.5,-0.25,18.6079316606222));
#4353=CARTESIAN_POINT('',(25.,-2.,18.6079316606222));
#4354=CARTESIAN_POINT('Origin',(25.,-0.25,18.6079316606222));
#4355=CARTESIAN_POINT('',(27.5,-2.,18.6079316606222));
#4356=CARTESIAN_POINT('Origin',(25.,-2.,13.3579316606222));
#4357=CARTESIAN_POINT('',(25.,-2.,13.3579316606222));
#4358=CARTESIAN_POINT('Origin',(25.,2.,13.3579316606222));
#4359=CARTESIAN_POINT('',(25.,2.,13.3579316606222));
#4360=CARTESIAN_POINT('Origin',(35.,2.,13.3579316606222));
#4361=CARTESIAN_POINT('Origin',(27.5,26.5,-2.95448267190433));
#4362=CARTESIAN_POINT('',(27.5,2.34095201006581,6.35793166062216));
#4363=CARTESIAN_POINT('',(27.5,15.,6.35793166062216));
#4364=CARTESIAN_POINT('',(27.5,3.5,13.5));
#4365=CARTESIAN_POINT('',(27.5,3.5,5.27275866404783));
#4366=CARTESIAN_POINT('',(27.5,4.97927405783631,13.5));
#4367=CARTESIAN_POINT('',(27.5,9.02072594216369,13.5));
#4368=CARTESIAN_POINT('',(27.5,11.0414518843274,10.));
#4369=CARTESIAN_POINT('Origin',(27.5,4.97927405783631,6.5));
#4370=CARTESIAN_POINT('',(27.5,16.5,0.545517328095664));
#4371=CARTESIAN_POINT('',(27.5,18.5207259421637,-2.95448267190433));
#4372=CARTESIAN_POINT('',(27.5,22.5621778264911,-2.95448267190433));
#4373=CARTESIAN_POINT('Origin',(27.5,22.5621778264911,4.04551732809567));
#4374=CARTESIAN_POINT('',(27.5,26.5,-2.95448267190433));
#4375=CARTESIAN_POINT('',(27.5,26.5,-2.95448267190433));
#4376=CARTESIAN_POINT('',(27.5,26.5,-9.95448267190433));
#4377=CARTESIAN_POINT('',(27.5,26.5,-2.95448267190433));
#4378=CARTESIAN_POINT('',(27.5,18.5207259421637,-9.95448267190433));
#4379=CARTESIAN_POINT('',(27.5,26.5,-9.95448267190433));
#4380=CARTESIAN_POINT('',(27.5,12.4585481156726,-6.45448267190434));
#4381=CARTESIAN_POINT('Origin',(27.5,18.5207259421637,-2.95448267190433));
#4382=CARTESIAN_POINT('',(27.5,7.,3.));
#4383=CARTESIAN_POINT('',(27.5,14.4792740578363,-9.95448267190433));
#4384=CARTESIAN_POINT('Origin',(27.5,0.937822173508926,-0.499999999999998));
#4385=CARTESIAN_POINT('Origin',(27.5,3.5,13.5));
#4386=CARTESIAN_POINT('',(32.5,3.5,13.5));
#4387=CARTESIAN_POINT('',(32.5,3.5,1.77275866404783));
#4388=CARTESIAN_POINT('',(30.,3.5,13.5));
#4389=CARTESIAN_POINT('Origin',(27.5,18.5207259421637,-2.95448267190433));
#4390=CARTESIAN_POINT('',(32.5,18.5207259421637,-9.95448267190433));
#4391=CARTESIAN_POINT('',(32.5,12.4585481156726,-6.45448267190434));
#4392=CARTESIAN_POINT('Origin',(32.5,18.5207259421637,-2.95448267190433));
#4393=CARTESIAN_POINT('',(27.5,12.4585481156726,-6.45448267190433));
#4394=CARTESIAN_POINT('',(27.5,18.5207259421637,-9.95448267190433));
#4395=CARTESIAN_POINT('Origin',(27.5,14.4792740578363,-9.95448267190433));
#4396=CARTESIAN_POINT('',(32.5,7.,3.));
#4397=CARTESIAN_POINT('',(32.5,14.4792740578363,-9.95448267190433));
#4398=CARTESIAN_POINT('',(27.5,7.,3.));
#4399=CARTESIAN_POINT('Origin',(32.5,22.5621778264911,4.04551732809567));
#4400=CARTESIAN_POINT('',(32.5,16.5,0.545517328095664));
#4401=CARTESIAN_POINT('',(32.5,22.5621778264911,-2.95448267190433));
#4402=CARTESIAN_POINT('Origin',(32.5,22.5621778264911,4.04551732809567));
#4403=CARTESIAN_POINT('',(32.5,22.5621778264911,-2.95448267190433));
#4404=CARTESIAN_POINT('',(32.5,16.5,0.545517328095665));
#4405=CARTESIAN_POINT('Origin',(32.5,26.5,-2.95448267190433));
#4406=CARTESIAN_POINT('',(32.5,26.5,-2.95448267190433));
#4407=CARTESIAN_POINT('',(32.5,26.5,-2.95448267190433));
#4408=CARTESIAN_POINT('',(32.5,26.5,-2.95448267190433));
#4409=CARTESIAN_POINT('Origin',(27.5,0.937822173508926,-0.499999999999998));
#4410=CARTESIAN_POINT('',(32.5,2.34095201006581,6.35793166062216));
#4411=CARTESIAN_POINT('',(27.5,2.34095201006581,6.35793166062216));
#4412=CARTESIAN_POINT('Origin',(32.5,0.937822173508926,-0.499999999999998));
#4413=CARTESIAN_POINT('Origin',(32.5,4.97927405783631,6.5));
#4414=CARTESIAN_POINT('',(32.5,4.97927405783631,13.5));
#4415=CARTESIAN_POINT('',(32.5,4.97927405783631,13.5));
#4416=CARTESIAN_POINT('',(32.5,11.0414518843274,10.));
#4417=CARTESIAN_POINT('Origin',(32.5,4.97927405783631,6.5));
#4418=CARTESIAN_POINT('',(32.5,11.0414518843274,10.));
#4419=CARTESIAN_POINT('Origin',(32.5,18.5207259421637,-2.95448267190433));
#4420=CARTESIAN_POINT('',(32.5,18.5207259421637,-2.95448267190433));
#4421=CARTESIAN_POINT('Origin',(32.5,9.02072594216369,13.5));
#4422=CARTESIAN_POINT('',(32.5,9.02072594216369,13.5));
#4423=CARTESIAN_POINT('Origin',(32.5,26.5,-9.95448267190433));
#4424=CARTESIAN_POINT('',(32.5,15.,6.35793166062216));
#4425=CARTESIAN_POINT('',(32.5,26.5,-9.95448267190433));
#4426=CARTESIAN_POINT('',(32.5,26.5,-9.95448267190433));
#4427=CARTESIAN_POINT('',(32.5,26.5,-9.95448267190433));
#4428=CARTESIAN_POINT('Origin',(27.5,26.5,-9.95448267190433));
#4429=CARTESIAN_POINT('',(27.5,26.5,-9.95448267190433));
#4430=CARTESIAN_POINT('Origin',(30.,26.5,-6.45448267190433));
#4431=CARTESIAN_POINT('Origin',(47.0744384937394,3.5,6.35793166062216));
#4432=CARTESIAN_POINT('',(19.8879050142662,3.5,6.35793166062216));
#4433=CARTESIAN_POINT('Origin',(-0.937822173508929,3.5,3.5));
#4434=CARTESIAN_POINT('',(2.56217782649107,3.5,-2.56217782649107));
#4435=CARTESIAN_POINT('Origin',(18.0122606672484,3.5,6.35793166062216));
#4436=CARTESIAN_POINT('',(16.3879050142662,3.5,5.42010948711324));
#4437=CARTESIAN_POINT('Origin',(19.8879050142662,3.5,-0.642068339377837));
#4438=CARTESIAN_POINT('Origin',(18.0122606672484,-3.5,6.35793166062216));
#4439=CARTESIAN_POINT('',(14.5122606672484,-3.5,12.4201094871132));
#4440=CARTESIAN_POINT('Origin',(-2.81346652052679,-3.5,10.5));
#4441=CARTESIAN_POINT('',(0.686533479473209,-3.5,4.43782217350893));
#4442=CARTESIAN_POINT('Origin',(16.1366163202305,-3.5,13.3579316606222));
#4443=CARTESIAN_POINT('Origin',(35.,9.5,-6.45448267190434));
#4444=CARTESIAN_POINT('',(35.,8.5,-6.45448267190434));
#4445=CARTESIAN_POINT('Origin',(35.,9.5,-6.45448267190434));
#4446=CARTESIAN_POINT('',(25.,8.5,-6.45448267190434));
#4447=CARTESIAN_POINT('',(35.,8.5,-6.45448267190434));
#4448=CARTESIAN_POINT('Origin',(25.,9.5,-6.45448267190434));
#4449=CARTESIAN_POINT('Origin',(31.5,13.,-7.45448267190434));
#4450=CARTESIAN_POINT('',(35.,13.,-8.45448267190434));
#4451=CARTESIAN_POINT('',(31.5,16.5,-8.45448267190434));
#4452=CARTESIAN_POINT('Origin',(31.5,13.,-8.45448267190434));
#4453=CARTESIAN_POINT('',(31.5,16.5,-4.45448267190434));
#4454=CARTESIAN_POINT('',(31.5,16.5,-7.45448267190434));
#4455=CARTESIAN_POINT('',(35.,13.,-4.45448267190434));
#4456=CARTESIAN_POINT('Origin',(31.5,13.,-4.45448267190434));
#4457=CARTESIAN_POINT('',(35.,13.,-7.45448267190434));
#4458=CARTESIAN_POINT('Origin',(35.,14.5,-8.45448267190434));
#4459=CARTESIAN_POINT('',(35.,9.25,-4.45448267190434));
#4460=CARTESIAN_POINT('',(35.,14.5,-4.45448267190434));
#4461=CARTESIAN_POINT('',(35.,7.5,-6.20448267190434));
#4462=CARTESIAN_POINT('Origin',(35.,9.25,-6.20448267190434));
#4463=CARTESIAN_POINT('',(35.,7.5,-6.70448267190434));
#4464=CARTESIAN_POINT('',(35.,7.5,-8.45448267190434));
#4465=CARTESIAN_POINT('',(35.,9.25,-8.45448267190434));
#4466=CARTESIAN_POINT('Origin',(35.,9.25,-6.70448267190434));
#4467=CARTESIAN_POINT('',(35.,14.5,-8.45448267190434));
#4468=CARTESIAN_POINT('Origin',(35.,14.5,-4.45448267190434));
#4469=CARTESIAN_POINT('',(28.5,16.5,-4.45448267190434));
#4470=CARTESIAN_POINT('',(35.,16.5,-4.45448267190434));
#4471=CARTESIAN_POINT('',(25.,13.,-4.45448267190434));
#4472=CARTESIAN_POINT('Origin',(28.5,13.,-4.45448267190434));
#4473=CARTESIAN_POINT('',(25.,9.25,-4.45448267190434));
#4474=CARTESIAN_POINT('',(25.,14.5,-4.45448267190434));
#4475=CARTESIAN_POINT('',(32.5,9.25,-4.45448267190434));
#4476=CARTESIAN_POINT('Origin',(28.5,13.,-5.45448267190434));
#4477=CARTESIAN_POINT('',(28.5,16.5,-8.45448267190434));
#4478=CARTESIAN_POINT('',(28.5,16.5,-5.45448267190434));
#4479=CARTESIAN_POINT('',(25.,13.,-8.45448267190434));
#4480=CARTESIAN_POINT('Origin',(28.5,13.,-8.45448267190434));
#4481=CARTESIAN_POINT('',(25.,13.,-5.45448267190434));
#4482=CARTESIAN_POINT('Origin',(25.,14.5,-4.45448267190434));
#4483=CARTESIAN_POINT('',(25.,9.25,-8.45448267190434));
#4484=CARTESIAN_POINT('',(25.,14.5,-8.45448267190434));
#4485=CARTESIAN_POINT('',(25.,7.5,-6.70448267190434));
#4486=CARTESIAN_POINT('Origin',(25.,9.25,-6.70448267190434));
#4487=CARTESIAN_POINT('',(25.,7.5,-6.20448267190434));
#4488=CARTESIAN_POINT('',(25.,7.5,-4.45448267190434));
#4489=CARTESIAN_POINT('Origin',(25.,9.25,-6.20448267190434));
#4490=CARTESIAN_POINT('Origin',(32.5,9.25,-6.20448267190434));
#4491=CARTESIAN_POINT('',(32.5,7.5,-6.20448267190434));
#4492=CARTESIAN_POINT('Origin',(30.,7.5,-6.45448267190434));
#4493=CARTESIAN_POINT('',(27.5,7.5,-6.70448267190434));
#4494=CARTESIAN_POINT('Origin',(27.5,9.25,-6.70448267190434));
#4495=CARTESIAN_POINT('',(27.5,9.25,-8.45448267190434));
#4496=CARTESIAN_POINT('Origin',(25.,14.5,-8.45448267190434));
#4497=CARTESIAN_POINT('',(25.,16.5,-8.45448267190434));
#4498=CARTESIAN_POINT('Origin',(30.,16.5,-6.45448267190434));
#4499=CARTESIAN_POINT('Origin',(-25.,49.5,0.5));
#4500=CARTESIAN_POINT('',(-35.,56.5,0.5));
#4501=CARTESIAN_POINT('',(-17.,56.5,0.5));
#4502=CARTESIAN_POINT('',(11.0372192468697,56.5,0.5));
#4503=CARTESIAN_POINT('',(-35.,49.5,0.5));
#4504=CARTESIAN_POINT('',(-35.,51.25,0.5));
#4505=CARTESIAN_POINT('',(-17.,49.5,0.5));
#4506=CARTESIAN_POINT('',(11.0372192468697,49.5,0.5));
#4507=CARTESIAN_POINT('',(-17.,51.25,0.5));
#4508=CARTESIAN_POINT('Origin',(47.0744384937394,49.5,13.3579316606222));
#4509=CARTESIAN_POINT('',(-17.,49.5,3.5));
#4510=CARTESIAN_POINT('',(-17.,49.5,7.42896583031108));
#4511=CARTESIAN_POINT('',(-35.,49.5,-3.5));
#4512=CARTESIAN_POINT('',(-35.,49.5,-3.5));
#4513=CARTESIAN_POINT('',(-12.,49.5,-3.5));
#4514=CARTESIAN_POINT('',(-12.,49.5,-3.5));
#4515=CARTESIAN_POINT('',(-12.,49.5,5.55111512312578E-16));
#4516=CARTESIAN_POINT('',(-12.,49.5,3.5));
#4517=CARTESIAN_POINT('',(-5.,49.5,5.55111512312578E-16));
#4518=CARTESIAN_POINT('',(19.2872192468697,49.5,0.));
#4519=CARTESIAN_POINT('',(-5.,49.5,-3.5));
#4520=CARTESIAN_POINT('',(-5.,49.5,4.92896583031108));
#4521=CARTESIAN_POINT('',(-0.937822173508929,49.5,-3.5));
#4522=CARTESIAN_POINT('',(0.937822173508929,49.5,-3.5));
#4523=CARTESIAN_POINT('',(2.56217782649107,49.5,-2.56217782649107));
#4524=CARTESIAN_POINT('Origin',(-0.937822173508929,49.5,3.5));
#4525=CARTESIAN_POINT('',(16.3879050142662,49.5,5.42010948711324));
#4526=CARTESIAN_POINT('',(18.0122606672484,49.5,6.35793166062216));
#4527=CARTESIAN_POINT('',(19.8879050142662,49.5,6.35793166062216));
#4528=CARTESIAN_POINT('Origin',(19.8879050142662,49.5,-0.642068339377837));
#4529=CARTESIAN_POINT('',(27.5,49.5,6.35793166062216));
#4530=CARTESIAN_POINT('',(47.0744384937394,49.5,6.35793166062216));
#4531=CARTESIAN_POINT('',(27.5,49.5,13.3579316606222));
#4532=CARTESIAN_POINT('',(27.5,49.5,5.20172449435892));
#4533=CARTESIAN_POINT('',(18.0122606672484,49.5,13.3579316606222));
#4534=CARTESIAN_POINT('',(47.0744384937394,49.5,13.3579316606222));
#4535=CARTESIAN_POINT('',(14.5122606672484,49.5,12.4201094871132));
#4536=CARTESIAN_POINT('Origin',(18.0122606672484,49.5,6.35793166062216));
#4537=CARTESIAN_POINT('',(0.686533479473208,49.5,4.43782217350893));
#4538=CARTESIAN_POINT('',(16.1366163202305,49.5,13.3579316606222));
#4539=CARTESIAN_POINT('',(-2.81346652052679,49.5,3.5));
#4540=CARTESIAN_POINT('Origin',(-2.81346652052679,49.5,10.5));
#4541=CARTESIAN_POINT('',(-0.937822173508929,49.5,3.5));
#4542=CARTESIAN_POINT('Origin',(-17.,53.,0.));
#4543=CARTESIAN_POINT('',(-17.,56.5,3.5));
#4544=CARTESIAN_POINT('',(-17.,54.75,3.5));
#4545=CARTESIAN_POINT('',(-17.,56.5,3.92896583031108));
#4546=CARTESIAN_POINT('Origin',(-0.937822173508929,56.5,3.5));
#4547=CARTESIAN_POINT('',(-2.81346652052679,56.5,3.5));
#4548=CARTESIAN_POINT('',(-2.81346652052679,56.5,3.5));
#4549=CARTESIAN_POINT('',(-12.,56.5,3.5));
#4550=CARTESIAN_POINT('Origin',(-35.,53.,-1.));
#4551=CARTESIAN_POINT('',(-35.,56.5,-3.5));
#4552=CARTESIAN_POINT('',(-35.,56.5,3.5));
#4553=CARTESIAN_POINT('',(-35.,56.5,-3.5));
#4554=CARTESIAN_POINT('Origin',(-12.,56.5,-3.5));
#4555=CARTESIAN_POINT('',(-12.,56.5,-3.5));
#4556=CARTESIAN_POINT('',(-12.,49.5,-3.5));
#4557=CARTESIAN_POINT('',(-12.,56.5,-3.5));
#4558=CARTESIAN_POINT('Origin',(-12.,53.,0.));
#4559=CARTESIAN_POINT('',(-12.,56.5,5.55111512312578E-16));
#4560=CARTESIAN_POINT('',(-12.,53.,5.55111512312578E-16));
#4561=CARTESIAN_POINT('',(-12.,56.5,-3.5));
#4562=CARTESIAN_POINT('Origin',(47.6436096234349,54.5,17.3579316606222));
#4563=CARTESIAN_POINT('',(47.6436096234349,53.5,17.3579316606222));
#4564=CARTESIAN_POINT('Origin',(47.6436096234349,54.5,17.3579316606222));
#4565=CARTESIAN_POINT('',(45.6436096234349,53.5,17.3579316606222));
#4566=CARTESIAN_POINT('',(47.6436096234349,53.5,17.3579316606222));
#4567=CARTESIAN_POINT('Origin',(45.6436096234349,54.5,17.3579316606222));
#4568=CARTESIAN_POINT('Origin',(47.6436096234349,54.5,17.3579316606222));
#4569=CARTESIAN_POINT('',(43.3936096234349,53.5,17.3579316606222));
#4570=CARTESIAN_POINT('Origin',(43.3936096234349,54.5,17.3579316606222));
#4571=CARTESIAN_POINT('',(41.3936096234349,53.5,17.3579316606222));
#4572=CARTESIAN_POINT('',(47.6436096234349,53.5,17.3579316606222));
#4573=CARTESIAN_POINT('Origin',(41.3936096234349,54.5,17.3579316606222));
#4574=CARTESIAN_POINT('Origin',(47.6436096234349,53.5,19.3579316606222));
#4575=CARTESIAN_POINT('',(45.6436096234349,49.5,13.3579316606222));
#4576=CARTESIAN_POINT('',(45.6436096234349,53.5,19.3579316606222));
#4577=CARTESIAN_POINT('',(45.6436096234349,52.5769230769231,17.9733162760068));
#4578=CARTESIAN_POINT('',(47.6436096234349,49.5,13.3579316606222));
#4579=CARTESIAN_POINT('',(47.3590240585872,49.5,13.3579316606221));
#4580=CARTESIAN_POINT('',(47.6436096234349,53.5,19.3579316606222));
#4581=CARTESIAN_POINT('',(47.6436096234349,51.5,16.3579316606222));
#4582=CARTESIAN_POINT('',(47.1436096234349,53.5,19.3579316606222));
#4583=CARTESIAN_POINT('Origin',(47.6436096234349,53.5,19.3579316606222));
#4584=CARTESIAN_POINT('',(43.3936096234349,53.5,19.3579316606222));
#4585=CARTESIAN_POINT('',(43.3936096234349,49.5,13.3579316606222));
#4586=CARTESIAN_POINT('',(43.3936096234349,51.5,16.3579316606222));
#4587=CARTESIAN_POINT('',(41.3936096234349,53.5,19.3579316606222));
#4588=CARTESIAN_POINT('',(45.0186096234349,53.5,19.3579316606222));
#4589=CARTESIAN_POINT('',(41.3936096234349,49.5,13.3579316606222));
#4590=CARTESIAN_POINT('',(41.3936096234349,52.5769230769231,17.9733162760068));
#4591=CARTESIAN_POINT('',(47.3590240585872,49.5,13.3579316606221));
#4592=CARTESIAN_POINT('Origin',(41.3936096234349,56.5,13.3579316606222));
#4593=CARTESIAN_POINT('',(41.3936096234349,56.5,19.3579316606222));
#4594=CARTESIAN_POINT('',(41.3936096234349,49.5,19.3579316606222));
#4595=CARTESIAN_POINT('',(41.3936096234349,56.5,13.3579316606222));
#4596=CARTESIAN_POINT('',(41.3936096234349,56.5,13.3579316606222));
#4597=CARTESIAN_POINT('',(41.3936096234349,56.5,13.3579316606222));
#4598=CARTESIAN_POINT('Origin',(42.3936096234349,53.,19.3579316606222));
#4599=CARTESIAN_POINT('',(43.3936096234349,56.5,19.3579316606222));
#4600=CARTESIAN_POINT('',(43.3936096234349,56.5,19.3579316606222));
#4601=CARTESIAN_POINT('',(41.3936096234349,56.5,19.3579316606222));
#4602=CARTESIAN_POINT('Origin',(43.3936096234349,49.5,13.3579316606222));
#4603=CARTESIAN_POINT('',(43.3936096234349,56.5,13.3579316606222));
#4604=CARTESIAN_POINT('',(43.3936096234349,53.,13.3579316606222));
#4605=CARTESIAN_POINT('',(43.3936096234349,56.5,13.3579316606222));
#4606=CARTESIAN_POINT('Origin',(46.6436096234349,53.,19.3579316606222));
#4607=CARTESIAN_POINT('',(47.6436096234349,56.5,19.3579316606222));
#4608=CARTESIAN_POINT('',(47.6436096234349,49.5,19.3579316606222));
#4609=CARTESIAN_POINT('',(45.6436096234349,56.5,19.3579316606222));
#4610=CARTESIAN_POINT('',(47.6436096234349,56.5,19.3579316606222));
#4611=CARTESIAN_POINT('',(45.6436096234349,56.5,19.3579316606222));
#4612=CARTESIAN_POINT('Origin',(47.6436096234349,49.5,13.3579316606222));
#4613=CARTESIAN_POINT('',(47.6436096234349,56.5,13.3579316606222));
#4614=CARTESIAN_POINT('',(47.6436096234349,53.,13.3579316606222));
#4615=CARTESIAN_POINT('',(47.6436096234349,56.5,13.3579316606222));
#4616=CARTESIAN_POINT('Origin',(47.0744384937394,56.5,13.3579316606222));
#4617=CARTESIAN_POINT('',(69.0744384937394,49.5,13.3579316606222));
#4618=CARTESIAN_POINT('',(45.6436096234349,56.5,13.3579316606222));
#4619=CARTESIAN_POINT('',(45.6436096234349,56.5,13.3579316606222));
#4620=CARTESIAN_POINT('',(69.0744384937394,56.5,13.3579316606222));
#4621=CARTESIAN_POINT('Origin',(47.0744384937394,56.5,13.3579316606222));
#4622=CARTESIAN_POINT('',(18.0122606672484,56.5,13.3579316606222));
#4623=CARTESIAN_POINT('',(69.0744384937394,56.5,13.3579316606222));
#4624=CARTESIAN_POINT('',(18.0122606672484,56.5,13.3579316606222));
#4625=CARTESIAN_POINT('',(32.5,49.5,13.3579316606222));
#4626=CARTESIAN_POINT('',(47.0744384937394,49.5,13.3579316606222));
#4627=CARTESIAN_POINT('',(69.0744384937394,49.5,13.3579316606222));
#4628=CARTESIAN_POINT('',(35.,51.,13.3579316606222));
#4629=CARTESIAN_POINT('',(35.,55.,13.3579316606222));
#4630=CARTESIAN_POINT('',(35.,55.75,13.3579316606222));
#4631=CARTESIAN_POINT('',(25.,51.,13.3579316606222));
#4632=CARTESIAN_POINT('',(41.0372192468697,51.,13.3579316606222));
#4633=CARTESIAN_POINT('',(25.,55.,13.3579316606222));
#4634=CARTESIAN_POINT('',(25.,53.75,13.3579316606222));
#4635=CARTESIAN_POINT('',(36.0372192468697,55.,13.3579316606222));
#4636=CARTESIAN_POINT('Origin',(45.6436096234349,56.5,13.3579316606222));
#4637=CARTESIAN_POINT('',(45.6436096234349,56.5,13.3579316606222));
#4638=CARTESIAN_POINT('Origin',(53.502633682022,44.,8.85793166062216));
#4639=CARTESIAN_POINT('',(58.1808288703046,41.5,8.85793166062216));
#4640=CARTESIAN_POINT('',(58.1808288703046,44.,6.35793166062216));
#4641=CARTESIAN_POINT('Origin',(58.1808288703046,44.,8.85793166062216));
#4642=CARTESIAN_POINT('',(61.6808288703046,44.,6.35793166062216));
#4643=CARTESIAN_POINT('',(53.502633682022,44.,6.35793166062216));
#4644=CARTESIAN_POINT('',(61.6808288703046,41.5,8.85793166062216));
#4645=CARTESIAN_POINT('Origin',(61.6808288703046,44.,8.85793166062216));
#4646=CARTESIAN_POINT('',(53.502633682022,41.5,8.85793166062216));
#4647=CARTESIAN_POINT('Origin',(58.1808288703046,49.5,13.3579316606222));
#4648=CARTESIAN_POINT('',(58.1808288703046,41.5,10.8579316606222));
#4649=CARTESIAN_POINT('',(58.1808288703046,41.5,13.3579316606222));
#4650=CARTESIAN_POINT('',(58.1808288703046,44.,13.3579316606222));
#4651=CARTESIAN_POINT('Origin',(58.1808288703046,44.,10.8579316606222));
#4652=CARTESIAN_POINT('',(58.1808288703046,49.5,13.3579316606222));
#4653=CARTESIAN_POINT('',(58.1808288703046,49.5,13.3579316606222));
#4654=CARTESIAN_POINT('',(58.1808288703046,49.5,6.35793166062216));
#4655=CARTESIAN_POINT('',(58.1808288703046,49.5,13.3579316606222));
#4656=CARTESIAN_POINT('',(58.1808288703046,49.5,6.35793166062216));
#4657=CARTESIAN_POINT('',(58.1808288703046,42.5,9.85793166062216));
#4658=CARTESIAN_POINT('Origin',(58.1808288703046,43.5,9.85793166062216));
#4659=CARTESIAN_POINT('Origin',(59.9308288703046,41.5,9.85793166062216));
#4660=CARTESIAN_POINT('',(61.6808288703046,41.5,10.8579316606222));
#4661=CARTESIAN_POINT('',(61.6808288703046,41.5,6.35793166062216));
#4662=CARTESIAN_POINT('',(53.502633682022,41.5,10.8579316606222));
#4663=CARTESIAN_POINT('Origin',(53.502633682022,44.,10.8579316606222));
#4664=CARTESIAN_POINT('',(61.6808288703046,44.,13.3579316606222));
#4665=CARTESIAN_POINT('Origin',(61.6808288703046,44.,10.8579316606222));
#4666=CARTESIAN_POINT('',(53.502633682022,44.,13.3579316606222));
#4667=CARTESIAN_POINT('Origin',(61.6808288703046,43.5,9.85793166062216));
#4668=CARTESIAN_POINT('',(61.6808288703046,42.5,9.85793166062216));
#4669=CARTESIAN_POINT('Origin',(61.6808288703046,43.5,9.85793166062216));
#4670=CARTESIAN_POINT('',(61.6808288703046,42.5,9.85793166062216));
#4671=CARTESIAN_POINT('Origin',(61.6808288703046,49.5,6.35793166062216));
#4672=CARTESIAN_POINT('',(61.6808288703046,49.5,6.35793166062216));
#4673=CARTESIAN_POINT('',(61.6808288703046,49.5,6.35793166062216));
#4674=CARTESIAN_POINT('',(61.6808288703046,49.5,13.3579316606222));
#4675=CARTESIAN_POINT('',(61.6808288703046,49.5,9.85793166062216));
#4676=CARTESIAN_POINT('',(61.6808288703046,49.5,13.3579316606222));
#4677=CARTESIAN_POINT('Origin',(47.0744384937394,49.5,13.3579316606222));
#4678=CARTESIAN_POINT('',(32.5,49.5,6.35793166062216));
#4679=CARTESIAN_POINT('',(32.5,49.5,1.70172449435892));
#4680=CARTESIAN_POINT('',(47.0744384937394,49.5,6.35793166062216));
#4681=CARTESIAN_POINT('',(69.0744384937394,49.5,13.3579316606222));
#4682=CARTESIAN_POINT('Origin',(69.0744384937394,48.,9.85793166062216));
#4683=CARTESIAN_POINT('',(77.5744384937394,48.,6.35793166062216));
#4684=CARTESIAN_POINT('',(77.5744384937394,48.,13.3579316606222));
#4685=CARTESIAN_POINT('',(77.5744384937394,48.,13.3579316606222));
#4686=CARTESIAN_POINT('',(69.0744384937394,56.5,6.35793166062216));
#4687=CARTESIAN_POINT('Origin',(69.0744384937394,48.,6.35793166062216));
#4688=CARTESIAN_POINT('',(69.0744384937394,56.5,13.3579316606222));
#4689=CARTESIAN_POINT('',(69.0744384937394,56.5,13.3579316606222));
#4690=CARTESIAN_POINT('Origin',(69.0744384937394,48.,13.3579316606222));
#4691=CARTESIAN_POINT('Origin',(69.0744384937394,48.,9.85793166062216));
#4692=CARTESIAN_POINT('',(70.5744384937394,48.,13.3579316606222));
#4693=CARTESIAN_POINT('',(70.5744384937394,48.,6.35793166062216));
#4694=CARTESIAN_POINT('',(70.5744384937394,48.,6.35793166062216));
#4695=CARTESIAN_POINT('',(69.0744384937394,49.5,13.3579316606222));
#4696=CARTESIAN_POINT('Origin',(69.0744384937394,48.,13.3579316606222));
#4697=CARTESIAN_POINT('',(69.0744384937394,49.5,6.35793166062216));
#4698=CARTESIAN_POINT('',(69.0744384937394,49.5,6.35793166062216));
#4699=CARTESIAN_POINT('Origin',(69.0744384937394,48.,6.35793166062216));
#4700=CARTESIAN_POINT('Origin',(77.5744384937394,26.5,6.35793166062216));
#4701=CARTESIAN_POINT('',(77.5744384937394,26.5,13.3579316606222));
#4702=CARTESIAN_POINT('',(77.5744384937394,26.5,6.35793166062216));
#4703=CARTESIAN_POINT('',(77.5744384937394,26.5,13.3579316606222));
#4704=CARTESIAN_POINT('',(77.5744384937394,26.5,6.35793166062216));
#4705=CARTESIAN_POINT('',(77.5744384937394,26.5,13.3579316606222));
#4706=CARTESIAN_POINT('Origin',(70.5744384937394,26.5,13.3579316606222));
#4707=CARTESIAN_POINT('',(70.5744384937394,26.5,6.35793166062216));
#4708=CARTESIAN_POINT('',(70.5744384937394,26.5,13.3579316606222));
#4709=CARTESIAN_POINT('',(70.5744384937394,26.5,6.35793166062216));
#4710=CARTESIAN_POINT('',(70.5744384937394,26.5,13.3579316606222));
#4711=CARTESIAN_POINT('',(70.5744384937394,26.5,6.35793166062216));
#4712=CARTESIAN_POINT('Origin',(74.0744384937394,26.5,9.85793166062216));
#4713=CARTESIAN_POINT('',(77.5744384937394,26.5,6.35793166062216));
#4714=CARTESIAN_POINT('',(70.5744384937394,26.5,13.3579316606222));
#4715=CARTESIAN_POINT('Origin',(-8.5,53.,5.55111512312578E-16));
#4716=CARTESIAN_POINT('',(-9.75,53.,-3.5));
#4717=CARTESIAN_POINT('Origin',(-8.5,53.,-3.5));
#4718=CARTESIAN_POINT('',(-9.75,53.,5.55111512312578E-16));
#4719=CARTESIAN_POINT('',(-9.75,53.,5.55111512312578E-16));
#4720=CARTESIAN_POINT('Origin',(-8.5,53.,5.55111512312578E-16));
#4721=CARTESIAN_POINT('Origin',(-8.5,53.,-3.5));
#4722=CARTESIAN_POINT('Origin',(-5.,56.5,-3.5));
#4723=CARTESIAN_POINT('',(-5.,56.5,-3.5));
#4724=CARTESIAN_POINT('',(-5.,53.,-3.5));
#4725=CARTESIAN_POINT('',(-5.,56.5,5.55111512312578E-16));
#4726=CARTESIAN_POINT('',(-5.,56.5,5.55111512312578E-16));
#4727=CARTESIAN_POINT('',(-5.,56.5,1.42896583031108));
#4728=CARTESIAN_POINT('Origin',(-8.5,53.,5.55111512312578E-16));
#4729=CARTESIAN_POINT('',(19.2872192468697,56.5,1.11022302462516E-15));
#4730=CARTESIAN_POINT('Origin',(0.937822173508931,49.5,-3.5));
#4731=CARTESIAN_POINT('',(-0.937822173508929,56.5,-3.5));
#4732=CARTESIAN_POINT('',(0.937822173508929,56.5,-3.5));
#4733=CARTESIAN_POINT('',(-0.937822173508929,49.5,-3.5));
#4734=CARTESIAN_POINT('Origin',(35.,53.,18.3579316606222));
#4735=CARTESIAN_POINT('',(35.,54.,18.3579316606222));
#4736=CARTESIAN_POINT('Origin',(35.,53.,18.3579316606222));
#4737=CARTESIAN_POINT('',(25.,54.,18.3579316606222));
#4738=CARTESIAN_POINT('',(35.,54.,18.3579316606222));
#4739=CARTESIAN_POINT('Origin',(25.,53.,18.3579316606222));
#4740=CARTESIAN_POINT('Origin',(32.5,52.75,18.6079316606222));
#4741=CARTESIAN_POINT('',(25.,51.,18.6079316606222));
#4742=CARTESIAN_POINT('',(25.,52.75,20.3579316606222));
#4743=CARTESIAN_POINT('Origin',(25.,52.75,18.6079316606222));
#4744=CARTESIAN_POINT('',(35.,51.,18.6079316606222));
#4745=CARTESIAN_POINT('',(32.5,51.,18.6079316606222));
#4746=CARTESIAN_POINT('',(35.,52.75,20.3579316606222));
#4747=CARTESIAN_POINT('Origin',(35.,52.75,18.6079316606222));
#4748=CARTESIAN_POINT('',(32.5,52.75,20.3579316606222));
#4749=CARTESIAN_POINT('Origin',(35.,55.,13.3579316606222));
#4750=CARTESIAN_POINT('',(35.,51.,13.3579316606222));
#4751=CARTESIAN_POINT('',(35.,55.,18.6079316606222));
#4752=CARTESIAN_POINT('',(35.,55.,13.3579316606222));
#4753=CARTESIAN_POINT('',(35.,53.25,20.3579316606222));
#4754=CARTESIAN_POINT('Origin',(35.,53.25,18.6079316606222));
#4755=CARTESIAN_POINT('',(35.,51.,20.3579316606222));
#4756=CARTESIAN_POINT('Origin',(30.,53.,20.3579316606222));
#4757=CARTESIAN_POINT('',(25.,53.25,20.3579316606222));
#4758=CARTESIAN_POINT('',(27.5,53.25,20.3579316606222));
#4759=CARTESIAN_POINT('',(25.,55.,20.3579316606222));
#4760=CARTESIAN_POINT('Origin',(27.5,53.25,18.6079316606222));
#4761=CARTESIAN_POINT('',(25.,55.,18.6079316606222));
#4762=CARTESIAN_POINT('',(27.5,55.,18.6079316606222));
#4763=CARTESIAN_POINT('Origin',(25.,53.25,18.6079316606222));
#4764=CARTESIAN_POINT('Origin',(25.,55.,13.3579316606222));
#4765=CARTESIAN_POINT('',(25.,55.,13.3579316606222));
#4766=CARTESIAN_POINT('Origin',(25.,51.,13.3579316606222));
#4767=CARTESIAN_POINT('',(25.,51.,13.3579316606222));
#4768=CARTESIAN_POINT('Origin',(35.,51.,13.3579316606222));
#4769=CARTESIAN_POINT('Origin',(27.5,26.5,-2.95448267190433));
#4770=CARTESIAN_POINT('',(27.5,50.6590479899342,6.35793166062216));
#4771=CARTESIAN_POINT('',(27.5,38.,6.35793166062216));
#4772=CARTESIAN_POINT('',(27.5,46.,3.));
#4773=CARTESIAN_POINT('Origin',(27.5,52.0621778264911,-0.499999999999998));
#4774=CARTESIAN_POINT('',(27.5,40.5414518843274,-6.45448267190434));
#4775=CARTESIAN_POINT('',(27.5,38.5207259421637,-9.95448267190433));
#4776=CARTESIAN_POINT('',(27.5,34.4792740578363,-9.95448267190433));
#4777=CARTESIAN_POINT('Origin',(27.5,34.4792740578363,-2.95448267190433));
#4778=CARTESIAN_POINT('',(27.5,26.5,-9.95448267190433));
#4779=CARTESIAN_POINT('',(27.5,26.5,-9.95448267190433));
#4780=CARTESIAN_POINT('',(27.5,26.5,-2.95448267190433));
#4781=CARTESIAN_POINT('',(27.5,26.5,-2.95448267190433));
#4782=CARTESIAN_POINT('',(27.5,30.4378221735089,-2.95448267190433));
#4783=CARTESIAN_POINT('',(27.5,26.5,-2.95448267190433));
#4784=CARTESIAN_POINT('',(27.5,36.5,0.545517328095664));
#4785=CARTESIAN_POINT('Origin',(27.5,30.4378221735089,4.04551732809567));
#4786=CARTESIAN_POINT('',(27.5,41.9585481156726,10.));
#4787=CARTESIAN_POINT('',(27.5,34.4792740578363,-2.95448267190433));
#4788=CARTESIAN_POINT('',(27.5,48.0207259421637,13.5));
#4789=CARTESIAN_POINT('Origin',(27.5,48.0207259421637,6.5));
#4790=CARTESIAN_POINT('',(27.5,49.5,13.5));
#4791=CARTESIAN_POINT('',(27.5,43.9792740578363,13.5));
#4792=CARTESIAN_POINT('',(27.5,49.5,5.27275866404783));
#4793=CARTESIAN_POINT('Origin',(27.5,49.5,13.5));
#4794=CARTESIAN_POINT('',(32.5,49.5,13.5));
#4795=CARTESIAN_POINT('',(30.,49.5,13.5));
#4796=CARTESIAN_POINT('',(32.5,49.5,1.77275866404783));
#4797=CARTESIAN_POINT('Origin',(27.5,34.4792740578363,-2.95448267190433));
#4798=CARTESIAN_POINT('',(32.5,34.4792740578363,-9.95448267190433));
#4799=CARTESIAN_POINT('',(32.5,40.5414518843274,-6.45448267190434));
#4800=CARTESIAN_POINT('Origin',(32.5,34.4792740578363,-2.95448267190433));
#4801=CARTESIAN_POINT('',(27.5,34.4792740578363,-9.95448267190433));
#4802=CARTESIAN_POINT('',(27.5,40.5414518843274,-6.45448267190433));
#4803=CARTESIAN_POINT('Origin',(27.5,38.5207259421637,-9.95448267190433));
#4804=CARTESIAN_POINT('',(32.5,46.,3.));
#4805=CARTESIAN_POINT('',(27.5,46.,3.));
#4806=CARTESIAN_POINT('',(32.5,38.5207259421637,-9.95448267190433));
#4807=CARTESIAN_POINT('Origin',(32.5,30.4378221735089,4.04551732809567));
#4808=CARTESIAN_POINT('',(32.5,36.5,0.545517328095664));
#4809=CARTESIAN_POINT('',(32.5,30.4378221735089,-2.95448267190433));
#4810=CARTESIAN_POINT('Origin',(32.5,30.4378221735089,4.04551732809567));
#4811=CARTESIAN_POINT('',(32.5,36.5,0.545517328095665));
#4812=CARTESIAN_POINT('',(32.5,30.4378221735089,-2.95448267190433));
#4813=CARTESIAN_POINT('Origin',(32.5,26.5,-2.95448267190433));
#4814=CARTESIAN_POINT('',(32.5,26.5,-2.95448267190433));
#4815=CARTESIAN_POINT('',(32.5,26.5,-2.95448267190433));
#4816=CARTESIAN_POINT('',(32.5,26.5,-2.95448267190433));
#4817=CARTESIAN_POINT('Origin',(27.5,52.0621778264911,-0.499999999999998));
#4818=CARTESIAN_POINT('',(32.5,50.6590479899342,6.35793166062216));
#4819=CARTESIAN_POINT('',(27.5,50.6590479899342,6.35793166062216));
#4820=CARTESIAN_POINT('Origin',(32.5,52.0621778264911,-0.499999999999998));
#4821=CARTESIAN_POINT('Origin',(32.5,48.0207259421637,6.5));
#4822=CARTESIAN_POINT('',(32.5,41.9585481156726,10.));
#4823=CARTESIAN_POINT('',(32.5,41.9585481156726,10.));
#4824=CARTESIAN_POINT('',(32.5,48.0207259421637,13.5));
#4825=CARTESIAN_POINT('Origin',(32.5,48.0207259421637,6.5));
#4826=CARTESIAN_POINT('',(32.5,48.0207259421637,13.5));
#4827=CARTESIAN_POINT('Origin',(32.5,34.4792740578363,-2.95448267190433));
#4828=CARTESIAN_POINT('',(32.5,34.4792740578363,-2.95448267190433));
#4829=CARTESIAN_POINT('Origin',(32.5,43.9792740578363,13.5));
#4830=CARTESIAN_POINT('',(32.5,43.9792740578363,13.5));
#4831=CARTESIAN_POINT('Origin',(32.5,26.5,-9.95448267190433));
#4832=CARTESIAN_POINT('',(32.5,38.,6.35793166062216));
#4833=CARTESIAN_POINT('',(32.5,26.5,-9.95448267190433));
#4834=CARTESIAN_POINT('',(32.5,26.5,-9.95448267190433));
#4835=CARTESIAN_POINT('',(32.5,26.5,-9.95448267190433));
#4836=CARTESIAN_POINT('Origin',(27.5,26.5,-9.95448267190433));
#4837=CARTESIAN_POINT('',(27.5,26.5,-9.95448267190433));
#4838=CARTESIAN_POINT('Origin',(30.,26.5,-6.45448267190433));
#4839=CARTESIAN_POINT('Origin',(47.0744384937394,49.5,6.35793166062216));
#4840=CARTESIAN_POINT('',(19.8879050142662,56.5,6.35793166062216));
#4841=CARTESIAN_POINT('',(19.8879050142662,49.5,6.35793166062216));
#4842=CARTESIAN_POINT('',(69.0744384937394,56.5,6.35793166062216));
#4843=CARTESIAN_POINT('',(47.0744384937394,49.5,6.35793166062216));
#4844=CARTESIAN_POINT('Origin',(47.0744384937394,49.5,13.3579316606222));
#4845=CARTESIAN_POINT('',(69.0744384937394,49.5,13.3579316606222));
#4846=CARTESIAN_POINT('Origin',(-0.937822173508929,49.5,3.5));
#4847=CARTESIAN_POINT('',(2.56217782649107,56.5,-2.56217782649107));
#4848=CARTESIAN_POINT('Origin',(-0.937822173508929,56.5,3.5));
#4849=CARTESIAN_POINT('',(2.56217782649107,49.5,-2.56217782649107));
#4850=CARTESIAN_POINT('Origin',(18.0122606672484,49.5,6.35793166062216));
#4851=CARTESIAN_POINT('',(16.3879050142662,56.5,5.42010948711324));
#4852=CARTESIAN_POINT('',(18.0122606672484,56.5,6.35793166062216));
#4853=CARTESIAN_POINT('',(16.3879050142662,49.5,5.42010948711324));
#4854=CARTESIAN_POINT('Origin',(19.8879050142662,49.5,-0.642068339377837));
#4855=CARTESIAN_POINT('Origin',(19.8879050142662,56.5,-0.642068339377837));
#4856=CARTESIAN_POINT('Origin',(18.0122606672484,56.5,6.35793166062216));
#4857=CARTESIAN_POINT('',(14.5122606672484,56.5,12.4201094871132));
#4858=CARTESIAN_POINT('Origin',(18.0122606672484,56.5,6.35793166062216));
#4859=CARTESIAN_POINT('',(14.5122606672484,56.5,12.4201094871132));
#4860=CARTESIAN_POINT('Origin',(47.0744384937394,56.5,13.3579316606222));
#4861=CARTESIAN_POINT('',(69.0744384937394,56.5,13.3579316606222));
#4862=CARTESIAN_POINT('Origin',(-2.81346652052679,56.5,10.5));
#4863=CARTESIAN_POINT('',(0.686533479473208,56.5,4.43782217350893));
#4864=CARTESIAN_POINT('Origin',(-2.81346652052679,56.5,10.5));
#4865=CARTESIAN_POINT('',(0.686533479473209,56.5,4.43782217350893));
#4866=CARTESIAN_POINT('Origin',(16.1366163202305,56.5,13.3579316606222));
#4867=CARTESIAN_POINT('',(16.1366163202305,56.5,13.3579316606222));
#4868=CARTESIAN_POINT('Origin',(47.0744384937394,56.5,6.35793166062216));
#4869=CARTESIAN_POINT('Origin',(35.,43.5,-6.45448267190434));
#4870=CARTESIAN_POINT('',(35.,44.5,-6.45448267190434));
#4871=CARTESIAN_POINT('Origin',(35.,43.5,-6.45448267190434));
#4872=CARTESIAN_POINT('',(25.,44.5,-6.45448267190434));
#4873=CARTESIAN_POINT('',(35.,44.5,-6.45448267190434));
#4874=CARTESIAN_POINT('Origin',(25.,43.5,-6.45448267190434));
#4875=CARTESIAN_POINT('Origin',(31.5,40.,-7.45448267190434));
#4876=CARTESIAN_POINT('',(35.,40.,-8.45448267190434));
#4877=CARTESIAN_POINT('',(31.5,36.5,-8.45448267190434));
#4878=CARTESIAN_POINT('Origin',(31.5,40.,-8.45448267190434));
#4879=CARTESIAN_POINT('',(35.,40.,-4.45448267190434));
#4880=CARTESIAN_POINT('',(35.,40.,-7.45448267190434));
#4881=CARTESIAN_POINT('',(31.5,36.5,-4.45448267190434));
#4882=CARTESIAN_POINT('Origin',(31.5,40.,-4.45448267190434));
#4883=CARTESIAN_POINT('',(31.5,36.5,-7.45448267190434));
#4884=CARTESIAN_POINT('Origin',(35.,38.5,-8.45448267190434));
#4885=CARTESIAN_POINT('',(35.,43.75,-8.45448267190434));
#4886=CARTESIAN_POINT('',(35.,38.5,-8.45448267190434));
#4887=CARTESIAN_POINT('',(35.,45.5,-6.70448267190434));
#4888=CARTESIAN_POINT('Origin',(35.,43.75,-6.70448267190434));
#4889=CARTESIAN_POINT('',(35.,45.5,-6.20448267190434));
#4890=CARTESIAN_POINT('',(35.,45.5,-8.45448267190434));
#4891=CARTESIAN_POINT('',(35.,43.75,-4.45448267190434));
#4892=CARTESIAN_POINT('Origin',(35.,43.75,-6.20448267190434));
#4893=CARTESIAN_POINT('',(35.,38.5,-4.45448267190434));
#4894=CARTESIAN_POINT('Origin',(35.,38.5,-4.45448267190434));
#4895=CARTESIAN_POINT('',(25.,43.75,-4.45448267190434));
#4896=CARTESIAN_POINT('',(32.5,43.75,-4.45448267190434));
#4897=CARTESIAN_POINT('',(25.,40.,-4.45448267190434));
#4898=CARTESIAN_POINT('',(25.,38.5,-4.45448267190434));
#4899=CARTESIAN_POINT('',(28.5,36.5,-4.45448267190434));
#4900=CARTESIAN_POINT('Origin',(28.5,40.,-4.45448267190434));
#4901=CARTESIAN_POINT('',(35.,36.5,-4.45448267190434));
#4902=CARTESIAN_POINT('Origin',(28.5,40.,-5.45448267190434));
#4903=CARTESIAN_POINT('',(25.,40.,-8.45448267190434));
#4904=CARTESIAN_POINT('',(25.,40.,-5.45448267190434));
#4905=CARTESIAN_POINT('',(28.5,36.5,-8.45448267190434));
#4906=CARTESIAN_POINT('Origin',(28.5,40.,-8.45448267190434));
#4907=CARTESIAN_POINT('',(28.5,36.5,-5.45448267190434));
#4908=CARTESIAN_POINT('Origin',(25.,38.5,-4.45448267190434));
#4909=CARTESIAN_POINT('',(25.,45.5,-6.20448267190434));
#4910=CARTESIAN_POINT('Origin',(25.,43.75,-6.20448267190434));
#4911=CARTESIAN_POINT('',(25.,45.5,-6.70448267190434));
#4912=CARTESIAN_POINT('',(25.,45.5,-4.45448267190434));
#4913=CARTESIAN_POINT('',(25.,43.75,-8.45448267190434));
#4914=CARTESIAN_POINT('Origin',(25.,43.75,-6.70448267190434));
#4915=CARTESIAN_POINT('',(25.,38.5,-8.45448267190434));
#4916=CARTESIAN_POINT('Origin',(32.5,43.75,-6.20448267190434));
#4917=CARTESIAN_POINT('',(32.5,45.5,-6.20448267190434));
#4918=CARTESIAN_POINT('Origin',(30.,45.5,-6.45448267190434));
#4919=CARTESIAN_POINT('',(27.5,45.5,-6.70448267190434));
#4920=CARTESIAN_POINT('Origin',(27.5,43.75,-6.70448267190434));
#4921=CARTESIAN_POINT('',(27.5,43.75,-8.45448267190434));
#4922=CARTESIAN_POINT('Origin',(25.,38.5,-8.45448267190434));
#4923=CARTESIAN_POINT('',(25.,36.5,-8.45448267190434));
#4924=CARTESIAN_POINT('Origin',(30.,36.5,-6.45448267190434));
#4925=UNCERTAINTY_MEASURE_WITH_UNIT(LENGTH_MEASURE(0.01),#4929,
'DISTANCE_ACCURACY_VALUE',
'Maximum model space distance between geometric entities at asserted c
onnectivities');
#4926=UNCERTAINTY_MEASURE_WITH_UNIT(LENGTH_MEASURE(0.01),#4929,
'DISTANCE_ACCURACY_VALUE',
'Maximum model space distance between geometric entities at asserted c
onnectivities');
#4927=(
GEOMETRIC_REPRESENTATION_CONTEXT(3)
GLOBAL_UNCERTAINTY_ASSIGNED_CONTEXT((#4925))
GLOBAL_UNIT_ASSIGNED_CONTEXT((#4929,#4931,#4932))
REPRESENTATION_CONTEXT('','3D')
);
#4928=(
GEOMETRIC_REPRESENTATION_CONTEXT(3)
GLOBAL_UNCERTAINTY_ASSIGNED_CONTEXT((#4926))
GLOBAL_UNIT_ASSIGNED_CONTEXT((#4929,#4931,#4932))
REPRESENTATION_CONTEXT('','3D')
);
#4929=(
LENGTH_UNIT()
NAMED_UNIT(*)
SI_UNIT(.MILLI.,.METRE.)
);
#4930=(
LENGTH_UNIT()
NAMED_UNIT(*)
SI_UNIT($,.METRE.)
);
#4931=(
NAMED_UNIT(*)
PLANE_ANGLE_UNIT()
SI_UNIT($,.RADIAN.)
);
#4932=(
NAMED_UNIT(*)
SI_UNIT($,.STERADIAN.)
SOLID_ANGLE_UNIT()
);
#4933=SHAPE_DEFINITION_REPRESENTATION(#4934,#4935);
#4934=PRODUCT_DEFINITION_SHAPE('',$,#4937);
#4935=SHAPE_REPRESENTATION('',(#2989),#4927);
#4936=PRODUCT_DEFINITION_CONTEXT('part definition',#4941,'design');
#4937=PRODUCT_DEFINITION('front module v3','front module v3 v1',#4938,#4936);
#4938=PRODUCT_DEFINITION_FORMATION('',$,#4943);
#4939=PRODUCT_RELATED_PRODUCT_CATEGORY('front module v3 v1',
'front module v3 v1',(#4943));
#4940=APPLICATION_PROTOCOL_DEFINITION('international standard',
'automotive_design',2009,#4941);
#4941=APPLICATION_CONTEXT(
'Core Data for Automotive Mechanical Design Process');
#4942=PRODUCT_CONTEXT('part definition',#4941,'mechanical');
#4943=PRODUCT('front module v3','front module v3 v1',$,(#4942));
#4944=PRESENTATION_STYLE_ASSIGNMENT((#4945));
#4945=SURFACE_STYLE_USAGE(.BOTH.,#4946);
#4946=SURFACE_SIDE_STYLE('',(#4947));
#4947=SURFACE_STYLE_FILL_AREA(#4948);
#4948=FILL_AREA_STYLE('Steel - Satin',(#4949));
#4949=FILL_AREA_STYLE_COLOUR('Steel - Satin',#4950);
#4950=COLOUR_RGB('Steel - Satin',0.627450980392157,0.627450980392157,0.627450980392157);
ENDSEC;
END-ISO-10303-21;
