ISO-10303-21;
HEADER;
/* Generated by software containing ST-Developer
 * from STEP Tools, Inc. (www.steptools.com) 
 */

FILE_DESCRIPTION(
/* description */ (''),
/* implementation_level */ '2;1');

FILE_NAME(
/* name */ 'steering rack v4.step',
/* time_stamp */ '2025-06-01T15:35:23-07:00',
/* author */ (''),
/* organization */ (''),
/* preprocessor_version */ 'ST-DEVELOPER v20.1',
/* originating_system */ 'Autodesk Translation Framework v14.10.0.0',
/* authorisation */ '');

FILE_SCHEMA (('AUTOMOTIVE_DESIGN { 1 0 10303 214 3 1 1 }'));
ENDSEC;

DATA;
#10=MECHANICAL_DESIGN_GEOMETRIC_PRESENTATION_REPRESENTATION('',(#17),#7107);
#11=ITEM_DEFINED_TRANSFORMATION($,$,#4511,#4736);
#12=(
REPRESENTATION_RELATIONSHIP($,$,#7118,#7117)
REPRESENTATION_RELATIONSHIP_WITH_TRANSFORMATION(#11)
SHAPE_REPRESENTATION_RELATIONSHIP()
);
#13=CONTEXT_DEPENDENT_SHAPE_REPRESENTATION(#12,#7116);
#14=NEXT_ASSEMBLY_USAGE_OCCURRENCE('Component1:1','Component1:1',
'Component1:1',#7120,#7121,'Component1:1');
#15=SHAPE_REPRESENTATION_RELATIONSHIP('SRR','None',#7118,#16);
#16=ADVANCED_BREP_SHAPE_REPRESENTATION('',(#18),#7106);
#17=STYLED_ITEM('',(#7131),#18);
#18=MANIFOLD_SOLID_BREP('Body1',#4497);
#19=FACE_BOUND('',#390,.T.);
#20=FACE_BOUND('',#391,.T.);
#21=FACE_BOUND('',#394,.T.);
#22=FACE_BOUND('',#395,.T.);
#23=CIRCLE('',#4647,0.999999999999999);
#24=CIRCLE('',#4648,0.999999999999999);
#25=CIRCLE('',#4650,0.999999999999996);
#26=CIRCLE('',#4651,0.999999999999996);
#27=CIRCLE('',#4653,5.);
#28=CIRCLE('',#4654,5.);
#29=CIRCLE('',#4657,5.);
#30=CIRCLE('',#4659,5.);
#31=CYLINDRICAL_SURFACE('',#4646,0.999999999999999);
#32=CYLINDRICAL_SURFACE('',#4649,0.999999999999996);
#33=CYLINDRICAL_SURFACE('',#4652,5.);
#34=CYLINDRICAL_SURFACE('',#4658,5.);
#35=FACE_OUTER_BOUND('',#251,.T.);
#36=FACE_OUTER_BOUND('',#252,.T.);
#37=FACE_OUTER_BOUND('',#253,.T.);
#38=FACE_OUTER_BOUND('',#254,.T.);
#39=FACE_OUTER_BOUND('',#255,.T.);
#40=FACE_OUTER_BOUND('',#256,.T.);
#41=FACE_OUTER_BOUND('',#257,.T.);
#42=FACE_OUTER_BOUND('',#258,.T.);
#43=FACE_OUTER_BOUND('',#259,.T.);
#44=FACE_OUTER_BOUND('',#260,.T.);
#45=FACE_OUTER_BOUND('',#261,.T.);
#46=FACE_OUTER_BOUND('',#262,.T.);
#47=FACE_OUTER_BOUND('',#263,.T.);
#48=FACE_OUTER_BOUND('',#264,.T.);
#49=FACE_OUTER_BOUND('',#265,.T.);
#50=FACE_OUTER_BOUND('',#266,.T.);
#51=FACE_OUTER_BOUND('',#267,.T.);
#52=FACE_OUTER_BOUND('',#268,.T.);
#53=FACE_OUTER_BOUND('',#269,.T.);
#54=FACE_OUTER_BOUND('',#270,.T.);
#55=FACE_OUTER_BOUND('',#271,.T.);
#56=FACE_OUTER_BOUND('',#272,.T.);
#57=FACE_OUTER_BOUND('',#273,.T.);
#58=FACE_OUTER_BOUND('',#274,.T.);
#59=FACE_OUTER_BOUND('',#275,.T.);
#60=FACE_OUTER_BOUND('',#276,.T.);
#61=FACE_OUTER_BOUND('',#277,.T.);
#62=FACE_OUTER_BOUND('',#278,.T.);
#63=FACE_OUTER_BOUND('',#279,.T.);
#64=FACE_OUTER_BOUND('',#280,.T.);
#65=FACE_OUTER_BOUND('',#281,.T.);
#66=FACE_OUTER_BOUND('',#282,.T.);
#67=FACE_OUTER_BOUND('',#283,.T.);
#68=FACE_OUTER_BOUND('',#284,.T.);
#69=FACE_OUTER_BOUND('',#285,.T.);
#70=FACE_OUTER_BOUND('',#286,.T.);
#71=FACE_OUTER_BOUND('',#287,.T.);
#72=FACE_OUTER_BOUND('',#288,.T.);
#73=FACE_OUTER_BOUND('',#289,.T.);
#74=FACE_OUTER_BOUND('',#290,.T.);
#75=FACE_OUTER_BOUND('',#291,.T.);
#76=FACE_OUTER_BOUND('',#292,.T.);
#77=FACE_OUTER_BOUND('',#293,.T.);
#78=FACE_OUTER_BOUND('',#294,.T.);
#79=FACE_OUTER_BOUND('',#295,.T.);
#80=FACE_OUTER_BOUND('',#296,.T.);
#81=FACE_OUTER_BOUND('',#297,.T.);
#82=FACE_OUTER_BOUND('',#298,.T.);
#83=FACE_OUTER_BOUND('',#299,.T.);
#84=FACE_OUTER_BOUND('',#300,.T.);
#85=FACE_OUTER_BOUND('',#301,.T.);
#86=FACE_OUTER_BOUND('',#302,.T.);
#87=FACE_OUTER_BOUND('',#303,.T.);
#88=FACE_OUTER_BOUND('',#304,.T.);
#89=FACE_OUTER_BOUND('',#305,.T.);
#90=FACE_OUTER_BOUND('',#306,.T.);
#91=FACE_OUTER_BOUND('',#307,.T.);
#92=FACE_OUTER_BOUND('',#308,.T.);
#93=FACE_OUTER_BOUND('',#309,.T.);
#94=FACE_OUTER_BOUND('',#310,.T.);
#95=FACE_OUTER_BOUND('',#311,.T.);
#96=FACE_OUTER_BOUND('',#312,.T.);
#97=FACE_OUTER_BOUND('',#313,.T.);
#98=FACE_OUTER_BOUND('',#314,.T.);
#99=FACE_OUTER_BOUND('',#315,.T.);
#100=FACE_OUTER_BOUND('',#316,.T.);
#101=FACE_OUTER_BOUND('',#317,.T.);
#102=FACE_OUTER_BOUND('',#318,.T.);
#103=FACE_OUTER_BOUND('',#319,.T.);
#104=FACE_OUTER_BOUND('',#320,.T.);
#105=FACE_OUTER_BOUND('',#321,.T.);
#106=FACE_OUTER_BOUND('',#322,.T.);
#107=FACE_OUTER_BOUND('',#323,.T.);
#108=FACE_OUTER_BOUND('',#324,.T.);
#109=FACE_OUTER_BOUND('',#325,.T.);
#110=FACE_OUTER_BOUND('',#326,.T.);
#111=FACE_OUTER_BOUND('',#327,.T.);
#112=FACE_OUTER_BOUND('',#328,.T.);
#113=FACE_OUTER_BOUND('',#329,.T.);
#114=FACE_OUTER_BOUND('',#330,.T.);
#115=FACE_OUTER_BOUND('',#331,.T.);
#116=FACE_OUTER_BOUND('',#332,.T.);
#117=FACE_OUTER_BOUND('',#333,.T.);
#118=FACE_OUTER_BOUND('',#334,.T.);
#119=FACE_OUTER_BOUND('',#335,.T.);
#120=FACE_OUTER_BOUND('',#336,.T.);
#121=FACE_OUTER_BOUND('',#337,.T.);
#122=FACE_OUTER_BOUND('',#338,.T.);
#123=FACE_OUTER_BOUND('',#339,.T.);
#124=FACE_OUTER_BOUND('',#340,.T.);
#125=FACE_OUTER_BOUND('',#341,.T.);
#126=FACE_OUTER_BOUND('',#342,.T.);
#127=FACE_OUTER_BOUND('',#343,.T.);
#128=FACE_OUTER_BOUND('',#344,.T.);
#129=FACE_OUTER_BOUND('',#345,.T.);
#130=FACE_OUTER_BOUND('',#346,.T.);
#131=FACE_OUTER_BOUND('',#347,.T.);
#132=FACE_OUTER_BOUND('',#348,.T.);
#133=FACE_OUTER_BOUND('',#349,.T.);
#134=FACE_OUTER_BOUND('',#350,.T.);
#135=FACE_OUTER_BOUND('',#351,.T.);
#136=FACE_OUTER_BOUND('',#352,.T.);
#137=FACE_OUTER_BOUND('',#353,.T.);
#138=FACE_OUTER_BOUND('',#354,.T.);
#139=FACE_OUTER_BOUND('',#355,.T.);
#140=FACE_OUTER_BOUND('',#356,.T.);
#141=FACE_OUTER_BOUND('',#357,.T.);
#142=FACE_OUTER_BOUND('',#358,.T.);
#143=FACE_OUTER_BOUND('',#359,.T.);
#144=FACE_OUTER_BOUND('',#360,.T.);
#145=FACE_OUTER_BOUND('',#361,.T.);
#146=FACE_OUTER_BOUND('',#362,.T.);
#147=FACE_OUTER_BOUND('',#363,.T.);
#148=FACE_OUTER_BOUND('',#364,.T.);
#149=FACE_OUTER_BOUND('',#365,.T.);
#150=FACE_OUTER_BOUND('',#366,.T.);
#151=FACE_OUTER_BOUND('',#367,.T.);
#152=FACE_OUTER_BOUND('',#368,.T.);
#153=FACE_OUTER_BOUND('',#369,.T.);
#154=FACE_OUTER_BOUND('',#370,.T.);
#155=FACE_OUTER_BOUND('',#371,.T.);
#156=FACE_OUTER_BOUND('',#372,.T.);
#157=FACE_OUTER_BOUND('',#373,.T.);
#158=FACE_OUTER_BOUND('',#374,.T.);
#159=FACE_OUTER_BOUND('',#375,.T.);
#160=FACE_OUTER_BOUND('',#376,.T.);
#161=FACE_OUTER_BOUND('',#377,.T.);
#162=FACE_OUTER_BOUND('',#378,.T.);
#163=FACE_OUTER_BOUND('',#379,.T.);
#164=FACE_OUTER_BOUND('',#380,.T.);
#165=FACE_OUTER_BOUND('',#381,.T.);
#166=FACE_OUTER_BOUND('',#382,.T.);
#167=FACE_OUTER_BOUND('',#383,.T.);
#168=FACE_OUTER_BOUND('',#384,.T.);
#169=FACE_OUTER_BOUND('',#385,.T.);
#170=FACE_OUTER_BOUND('',#386,.T.);
#171=FACE_OUTER_BOUND('',#387,.T.);
#172=FACE_OUTER_BOUND('',#388,.T.);
#173=FACE_OUTER_BOUND('',#389,.T.);
#174=FACE_OUTER_BOUND('',#392,.T.);
#175=FACE_OUTER_BOUND('',#393,.T.);
#176=FACE_OUTER_BOUND('',#396,.T.);
#177=FACE_OUTER_BOUND('',#397,.T.);
#178=FACE_OUTER_BOUND('',#398,.T.);
#179=FACE_OUTER_BOUND('',#399,.T.);
#180=FACE_OUTER_BOUND('',#400,.T.);
#181=FACE_OUTER_BOUND('',#401,.T.);
#182=FACE_OUTER_BOUND('',#402,.T.);
#183=FACE_OUTER_BOUND('',#403,.T.);
#184=FACE_OUTER_BOUND('',#404,.T.);
#185=FACE_OUTER_BOUND('',#405,.T.);
#186=FACE_OUTER_BOUND('',#406,.T.);
#187=FACE_OUTER_BOUND('',#407,.T.);
#188=FACE_OUTER_BOUND('',#408,.T.);
#189=FACE_OUTER_BOUND('',#409,.T.);
#190=FACE_OUTER_BOUND('',#410,.T.);
#191=FACE_OUTER_BOUND('',#411,.T.);
#192=FACE_OUTER_BOUND('',#412,.T.);
#193=FACE_OUTER_BOUND('',#413,.T.);
#194=FACE_OUTER_BOUND('',#414,.T.);
#195=FACE_OUTER_BOUND('',#415,.T.);
#196=FACE_OUTER_BOUND('',#416,.T.);
#197=FACE_OUTER_BOUND('',#417,.T.);
#198=FACE_OUTER_BOUND('',#418,.T.);
#199=FACE_OUTER_BOUND('',#419,.T.);
#200=FACE_OUTER_BOUND('',#420,.T.);
#201=FACE_OUTER_BOUND('',#421,.T.);
#202=FACE_OUTER_BOUND('',#422,.T.);
#203=FACE_OUTER_BOUND('',#423,.T.);
#204=FACE_OUTER_BOUND('',#424,.T.);
#205=FACE_OUTER_BOUND('',#425,.T.);
#206=FACE_OUTER_BOUND('',#426,.T.);
#207=FACE_OUTER_BOUND('',#427,.T.);
#208=FACE_OUTER_BOUND('',#428,.T.);
#209=FACE_OUTER_BOUND('',#429,.T.);
#210=FACE_OUTER_BOUND('',#430,.T.);
#211=FACE_OUTER_BOUND('',#431,.T.);
#212=FACE_OUTER_BOUND('',#432,.T.);
#213=FACE_OUTER_BOUND('',#433,.T.);
#214=FACE_OUTER_BOUND('',#434,.T.);
#215=FACE_OUTER_BOUND('',#435,.T.);
#216=FACE_OUTER_BOUND('',#436,.T.);
#217=FACE_OUTER_BOUND('',#437,.T.);
#218=FACE_OUTER_BOUND('',#438,.T.);
#219=FACE_OUTER_BOUND('',#439,.T.);
#220=FACE_OUTER_BOUND('',#440,.T.);
#221=FACE_OUTER_BOUND('',#441,.T.);
#222=FACE_OUTER_BOUND('',#442,.T.);
#223=FACE_OUTER_BOUND('',#443,.T.);
#224=FACE_OUTER_BOUND('',#444,.T.);
#225=FACE_OUTER_BOUND('',#445,.T.);
#226=FACE_OUTER_BOUND('',#446,.T.);
#227=FACE_OUTER_BOUND('',#447,.T.);
#228=FACE_OUTER_BOUND('',#448,.T.);
#229=FACE_OUTER_BOUND('',#449,.T.);
#230=FACE_OUTER_BOUND('',#450,.T.);
#231=FACE_OUTER_BOUND('',#451,.T.);
#232=FACE_OUTER_BOUND('',#452,.T.);
#233=FACE_OUTER_BOUND('',#453,.T.);
#234=FACE_OUTER_BOUND('',#454,.T.);
#235=FACE_OUTER_BOUND('',#455,.T.);
#236=FACE_OUTER_BOUND('',#456,.T.);
#237=FACE_OUTER_BOUND('',#457,.T.);
#238=FACE_OUTER_BOUND('',#458,.T.);
#239=FACE_OUTER_BOUND('',#459,.T.);
#240=FACE_OUTER_BOUND('',#460,.T.);
#241=FACE_OUTER_BOUND('',#461,.T.);
#242=FACE_OUTER_BOUND('',#462,.T.);
#243=FACE_OUTER_BOUND('',#463,.T.);
#244=FACE_OUTER_BOUND('',#464,.T.);
#245=FACE_OUTER_BOUND('',#465,.T.);
#246=FACE_OUTER_BOUND('',#466,.T.);
#247=FACE_OUTER_BOUND('',#467,.T.);
#248=FACE_OUTER_BOUND('',#468,.T.);
#249=FACE_OUTER_BOUND('',#469,.T.);
#250=FACE_OUTER_BOUND('',#470,.T.);
#251=EDGE_LOOP('',(#2793,#2794,#2795,#2796));
#252=EDGE_LOOP('',(#2797,#2798,#2799,#2800));
#253=EDGE_LOOP('',(#2801,#2802,#2803,#2804));
#254=EDGE_LOOP('',(#2805,#2806,#2807,#2808));
#255=EDGE_LOOP('',(#2809,#2810,#2811,#2812));
#256=EDGE_LOOP('',(#2813,#2814,#2815,#2816));
#257=EDGE_LOOP('',(#2817,#2818,#2819,#2820));
#258=EDGE_LOOP('',(#2821,#2822,#2823,#2824));
#259=EDGE_LOOP('',(#2825,#2826,#2827,#2828));
#260=EDGE_LOOP('',(#2829,#2830,#2831,#2832));
#261=EDGE_LOOP('',(#2833,#2834,#2835,#2836));
#262=EDGE_LOOP('',(#2837,#2838,#2839,#2840));
#263=EDGE_LOOP('',(#2841,#2842,#2843,#2844));
#264=EDGE_LOOP('',(#2845,#2846,#2847,#2848));
#265=EDGE_LOOP('',(#2849,#2850,#2851,#2852));
#266=EDGE_LOOP('',(#2853,#2854,#2855,#2856));
#267=EDGE_LOOP('',(#2857,#2858,#2859,#2860));
#268=EDGE_LOOP('',(#2861,#2862,#2863,#2864));
#269=EDGE_LOOP('',(#2865,#2866,#2867,#2868));
#270=EDGE_LOOP('',(#2869,#2870,#2871,#2872));
#271=EDGE_LOOP('',(#2873,#2874,#2875,#2876));
#272=EDGE_LOOP('',(#2877,#2878,#2879,#2880));
#273=EDGE_LOOP('',(#2881,#2882,#2883,#2884));
#274=EDGE_LOOP('',(#2885,#2886,#2887,#2888));
#275=EDGE_LOOP('',(#2889,#2890,#2891,#2892));
#276=EDGE_LOOP('',(#2893,#2894,#2895,#2896));
#277=EDGE_LOOP('',(#2897,#2898,#2899,#2900));
#278=EDGE_LOOP('',(#2901,#2902,#2903,#2904));
#279=EDGE_LOOP('',(#2905,#2906,#2907,#2908));
#280=EDGE_LOOP('',(#2909,#2910,#2911,#2912));
#281=EDGE_LOOP('',(#2913,#2914,#2915,#2916));
#282=EDGE_LOOP('',(#2917,#2918,#2919,#2920));
#283=EDGE_LOOP('',(#2921,#2922,#2923,#2924));
#284=EDGE_LOOP('',(#2925,#2926,#2927,#2928));
#285=EDGE_LOOP('',(#2929,#2930,#2931,#2932));
#286=EDGE_LOOP('',(#2933,#2934,#2935,#2936));
#287=EDGE_LOOP('',(#2937,#2938,#2939,#2940));
#288=EDGE_LOOP('',(#2941,#2942,#2943,#2944));
#289=EDGE_LOOP('',(#2945,#2946,#2947,#2948));
#290=EDGE_LOOP('',(#2949,#2950,#2951,#2952));
#291=EDGE_LOOP('',(#2953,#2954,#2955,#2956));
#292=EDGE_LOOP('',(#2957,#2958,#2959,#2960));
#293=EDGE_LOOP('',(#2961,#2962,#2963,#2964));
#294=EDGE_LOOP('',(#2965,#2966,#2967,#2968));
#295=EDGE_LOOP('',(#2969,#2970,#2971,#2972));
#296=EDGE_LOOP('',(#2973,#2974,#2975,#2976));
#297=EDGE_LOOP('',(#2977,#2978,#2979,#2980));
#298=EDGE_LOOP('',(#2981,#2982,#2983,#2984));
#299=EDGE_LOOP('',(#2985,#2986,#2987,#2988));
#300=EDGE_LOOP('',(#2989,#2990,#2991,#2992));
#301=EDGE_LOOP('',(#2993,#2994,#2995,#2996));
#302=EDGE_LOOP('',(#2997,#2998,#2999,#3000));
#303=EDGE_LOOP('',(#3001,#3002,#3003,#3004));
#304=EDGE_LOOP('',(#3005,#3006,#3007,#3008));
#305=EDGE_LOOP('',(#3009,#3010,#3011,#3012));
#306=EDGE_LOOP('',(#3013,#3014,#3015,#3016));
#307=EDGE_LOOP('',(#3017,#3018,#3019,#3020));
#308=EDGE_LOOP('',(#3021,#3022,#3023,#3024));
#309=EDGE_LOOP('',(#3025,#3026,#3027,#3028));
#310=EDGE_LOOP('',(#3029,#3030,#3031,#3032));
#311=EDGE_LOOP('',(#3033,#3034,#3035,#3036));
#312=EDGE_LOOP('',(#3037,#3038,#3039,#3040));
#313=EDGE_LOOP('',(#3041,#3042,#3043,#3044));
#314=EDGE_LOOP('',(#3045,#3046,#3047,#3048));
#315=EDGE_LOOP('',(#3049,#3050,#3051,#3052));
#316=EDGE_LOOP('',(#3053,#3054,#3055,#3056));
#317=EDGE_LOOP('',(#3057,#3058,#3059,#3060));
#318=EDGE_LOOP('',(#3061,#3062,#3063,#3064));
#319=EDGE_LOOP('',(#3065,#3066,#3067,#3068));
#320=EDGE_LOOP('',(#3069,#3070,#3071,#3072));
#321=EDGE_LOOP('',(#3073,#3074,#3075,#3076));
#322=EDGE_LOOP('',(#3077,#3078,#3079,#3080));
#323=EDGE_LOOP('',(#3081,#3082,#3083,#3084));
#324=EDGE_LOOP('',(#3085,#3086,#3087,#3088));
#325=EDGE_LOOP('',(#3089,#3090,#3091,#3092));
#326=EDGE_LOOP('',(#3093,#3094,#3095,#3096));
#327=EDGE_LOOP('',(#3097,#3098,#3099,#3100));
#328=EDGE_LOOP('',(#3101,#3102,#3103,#3104));
#329=EDGE_LOOP('',(#3105,#3106,#3107,#3108));
#330=EDGE_LOOP('',(#3109,#3110,#3111,#3112));
#331=EDGE_LOOP('',(#3113,#3114,#3115,#3116));
#332=EDGE_LOOP('',(#3117,#3118,#3119,#3120));
#333=EDGE_LOOP('',(#3121,#3122,#3123,#3124));
#334=EDGE_LOOP('',(#3125,#3126,#3127,#3128));
#335=EDGE_LOOP('',(#3129,#3130,#3131,#3132));
#336=EDGE_LOOP('',(#3133,#3134,#3135,#3136));
#337=EDGE_LOOP('',(#3137,#3138,#3139,#3140));
#338=EDGE_LOOP('',(#3141,#3142,#3143,#3144));
#339=EDGE_LOOP('',(#3145,#3146,#3147,#3148));
#340=EDGE_LOOP('',(#3149,#3150,#3151,#3152));
#341=EDGE_LOOP('',(#3153,#3154,#3155,#3156));
#342=EDGE_LOOP('',(#3157,#3158,#3159,#3160));
#343=EDGE_LOOP('',(#3161,#3162,#3163,#3164));
#344=EDGE_LOOP('',(#3165,#3166,#3167,#3168));
#345=EDGE_LOOP('',(#3169,#3170,#3171,#3172));
#346=EDGE_LOOP('',(#3173,#3174,#3175,#3176));
#347=EDGE_LOOP('',(#3177,#3178,#3179,#3180));
#348=EDGE_LOOP('',(#3181,#3182,#3183,#3184));
#349=EDGE_LOOP('',(#3185,#3186,#3187,#3188));
#350=EDGE_LOOP('',(#3189,#3190,#3191,#3192));
#351=EDGE_LOOP('',(#3193,#3194,#3195,#3196));
#352=EDGE_LOOP('',(#3197,#3198,#3199,#3200));
#353=EDGE_LOOP('',(#3201,#3202,#3203,#3204));
#354=EDGE_LOOP('',(#3205,#3206,#3207,#3208));
#355=EDGE_LOOP('',(#3209,#3210,#3211,#3212));
#356=EDGE_LOOP('',(#3213,#3214,#3215,#3216));
#357=EDGE_LOOP('',(#3217,#3218,#3219,#3220));
#358=EDGE_LOOP('',(#3221,#3222,#3223,#3224));
#359=EDGE_LOOP('',(#3225,#3226,#3227,#3228));
#360=EDGE_LOOP('',(#3229,#3230,#3231,#3232));
#361=EDGE_LOOP('',(#3233,#3234,#3235,#3236));
#362=EDGE_LOOP('',(#3237,#3238,#3239,#3240));
#363=EDGE_LOOP('',(#3241,#3242,#3243,#3244));
#364=EDGE_LOOP('',(#3245,#3246,#3247,#3248));
#365=EDGE_LOOP('',(#3249,#3250,#3251,#3252));
#366=EDGE_LOOP('',(#3253,#3254,#3255,#3256));
#367=EDGE_LOOP('',(#3257,#3258,#3259,#3260));
#368=EDGE_LOOP('',(#3261,#3262,#3263,#3264));
#369=EDGE_LOOP('',(#3265,#3266,#3267,#3268));
#370=EDGE_LOOP('',(#3269,#3270,#3271,#3272));
#371=EDGE_LOOP('',(#3273,#3274,#3275,#3276));
#372=EDGE_LOOP('',(#3277,#3278,#3279,#3280));
#373=EDGE_LOOP('',(#3281,#3282,#3283,#3284));
#374=EDGE_LOOP('',(#3285,#3286,#3287,#3288));
#375=EDGE_LOOP('',(#3289,#3290,#3291,#3292));
#376=EDGE_LOOP('',(#3293,#3294,#3295,#3296));
#377=EDGE_LOOP('',(#3297,#3298,#3299,#3300));
#378=EDGE_LOOP('',(#3301,#3302,#3303,#3304));
#379=EDGE_LOOP('',(#3305,#3306,#3307,#3308));
#380=EDGE_LOOP('',(#3309,#3310,#3311,#3312));
#381=EDGE_LOOP('',(#3313,#3314,#3315,#3316,#3317,#3318));
#382=EDGE_LOOP('',(#3319,#3320,#3321,#3322,#3323,#3324));
#383=EDGE_LOOP('',(#3325,#3326,#3327,#3328));
#384=EDGE_LOOP('',(#3329,#3330,#3331,#3332));
#385=EDGE_LOOP('',(#3333,#3334,#3335,#3336));
#386=EDGE_LOOP('',(#3337,#3338,#3339,#3340));
#387=EDGE_LOOP('',(#3341,#3342,#3343,#3344));
#388=EDGE_LOOP('',(#3345,#3346,#3347,#3348));
#389=EDGE_LOOP('',(#3349,#3350,#3351,#3352,#3353,#3354));
#390=EDGE_LOOP('',(#3355));
#391=EDGE_LOOP('',(#3356));
#392=EDGE_LOOP('',(#3357,#3358,#3359,#3360));
#393=EDGE_LOOP('',(#3361,#3362,#3363,#3364,#3365,#3366,#3367,#3368,#3369,
#3370,#3371,#3372,#3373,#3374,#3375,#3376,#3377,#3378,#3379,#3380,#3381,
#3382,#3383,#3384,#3385,#3386,#3387,#3388,#3389,#3390,#3391,#3392,#3393,
#3394,#3395,#3396,#3397,#3398,#3399,#3400,#3401,#3402,#3403,#3404,#3405,
#3406,#3407,#3408,#3409,#3410,#3411,#3412,#3413,#3414,#3415,#3416,#3417,
#3418,#3419,#3420,#3421,#3422,#3423,#3424,#3425,#3426,#3427,#3428,#3429,
#3430,#3431,#3432,#3433,#3434,#3435,#3436,#3437,#3438,#3439,#3440,#3441,
#3442,#3443,#3444,#3445,#3446,#3447,#3448,#3449,#3450,#3451,#3452,#3453,
#3454,#3455,#3456,#3457,#3458,#3459,#3460,#3461,#3462,#3463,#3464,#3465,
#3466,#3467,#3468,#3469,#3470,#3471,#3472,#3473,#3474,#3475,#3476,#3477,
#3478,#3479,#3480,#3481,#3482,#3483,#3484,#3485,#3486,#3487,#3488,#3489,
#3490,#3491,#3492,#3493,#3494,#3495,#3496,#3497,#3498,#3499,#3500,#3501,
#3502,#3503,#3504,#3505,#3506,#3507,#3508,#3509,#3510,#3511,#3512,#3513,
#3514,#3515,#3516,#3517,#3518,#3519,#3520,#3521,#3522,#3523,#3524,#3525,
#3526,#3527,#3528,#3529,#3530,#3531,#3532,#3533,#3534,#3535,#3536,#3537,
#3538,#3539,#3540,#3541,#3542,#3543,#3544,#3545,#3546,#3547,#3548,#3549,
#3550,#3551,#3552,#3553,#3554,#3555,#3556,#3557,#3558,#3559,#3560,#3561,
#3562,#3563,#3564,#3565,#3566));
#394=EDGE_LOOP('',(#3567));
#395=EDGE_LOOP('',(#3568));
#396=EDGE_LOOP('',(#3569,#3570,#3571,#3572));
#397=EDGE_LOOP('',(#3573,#3574,#3575,#3576));
#398=EDGE_LOOP('',(#3577,#3578,#3579,#3580));
#399=EDGE_LOOP('',(#3581,#3582,#3583,#3584));
#400=EDGE_LOOP('',(#3585,#3586,#3587,#3588));
#401=EDGE_LOOP('',(#3589,#3590,#3591,#3592));
#402=EDGE_LOOP('',(#3593,#3594,#3595,#3596));
#403=EDGE_LOOP('',(#3597,#3598,#3599,#3600));
#404=EDGE_LOOP('',(#3601,#3602,#3603,#3604));
#405=EDGE_LOOP('',(#3605,#3606,#3607,#3608));
#406=EDGE_LOOP('',(#3609,#3610,#3611,#3612));
#407=EDGE_LOOP('',(#3613,#3614,#3615,#3616));
#408=EDGE_LOOP('',(#3617,#3618,#3619,#3620));
#409=EDGE_LOOP('',(#3621,#3622,#3623,#3624));
#410=EDGE_LOOP('',(#3625,#3626,#3627,#3628));
#411=EDGE_LOOP('',(#3629,#3630,#3631,#3632));
#412=EDGE_LOOP('',(#3633,#3634,#3635,#3636));
#413=EDGE_LOOP('',(#3637,#3638,#3639,#3640));
#414=EDGE_LOOP('',(#3641,#3642,#3643,#3644));
#415=EDGE_LOOP('',(#3645,#3646,#3647,#3648));
#416=EDGE_LOOP('',(#3649,#3650,#3651,#3652));
#417=EDGE_LOOP('',(#3653,#3654,#3655,#3656));
#418=EDGE_LOOP('',(#3657,#3658,#3659,#3660));
#419=EDGE_LOOP('',(#3661,#3662,#3663,#3664));
#420=EDGE_LOOP('',(#3665,#3666,#3667,#3668));
#421=EDGE_LOOP('',(#3669,#3670,#3671,#3672));
#422=EDGE_LOOP('',(#3673,#3674,#3675,#3676));
#423=EDGE_LOOP('',(#3677,#3678,#3679,#3680));
#424=EDGE_LOOP('',(#3681,#3682,#3683,#3684));
#425=EDGE_LOOP('',(#3685,#3686,#3687,#3688));
#426=EDGE_LOOP('',(#3689,#3690,#3691,#3692));
#427=EDGE_LOOP('',(#3693,#3694,#3695,#3696));
#428=EDGE_LOOP('',(#3697,#3698,#3699,#3700));
#429=EDGE_LOOP('',(#3701,#3702,#3703,#3704));
#430=EDGE_LOOP('',(#3705,#3706,#3707,#3708));
#431=EDGE_LOOP('',(#3709,#3710,#3711,#3712));
#432=EDGE_LOOP('',(#3713,#3714,#3715,#3716));
#433=EDGE_LOOP('',(#3717,#3718,#3719,#3720));
#434=EDGE_LOOP('',(#3721,#3722,#3723,#3724));
#435=EDGE_LOOP('',(#3725,#3726,#3727,#3728));
#436=EDGE_LOOP('',(#3729,#3730,#3731,#3732));
#437=EDGE_LOOP('',(#3733,#3734,#3735,#3736));
#438=EDGE_LOOP('',(#3737,#3738,#3739,#3740));
#439=EDGE_LOOP('',(#3741,#3742,#3743,#3744));
#440=EDGE_LOOP('',(#3745,#3746,#3747,#3748));
#441=EDGE_LOOP('',(#3749,#3750,#3751,#3752));
#442=EDGE_LOOP('',(#3753,#3754,#3755,#3756));
#443=EDGE_LOOP('',(#3757,#3758,#3759,#3760));
#444=EDGE_LOOP('',(#3761,#3762,#3763,#3764));
#445=EDGE_LOOP('',(#3765,#3766,#3767,#3768));
#446=EDGE_LOOP('',(#3769,#3770,#3771,#3772));
#447=EDGE_LOOP('',(#3773,#3774,#3775,#3776));
#448=EDGE_LOOP('',(#3777,#3778,#3779,#3780));
#449=EDGE_LOOP('',(#3781,#3782,#3783,#3784));
#450=EDGE_LOOP('',(#3785,#3786,#3787,#3788));
#451=EDGE_LOOP('',(#3789,#3790,#3791,#3792));
#452=EDGE_LOOP('',(#3793,#3794,#3795,#3796));
#453=EDGE_LOOP('',(#3797,#3798,#3799,#3800));
#454=EDGE_LOOP('',(#3801,#3802,#3803,#3804));
#455=EDGE_LOOP('',(#3805,#3806,#3807,#3808));
#456=EDGE_LOOP('',(#3809,#3810,#3811,#3812));
#457=EDGE_LOOP('',(#3813,#3814,#3815,#3816));
#458=EDGE_LOOP('',(#3817,#3818,#3819,#3820));
#459=EDGE_LOOP('',(#3821,#3822,#3823,#3824));
#460=EDGE_LOOP('',(#3825,#3826,#3827,#3828));
#461=EDGE_LOOP('',(#3829,#3830,#3831,#3832));
#462=EDGE_LOOP('',(#3833,#3834,#3835,#3836));
#463=EDGE_LOOP('',(#3837,#3838,#3839,#3840));
#464=EDGE_LOOP('',(#3841,#3842,#3843,#3844));
#465=EDGE_LOOP('',(#3845,#3846,#3847,#3848));
#466=EDGE_LOOP('',(#3849,#3850,#3851,#3852));
#467=EDGE_LOOP('',(#3853,#3854,#3855,#3856));
#468=EDGE_LOOP('',(#3857,#3858,#3859,#3860));
#469=EDGE_LOOP('',(#3861,#3862,#3863,#3864,#3865,#3866,#3867,#3868,#3869,
#3870,#3871,#3872,#3873,#3874,#3875,#3876,#3877,#3878,#3879,#3880,#3881,
#3882,#3883,#3884,#3885,#3886,#3887,#3888,#3889,#3890,#3891,#3892,#3893,
#3894,#3895,#3896,#3897,#3898,#3899,#3900,#3901,#3902,#3903,#3904,#3905,
#3906,#3907,#3908,#3909,#3910,#3911,#3912,#3913,#3914,#3915,#3916,#3917,
#3918,#3919,#3920,#3921,#3922,#3923,#3924,#3925,#3926,#3927,#3928,#3929,
#3930,#3931,#3932,#3933,#3934,#3935,#3936,#3937,#3938,#3939,#3940,#3941,
#3942,#3943,#3944,#3945,#3946,#3947,#3948,#3949,#3950,#3951,#3952,#3953,
#3954,#3955,#3956,#3957,#3958,#3959,#3960,#3961,#3962,#3963,#3964,#3965,
#3966,#3967,#3968,#3969,#3970,#3971,#3972,#3973,#3974,#3975,#3976,#3977,
#3978,#3979,#3980,#3981,#3982,#3983,#3984,#3985,#3986,#3987,#3988,#3989,
#3990,#3991,#3992,#3993,#3994,#3995,#3996,#3997,#3998,#3999,#4000,#4001,
#4002,#4003,#4004,#4005,#4006,#4007,#4008,#4009,#4010,#4011,#4012,#4013,
#4014,#4015,#4016,#4017,#4018,#4019,#4020,#4021,#4022,#4023,#4024,#4025,
#4026,#4027,#4028,#4029,#4030,#4031,#4032,#4033,#4034,#4035,#4036,#4037,
#4038,#4039,#4040,#4041,#4042,#4043,#4044,#4045,#4046,#4047,#4048,#4049,
#4050,#4051,#4052,#4053,#4054,#4055,#4056,#4057,#4058,#4059,#4060,#4061,
#4062,#4063,#4064));
#470=EDGE_LOOP('',(#4065,#4066,#4067,#4068));
#471=LINE('',#5826,#1101);
#472=LINE('',#5828,#1102);
#473=LINE('',#5830,#1103);
#474=LINE('',#5831,#1104);
#475=LINE('',#5835,#1105);
#476=LINE('',#5836,#1106);
#477=LINE('',#5837,#1107);
#478=LINE('',#5841,#1108);
#479=LINE('',#5843,#1109);
#480=LINE('',#5845,#1110);
#481=LINE('',#5846,#1111);
#482=LINE('',#5850,#1112);
#483=LINE('',#5852,#1113);
#484=LINE('',#5854,#1114);
#485=LINE('',#5855,#1115);
#486=LINE('',#5859,#1116);
#487=LINE('',#5861,#1117);
#488=LINE('',#5863,#1118);
#489=LINE('',#5864,#1119);
#490=LINE('',#5868,#1120);
#491=LINE('',#5870,#1121);
#492=LINE('',#5872,#1122);
#493=LINE('',#5873,#1123);
#494=LINE('',#5877,#1124);
#495=LINE('',#5879,#1125);
#496=LINE('',#5881,#1126);
#497=LINE('',#5882,#1127);
#498=LINE('',#5886,#1128);
#499=LINE('',#5888,#1129);
#500=LINE('',#5890,#1130);
#501=LINE('',#5891,#1131);
#502=LINE('',#5895,#1132);
#503=LINE('',#5897,#1133);
#504=LINE('',#5899,#1134);
#505=LINE('',#5900,#1135);
#506=LINE('',#5904,#1136);
#507=LINE('',#5906,#1137);
#508=LINE('',#5908,#1138);
#509=LINE('',#5909,#1139);
#510=LINE('',#5913,#1140);
#511=LINE('',#5915,#1141);
#512=LINE('',#5917,#1142);
#513=LINE('',#5918,#1143);
#514=LINE('',#5922,#1144);
#515=LINE('',#5924,#1145);
#516=LINE('',#5926,#1146);
#517=LINE('',#5927,#1147);
#518=LINE('',#5931,#1148);
#519=LINE('',#5933,#1149);
#520=LINE('',#5935,#1150);
#521=LINE('',#5936,#1151);
#522=LINE('',#5940,#1152);
#523=LINE('',#5942,#1153);
#524=LINE('',#5944,#1154);
#525=LINE('',#5945,#1155);
#526=LINE('',#5949,#1156);
#527=LINE('',#5951,#1157);
#528=LINE('',#5953,#1158);
#529=LINE('',#5954,#1159);
#530=LINE('',#5958,#1160);
#531=LINE('',#5960,#1161);
#532=LINE('',#5962,#1162);
#533=LINE('',#5963,#1163);
#534=LINE('',#5967,#1164);
#535=LINE('',#5969,#1165);
#536=LINE('',#5971,#1166);
#537=LINE('',#5972,#1167);
#538=LINE('',#5976,#1168);
#539=LINE('',#5978,#1169);
#540=LINE('',#5980,#1170);
#541=LINE('',#5981,#1171);
#542=LINE('',#5985,#1172);
#543=LINE('',#5987,#1173);
#544=LINE('',#5989,#1174);
#545=LINE('',#5990,#1175);
#546=LINE('',#5994,#1176);
#547=LINE('',#5996,#1177);
#548=LINE('',#5998,#1178);
#549=LINE('',#5999,#1179);
#550=LINE('',#6003,#1180);
#551=LINE('',#6005,#1181);
#552=LINE('',#6007,#1182);
#553=LINE('',#6008,#1183);
#554=LINE('',#6012,#1184);
#555=LINE('',#6014,#1185);
#556=LINE('',#6016,#1186);
#557=LINE('',#6017,#1187);
#558=LINE('',#6021,#1188);
#559=LINE('',#6023,#1189);
#560=LINE('',#6025,#1190);
#561=LINE('',#6026,#1191);
#562=LINE('',#6030,#1192);
#563=LINE('',#6032,#1193);
#564=LINE('',#6034,#1194);
#565=LINE('',#6035,#1195);
#566=LINE('',#6039,#1196);
#567=LINE('',#6041,#1197);
#568=LINE('',#6043,#1198);
#569=LINE('',#6044,#1199);
#570=LINE('',#6048,#1200);
#571=LINE('',#6050,#1201);
#572=LINE('',#6052,#1202);
#573=LINE('',#6053,#1203);
#574=LINE('',#6057,#1204);
#575=LINE('',#6059,#1205);
#576=LINE('',#6061,#1206);
#577=LINE('',#6062,#1207);
#578=LINE('',#6066,#1208);
#579=LINE('',#6068,#1209);
#580=LINE('',#6070,#1210);
#581=LINE('',#6071,#1211);
#582=LINE('',#6075,#1212);
#583=LINE('',#6077,#1213);
#584=LINE('',#6079,#1214);
#585=LINE('',#6080,#1215);
#586=LINE('',#6084,#1216);
#587=LINE('',#6086,#1217);
#588=LINE('',#6088,#1218);
#589=LINE('',#6089,#1219);
#590=LINE('',#6093,#1220);
#591=LINE('',#6095,#1221);
#592=LINE('',#6097,#1222);
#593=LINE('',#6098,#1223);
#594=LINE('',#6102,#1224);
#595=LINE('',#6104,#1225);
#596=LINE('',#6106,#1226);
#597=LINE('',#6107,#1227);
#598=LINE('',#6111,#1228);
#599=LINE('',#6113,#1229);
#600=LINE('',#6115,#1230);
#601=LINE('',#6116,#1231);
#602=LINE('',#6120,#1232);
#603=LINE('',#6122,#1233);
#604=LINE('',#6124,#1234);
#605=LINE('',#6125,#1235);
#606=LINE('',#6129,#1236);
#607=LINE('',#6131,#1237);
#608=LINE('',#6133,#1238);
#609=LINE('',#6134,#1239);
#610=LINE('',#6138,#1240);
#611=LINE('',#6140,#1241);
#612=LINE('',#6142,#1242);
#613=LINE('',#6143,#1243);
#614=LINE('',#6147,#1244);
#615=LINE('',#6149,#1245);
#616=LINE('',#6151,#1246);
#617=LINE('',#6152,#1247);
#618=LINE('',#6156,#1248);
#619=LINE('',#6158,#1249);
#620=LINE('',#6160,#1250);
#621=LINE('',#6161,#1251);
#622=LINE('',#6165,#1252);
#623=LINE('',#6167,#1253);
#624=LINE('',#6169,#1254);
#625=LINE('',#6170,#1255);
#626=LINE('',#6174,#1256);
#627=LINE('',#6176,#1257);
#628=LINE('',#6178,#1258);
#629=LINE('',#6179,#1259);
#630=LINE('',#6183,#1260);
#631=LINE('',#6185,#1261);
#632=LINE('',#6187,#1262);
#633=LINE('',#6188,#1263);
#634=LINE('',#6192,#1264);
#635=LINE('',#6194,#1265);
#636=LINE('',#6196,#1266);
#637=LINE('',#6197,#1267);
#638=LINE('',#6201,#1268);
#639=LINE('',#6203,#1269);
#640=LINE('',#6205,#1270);
#641=LINE('',#6206,#1271);
#642=LINE('',#6210,#1272);
#643=LINE('',#6212,#1273);
#644=LINE('',#6214,#1274);
#645=LINE('',#6215,#1275);
#646=LINE('',#6219,#1276);
#647=LINE('',#6221,#1277);
#648=LINE('',#6223,#1278);
#649=LINE('',#6224,#1279);
#650=LINE('',#6228,#1280);
#651=LINE('',#6230,#1281);
#652=LINE('',#6232,#1282);
#653=LINE('',#6233,#1283);
#654=LINE('',#6237,#1284);
#655=LINE('',#6239,#1285);
#656=LINE('',#6241,#1286);
#657=LINE('',#6242,#1287);
#658=LINE('',#6246,#1288);
#659=LINE('',#6248,#1289);
#660=LINE('',#6250,#1290);
#661=LINE('',#6251,#1291);
#662=LINE('',#6255,#1292);
#663=LINE('',#6257,#1293);
#664=LINE('',#6259,#1294);
#665=LINE('',#6260,#1295);
#666=LINE('',#6264,#1296);
#667=LINE('',#6266,#1297);
#668=LINE('',#6268,#1298);
#669=LINE('',#6269,#1299);
#670=LINE('',#6273,#1300);
#671=LINE('',#6275,#1301);
#672=LINE('',#6277,#1302);
#673=LINE('',#6278,#1303);
#674=LINE('',#6282,#1304);
#675=LINE('',#6284,#1305);
#676=LINE('',#6286,#1306);
#677=LINE('',#6287,#1307);
#678=LINE('',#6290,#1308);
#679=LINE('',#6292,#1309);
#680=LINE('',#6293,#1310);
#681=LINE('',#6296,#1311);
#682=LINE('',#6297,#1312);
#683=LINE('',#6300,#1313);
#684=LINE('',#6302,#1314);
#685=LINE('',#6303,#1315);
#686=LINE('',#6306,#1316);
#687=LINE('',#6308,#1317);
#688=LINE('',#6309,#1318);
#689=LINE('',#6312,#1319);
#690=LINE('',#6313,#1320);
#691=LINE('',#6316,#1321);
#692=LINE('',#6318,#1322);
#693=LINE('',#6319,#1323);
#694=LINE('',#6322,#1324);
#695=LINE('',#6324,#1325);
#696=LINE('',#6325,#1326);
#697=LINE('',#6328,#1327);
#698=LINE('',#6329,#1328);
#699=LINE('',#6332,#1329);
#700=LINE('',#6334,#1330);
#701=LINE('',#6335,#1331);
#702=LINE('',#6338,#1332);
#703=LINE('',#6340,#1333);
#704=LINE('',#6341,#1334);
#705=LINE('',#6344,#1335);
#706=LINE('',#6345,#1336);
#707=LINE('',#6348,#1337);
#708=LINE('',#6350,#1338);
#709=LINE('',#6351,#1339);
#710=LINE('',#6354,#1340);
#711=LINE('',#6356,#1341);
#712=LINE('',#6357,#1342);
#713=LINE('',#6360,#1343);
#714=LINE('',#6361,#1344);
#715=LINE('',#6364,#1345);
#716=LINE('',#6366,#1346);
#717=LINE('',#6367,#1347);
#718=LINE('',#6370,#1348);
#719=LINE('',#6372,#1349);
#720=LINE('',#6373,#1350);
#721=LINE('',#6376,#1351);
#722=LINE('',#6377,#1352);
#723=LINE('',#6380,#1353);
#724=LINE('',#6382,#1354);
#725=LINE('',#6383,#1355);
#726=LINE('',#6386,#1356);
#727=LINE('',#6388,#1357);
#728=LINE('',#6389,#1358);
#729=LINE('',#6392,#1359);
#730=LINE('',#6393,#1360);
#731=LINE('',#6396,#1361);
#732=LINE('',#6398,#1362);
#733=LINE('',#6399,#1363);
#734=LINE('',#6402,#1364);
#735=LINE('',#6404,#1365);
#736=LINE('',#6405,#1366);
#737=LINE('',#6408,#1367);
#738=LINE('',#6409,#1368);
#739=LINE('',#6412,#1369);
#740=LINE('',#6414,#1370);
#741=LINE('',#6415,#1371);
#742=LINE('',#6418,#1372);
#743=LINE('',#6420,#1373);
#744=LINE('',#6421,#1374);
#745=LINE('',#6424,#1375);
#746=LINE('',#6425,#1376);
#747=LINE('',#6428,#1377);
#748=LINE('',#6430,#1378);
#749=LINE('',#6431,#1379);
#750=LINE('',#6434,#1380);
#751=LINE('',#6436,#1381);
#752=LINE('',#6437,#1382);
#753=LINE('',#6440,#1383);
#754=LINE('',#6441,#1384);
#755=LINE('',#6444,#1385);
#756=LINE('',#6446,#1386);
#757=LINE('',#6447,#1387);
#758=LINE('',#6450,#1388);
#759=LINE('',#6452,#1389);
#760=LINE('',#6453,#1390);
#761=LINE('',#6456,#1391);
#762=LINE('',#6457,#1392);
#763=LINE('',#6460,#1393);
#764=LINE('',#6462,#1394);
#765=LINE('',#6463,#1395);
#766=LINE('',#6466,#1396);
#767=LINE('',#6468,#1397);
#768=LINE('',#6469,#1398);
#769=LINE('',#6472,#1399);
#770=LINE('',#6473,#1400);
#771=LINE('',#6476,#1401);
#772=LINE('',#6478,#1402);
#773=LINE('',#6479,#1403);
#774=LINE('',#6482,#1404);
#775=LINE('',#6484,#1405);
#776=LINE('',#6485,#1406);
#777=LINE('',#6488,#1407);
#778=LINE('',#6489,#1408);
#779=LINE('',#6492,#1409);
#780=LINE('',#6494,#1410);
#781=LINE('',#6495,#1411);
#782=LINE('',#6498,#1412);
#783=LINE('',#6500,#1413);
#784=LINE('',#6501,#1414);
#785=LINE('',#6504,#1415);
#786=LINE('',#6505,#1416);
#787=LINE('',#6508,#1417);
#788=LINE('',#6510,#1418);
#789=LINE('',#6511,#1419);
#790=LINE('',#6514,#1420);
#791=LINE('',#6516,#1421);
#792=LINE('',#6517,#1422);
#793=LINE('',#6520,#1423);
#794=LINE('',#6521,#1424);
#795=LINE('',#6524,#1425);
#796=LINE('',#6526,#1426);
#797=LINE('',#6527,#1427);
#798=LINE('',#6530,#1428);
#799=LINE('',#6532,#1429);
#800=LINE('',#6533,#1430);
#801=LINE('',#6536,#1431);
#802=LINE('',#6537,#1432);
#803=LINE('',#6540,#1433);
#804=LINE('',#6542,#1434);
#805=LINE('',#6543,#1435);
#806=LINE('',#6546,#1436);
#807=LINE('',#6548,#1437);
#808=LINE('',#6549,#1438);
#809=LINE('',#6552,#1439);
#810=LINE('',#6553,#1440);
#811=LINE('',#6556,#1441);
#812=LINE('',#6558,#1442);
#813=LINE('',#6559,#1443);
#814=LINE('',#6562,#1444);
#815=LINE('',#6564,#1445);
#816=LINE('',#6565,#1446);
#817=LINE('',#6568,#1447);
#818=LINE('',#6569,#1448);
#819=LINE('',#6572,#1449);
#820=LINE('',#6574,#1450);
#821=LINE('',#6575,#1451);
#822=LINE('',#6578,#1452);
#823=LINE('',#6580,#1453);
#824=LINE('',#6581,#1454);
#825=LINE('',#6584,#1455);
#826=LINE('',#6585,#1456);
#827=LINE('',#6588,#1457);
#828=LINE('',#6590,#1458);
#829=LINE('',#6591,#1459);
#830=LINE('',#6594,#1460);
#831=LINE('',#6596,#1461);
#832=LINE('',#6597,#1462);
#833=LINE('',#6600,#1463);
#834=LINE('',#6601,#1464);
#835=LINE('',#6604,#1465);
#836=LINE('',#6606,#1466);
#837=LINE('',#6607,#1467);
#838=LINE('',#6610,#1468);
#839=LINE('',#6612,#1469);
#840=LINE('',#6613,#1470);
#841=LINE('',#6616,#1471);
#842=LINE('',#6617,#1472);
#843=LINE('',#6620,#1473);
#844=LINE('',#6622,#1474);
#845=LINE('',#6623,#1475);
#846=LINE('',#6626,#1476);
#847=LINE('',#6628,#1477);
#848=LINE('',#6629,#1478);
#849=LINE('',#6632,#1479);
#850=LINE('',#6633,#1480);
#851=LINE('',#6636,#1481);
#852=LINE('',#6638,#1482);
#853=LINE('',#6639,#1483);
#854=LINE('',#6642,#1484);
#855=LINE('',#6644,#1485);
#856=LINE('',#6645,#1486);
#857=LINE('',#6648,#1487);
#858=LINE('',#6649,#1488);
#859=LINE('',#6652,#1489);
#860=LINE('',#6654,#1490);
#861=LINE('',#6655,#1491);
#862=LINE('',#6658,#1492);
#863=LINE('',#6660,#1493);
#864=LINE('',#6661,#1494);
#865=LINE('',#6664,#1495);
#866=LINE('',#6665,#1496);
#867=LINE('',#6668,#1497);
#868=LINE('',#6670,#1498);
#869=LINE('',#6671,#1499);
#870=LINE('',#6674,#1500);
#871=LINE('',#6676,#1501);
#872=LINE('',#6677,#1502);
#873=LINE('',#6680,#1503);
#874=LINE('',#6681,#1504);
#875=LINE('',#6684,#1505);
#876=LINE('',#6686,#1506);
#877=LINE('',#6687,#1507);
#878=LINE('',#6690,#1508);
#879=LINE('',#6691,#1509);
#880=LINE('',#6695,#1510);
#881=LINE('',#6697,#1511);
#882=LINE('',#6699,#1512);
#883=LINE('',#6700,#1513);
#884=LINE('',#6703,#1514);
#885=LINE('',#6705,#1515);
#886=LINE('',#6706,#1516);
#887=LINE('',#6708,#1517);
#888=LINE('',#6709,#1518);
#889=LINE('',#6711,#1519);
#890=LINE('',#6712,#1520);
#891=LINE('',#6716,#1521);
#892=LINE('',#6718,#1522);
#893=LINE('',#6719,#1523);
#894=LINE('',#6724,#1524);
#895=LINE('',#6730,#1525);
#896=LINE('',#6737,#1526);
#897=LINE('',#6740,#1527);
#898=LINE('',#6742,#1528);
#899=LINE('',#6743,#1529);
#900=LINE('',#6746,#1530);
#901=LINE('',#6750,#1531);
#902=LINE('',#6754,#1532);
#903=LINE('',#6755,#1533);
#904=LINE('',#6757,#1534);
#905=LINE('',#6758,#1535);
#906=LINE('',#6760,#1536);
#907=LINE('',#6761,#1537);
#908=LINE('',#6763,#1538);
#909=LINE('',#6764,#1539);
#910=LINE('',#6766,#1540);
#911=LINE('',#6767,#1541);
#912=LINE('',#6769,#1542);
#913=LINE('',#6770,#1543);
#914=LINE('',#6772,#1544);
#915=LINE('',#6773,#1545);
#916=LINE('',#6775,#1546);
#917=LINE('',#6776,#1547);
#918=LINE('',#6778,#1548);
#919=LINE('',#6779,#1549);
#920=LINE('',#6781,#1550);
#921=LINE('',#6782,#1551);
#922=LINE('',#6784,#1552);
#923=LINE('',#6785,#1553);
#924=LINE('',#6787,#1554);
#925=LINE('',#6788,#1555);
#926=LINE('',#6790,#1556);
#927=LINE('',#6791,#1557);
#928=LINE('',#6793,#1558);
#929=LINE('',#6794,#1559);
#930=LINE('',#6796,#1560);
#931=LINE('',#6797,#1561);
#932=LINE('',#6799,#1562);
#933=LINE('',#6800,#1563);
#934=LINE('',#6802,#1564);
#935=LINE('',#6803,#1565);
#936=LINE('',#6805,#1566);
#937=LINE('',#6806,#1567);
#938=LINE('',#6808,#1568);
#939=LINE('',#6809,#1569);
#940=LINE('',#6811,#1570);
#941=LINE('',#6812,#1571);
#942=LINE('',#6814,#1572);
#943=LINE('',#6815,#1573);
#944=LINE('',#6817,#1574);
#945=LINE('',#6818,#1575);
#946=LINE('',#6820,#1576);
#947=LINE('',#6821,#1577);
#948=LINE('',#6823,#1578);
#949=LINE('',#6824,#1579);
#950=LINE('',#6826,#1580);
#951=LINE('',#6827,#1581);
#952=LINE('',#6829,#1582);
#953=LINE('',#6830,#1583);
#954=LINE('',#6832,#1584);
#955=LINE('',#6833,#1585);
#956=LINE('',#6835,#1586);
#957=LINE('',#6836,#1587);
#958=LINE('',#6838,#1588);
#959=LINE('',#6839,#1589);
#960=LINE('',#6841,#1590);
#961=LINE('',#6842,#1591);
#962=LINE('',#6844,#1592);
#963=LINE('',#6845,#1593);
#964=LINE('',#6847,#1594);
#965=LINE('',#6848,#1595);
#966=LINE('',#6850,#1596);
#967=LINE('',#6851,#1597);
#968=LINE('',#6853,#1598);
#969=LINE('',#6854,#1599);
#970=LINE('',#6856,#1600);
#971=LINE('',#6857,#1601);
#972=LINE('',#6859,#1602);
#973=LINE('',#6860,#1603);
#974=LINE('',#6862,#1604);
#975=LINE('',#6863,#1605);
#976=LINE('',#6865,#1606);
#977=LINE('',#6866,#1607);
#978=LINE('',#6868,#1608);
#979=LINE('',#6869,#1609);
#980=LINE('',#6871,#1610);
#981=LINE('',#6872,#1611);
#982=LINE('',#6874,#1612);
#983=LINE('',#6875,#1613);
#984=LINE('',#6877,#1614);
#985=LINE('',#6878,#1615);
#986=LINE('',#6880,#1616);
#987=LINE('',#6881,#1617);
#988=LINE('',#6883,#1618);
#989=LINE('',#6884,#1619);
#990=LINE('',#6886,#1620);
#991=LINE('',#6887,#1621);
#992=LINE('',#6889,#1622);
#993=LINE('',#6890,#1623);
#994=LINE('',#6892,#1624);
#995=LINE('',#6893,#1625);
#996=LINE('',#6895,#1626);
#997=LINE('',#6896,#1627);
#998=LINE('',#6898,#1628);
#999=LINE('',#6899,#1629);
#1000=LINE('',#6901,#1630);
#1001=LINE('',#6902,#1631);
#1002=LINE('',#6903,#1632);
#1003=LINE('',#6905,#1633);
#1004=LINE('',#6907,#1634);
#1005=LINE('',#6909,#1635);
#1006=LINE('',#6911,#1636);
#1007=LINE('',#6913,#1637);
#1008=LINE('',#6915,#1638);
#1009=LINE('',#6917,#1639);
#1010=LINE('',#6919,#1640);
#1011=LINE('',#6921,#1641);
#1012=LINE('',#6923,#1642);
#1013=LINE('',#6925,#1643);
#1014=LINE('',#6927,#1644);
#1015=LINE('',#6929,#1645);
#1016=LINE('',#6932,#1646);
#1017=LINE('',#6933,#1647);
#1018=LINE('',#6935,#1648);
#1019=LINE('',#6938,#1649);
#1020=LINE('',#6939,#1650);
#1021=LINE('',#6941,#1651);
#1022=LINE('',#6944,#1652);
#1023=LINE('',#6945,#1653);
#1024=LINE('',#6947,#1654);
#1025=LINE('',#6950,#1655);
#1026=LINE('',#6951,#1656);
#1027=LINE('',#6953,#1657);
#1028=LINE('',#6956,#1658);
#1029=LINE('',#6957,#1659);
#1030=LINE('',#6959,#1660);
#1031=LINE('',#6962,#1661);
#1032=LINE('',#6963,#1662);
#1033=LINE('',#6965,#1663);
#1034=LINE('',#6968,#1664);
#1035=LINE('',#6969,#1665);
#1036=LINE('',#6971,#1666);
#1037=LINE('',#6974,#1667);
#1038=LINE('',#6975,#1668);
#1039=LINE('',#6977,#1669);
#1040=LINE('',#6980,#1670);
#1041=LINE('',#6981,#1671);
#1042=LINE('',#6983,#1672);
#1043=LINE('',#6986,#1673);
#1044=LINE('',#6987,#1674);
#1045=LINE('',#6989,#1675);
#1046=LINE('',#6992,#1676);
#1047=LINE('',#6993,#1677);
#1048=LINE('',#6995,#1678);
#1049=LINE('',#6998,#1679);
#1050=LINE('',#6999,#1680);
#1051=LINE('',#7001,#1681);
#1052=LINE('',#7004,#1682);
#1053=LINE('',#7005,#1683);
#1054=LINE('',#7007,#1684);
#1055=LINE('',#7010,#1685);
#1056=LINE('',#7011,#1686);
#1057=LINE('',#7013,#1687);
#1058=LINE('',#7016,#1688);
#1059=LINE('',#7017,#1689);
#1060=LINE('',#7019,#1690);
#1061=LINE('',#7022,#1691);
#1062=LINE('',#7023,#1692);
#1063=LINE('',#7025,#1693);
#1064=LINE('',#7028,#1694);
#1065=LINE('',#7029,#1695);
#1066=LINE('',#7031,#1696);
#1067=LINE('',#7034,#1697);
#1068=LINE('',#7035,#1698);
#1069=LINE('',#7037,#1699);
#1070=LINE('',#7040,#1700);
#1071=LINE('',#7041,#1701);
#1072=LINE('',#7043,#1702);
#1073=LINE('',#7046,#1703);
#1074=LINE('',#7047,#1704);
#1075=LINE('',#7049,#1705);
#1076=LINE('',#7052,#1706);
#1077=LINE('',#7053,#1707);
#1078=LINE('',#7055,#1708);
#1079=LINE('',#7058,#1709);
#1080=LINE('',#7059,#1710);
#1081=LINE('',#7061,#1711);
#1082=LINE('',#7064,#1712);
#1083=LINE('',#7065,#1713);
#1084=LINE('',#7067,#1714);
#1085=LINE('',#7070,#1715);
#1086=LINE('',#7071,#1716);
#1087=LINE('',#7073,#1717);
#1088=LINE('',#7075,#1718);
#1089=LINE('',#7077,#1719);
#1090=LINE('',#7079,#1720);
#1091=LINE('',#7081,#1721);
#1092=LINE('',#7083,#1722);
#1093=LINE('',#7085,#1723);
#1094=LINE('',#7087,#1724);
#1095=LINE('',#7089,#1725);
#1096=LINE('',#7091,#1726);
#1097=LINE('',#7093,#1727);
#1098=LINE('',#7095,#1728);
#1099=LINE('',#7097,#1729);
#1100=LINE('',#7099,#1730);
#1101=VECTOR('',#4743,10.);
#1102=VECTOR('',#4744,10.);
#1103=VECTOR('',#4745,10.);
#1104=VECTOR('',#4746,10.);
#1105=VECTOR('',#4749,10.);
#1106=VECTOR('',#4750,10.);
#1107=VECTOR('',#4751,10.);
#1108=VECTOR('',#4754,10.);
#1109=VECTOR('',#4755,10.);
#1110=VECTOR('',#4756,10.);
#1111=VECTOR('',#4757,10.);
#1112=VECTOR('',#4760,10.);
#1113=VECTOR('',#4761,10.);
#1114=VECTOR('',#4762,10.);
#1115=VECTOR('',#4763,10.);
#1116=VECTOR('',#4766,10.);
#1117=VECTOR('',#4767,10.);
#1118=VECTOR('',#4768,10.);
#1119=VECTOR('',#4769,10.);
#1120=VECTOR('',#4772,10.);
#1121=VECTOR('',#4773,10.);
#1122=VECTOR('',#4774,10.);
#1123=VECTOR('',#4775,10.);
#1124=VECTOR('',#4778,10.);
#1125=VECTOR('',#4779,10.);
#1126=VECTOR('',#4780,10.);
#1127=VECTOR('',#4781,10.);
#1128=VECTOR('',#4784,10.);
#1129=VECTOR('',#4785,10.);
#1130=VECTOR('',#4786,10.);
#1131=VECTOR('',#4787,10.);
#1132=VECTOR('',#4790,10.);
#1133=VECTOR('',#4791,10.);
#1134=VECTOR('',#4792,10.);
#1135=VECTOR('',#4793,10.);
#1136=VECTOR('',#4796,10.);
#1137=VECTOR('',#4797,10.);
#1138=VECTOR('',#4798,10.);
#1139=VECTOR('',#4799,10.);
#1140=VECTOR('',#4802,10.);
#1141=VECTOR('',#4803,10.);
#1142=VECTOR('',#4804,10.);
#1143=VECTOR('',#4805,10.);
#1144=VECTOR('',#4808,10.);
#1145=VECTOR('',#4809,10.);
#1146=VECTOR('',#4810,10.);
#1147=VECTOR('',#4811,10.);
#1148=VECTOR('',#4814,10.);
#1149=VECTOR('',#4815,10.);
#1150=VECTOR('',#4816,10.);
#1151=VECTOR('',#4817,10.);
#1152=VECTOR('',#4820,10.);
#1153=VECTOR('',#4821,10.);
#1154=VECTOR('',#4822,10.);
#1155=VECTOR('',#4823,10.);
#1156=VECTOR('',#4826,10.);
#1157=VECTOR('',#4827,10.);
#1158=VECTOR('',#4828,10.);
#1159=VECTOR('',#4829,10.);
#1160=VECTOR('',#4832,10.);
#1161=VECTOR('',#4833,10.);
#1162=VECTOR('',#4834,10.);
#1163=VECTOR('',#4835,10.);
#1164=VECTOR('',#4838,10.);
#1165=VECTOR('',#4839,10.);
#1166=VECTOR('',#4840,10.);
#1167=VECTOR('',#4841,10.);
#1168=VECTOR('',#4844,10.);
#1169=VECTOR('',#4845,10.);
#1170=VECTOR('',#4846,10.);
#1171=VECTOR('',#4847,10.);
#1172=VECTOR('',#4850,10.);
#1173=VECTOR('',#4851,10.);
#1174=VECTOR('',#4852,10.);
#1175=VECTOR('',#4853,10.);
#1176=VECTOR('',#4856,10.);
#1177=VECTOR('',#4857,10.);
#1178=VECTOR('',#4858,10.);
#1179=VECTOR('',#4859,10.);
#1180=VECTOR('',#4862,10.);
#1181=VECTOR('',#4863,10.);
#1182=VECTOR('',#4864,10.);
#1183=VECTOR('',#4865,10.);
#1184=VECTOR('',#4868,10.);
#1185=VECTOR('',#4869,10.);
#1186=VECTOR('',#4870,10.);
#1187=VECTOR('',#4871,10.);
#1188=VECTOR('',#4874,10.);
#1189=VECTOR('',#4875,10.);
#1190=VECTOR('',#4876,10.);
#1191=VECTOR('',#4877,10.);
#1192=VECTOR('',#4880,10.);
#1193=VECTOR('',#4881,10.);
#1194=VECTOR('',#4882,10.);
#1195=VECTOR('',#4883,10.);
#1196=VECTOR('',#4886,10.);
#1197=VECTOR('',#4887,10.);
#1198=VECTOR('',#4888,10.);
#1199=VECTOR('',#4889,10.);
#1200=VECTOR('',#4892,10.);
#1201=VECTOR('',#4893,10.);
#1202=VECTOR('',#4894,10.);
#1203=VECTOR('',#4895,10.);
#1204=VECTOR('',#4898,10.);
#1205=VECTOR('',#4899,10.);
#1206=VECTOR('',#4900,10.);
#1207=VECTOR('',#4901,10.);
#1208=VECTOR('',#4904,10.);
#1209=VECTOR('',#4905,10.);
#1210=VECTOR('',#4906,10.);
#1211=VECTOR('',#4907,10.);
#1212=VECTOR('',#4910,10.);
#1213=VECTOR('',#4911,10.);
#1214=VECTOR('',#4912,10.);
#1215=VECTOR('',#4913,10.);
#1216=VECTOR('',#4916,10.);
#1217=VECTOR('',#4917,10.);
#1218=VECTOR('',#4918,10.);
#1219=VECTOR('',#4919,10.);
#1220=VECTOR('',#4922,10.);
#1221=VECTOR('',#4923,10.);
#1222=VECTOR('',#4924,10.);
#1223=VECTOR('',#4925,10.);
#1224=VECTOR('',#4928,10.);
#1225=VECTOR('',#4929,10.);
#1226=VECTOR('',#4930,10.);
#1227=VECTOR('',#4931,10.);
#1228=VECTOR('',#4934,10.);
#1229=VECTOR('',#4935,10.);
#1230=VECTOR('',#4936,10.);
#1231=VECTOR('',#4937,10.);
#1232=VECTOR('',#4940,10.);
#1233=VECTOR('',#4941,10.);
#1234=VECTOR('',#4942,10.);
#1235=VECTOR('',#4943,10.);
#1236=VECTOR('',#4946,10.);
#1237=VECTOR('',#4947,10.);
#1238=VECTOR('',#4948,10.);
#1239=VECTOR('',#4949,10.);
#1240=VECTOR('',#4952,10.);
#1241=VECTOR('',#4953,10.);
#1242=VECTOR('',#4954,10.);
#1243=VECTOR('',#4955,10.);
#1244=VECTOR('',#4958,10.);
#1245=VECTOR('',#4959,10.);
#1246=VECTOR('',#4960,10.);
#1247=VECTOR('',#4961,10.);
#1248=VECTOR('',#4964,10.);
#1249=VECTOR('',#4965,10.);
#1250=VECTOR('',#4966,10.);
#1251=VECTOR('',#4967,10.);
#1252=VECTOR('',#4970,10.);
#1253=VECTOR('',#4971,10.);
#1254=VECTOR('',#4972,10.);
#1255=VECTOR('',#4973,10.);
#1256=VECTOR('',#4976,10.);
#1257=VECTOR('',#4977,10.);
#1258=VECTOR('',#4978,10.);
#1259=VECTOR('',#4979,10.);
#1260=VECTOR('',#4982,10.);
#1261=VECTOR('',#4983,10.);
#1262=VECTOR('',#4984,10.);
#1263=VECTOR('',#4985,10.);
#1264=VECTOR('',#4988,10.);
#1265=VECTOR('',#4989,10.);
#1266=VECTOR('',#4990,10.);
#1267=VECTOR('',#4991,10.);
#1268=VECTOR('',#4994,10.);
#1269=VECTOR('',#4995,10.);
#1270=VECTOR('',#4996,10.);
#1271=VECTOR('',#4997,10.);
#1272=VECTOR('',#5000,10.);
#1273=VECTOR('',#5001,10.);
#1274=VECTOR('',#5002,10.);
#1275=VECTOR('',#5003,10.);
#1276=VECTOR('',#5006,10.);
#1277=VECTOR('',#5007,10.);
#1278=VECTOR('',#5008,10.);
#1279=VECTOR('',#5009,10.);
#1280=VECTOR('',#5012,10.);
#1281=VECTOR('',#5013,10.);
#1282=VECTOR('',#5014,10.);
#1283=VECTOR('',#5015,10.);
#1284=VECTOR('',#5018,10.);
#1285=VECTOR('',#5019,10.);
#1286=VECTOR('',#5020,10.);
#1287=VECTOR('',#5021,10.);
#1288=VECTOR('',#5024,10.);
#1289=VECTOR('',#5025,10.);
#1290=VECTOR('',#5026,10.);
#1291=VECTOR('',#5027,10.);
#1292=VECTOR('',#5030,10.);
#1293=VECTOR('',#5031,10.);
#1294=VECTOR('',#5032,10.);
#1295=VECTOR('',#5033,10.);
#1296=VECTOR('',#5036,10.);
#1297=VECTOR('',#5037,10.);
#1298=VECTOR('',#5038,10.);
#1299=VECTOR('',#5039,10.);
#1300=VECTOR('',#5042,10.);
#1301=VECTOR('',#5043,10.);
#1302=VECTOR('',#5044,10.);
#1303=VECTOR('',#5045,10.);
#1304=VECTOR('',#5048,10.);
#1305=VECTOR('',#5049,10.);
#1306=VECTOR('',#5050,10.);
#1307=VECTOR('',#5051,10.);
#1308=VECTOR('',#5054,10.);
#1309=VECTOR('',#5055,10.);
#1310=VECTOR('',#5056,10.);
#1311=VECTOR('',#5059,10.);
#1312=VECTOR('',#5060,10.);
#1313=VECTOR('',#5063,10.);
#1314=VECTOR('',#5064,10.);
#1315=VECTOR('',#5065,10.);
#1316=VECTOR('',#5068,10.);
#1317=VECTOR('',#5069,10.);
#1318=VECTOR('',#5070,10.);
#1319=VECTOR('',#5073,10.);
#1320=VECTOR('',#5074,10.);
#1321=VECTOR('',#5077,10.);
#1322=VECTOR('',#5078,10.);
#1323=VECTOR('',#5079,10.);
#1324=VECTOR('',#5082,10.);
#1325=VECTOR('',#5083,10.);
#1326=VECTOR('',#5084,10.);
#1327=VECTOR('',#5087,10.);
#1328=VECTOR('',#5088,10.);
#1329=VECTOR('',#5091,10.);
#1330=VECTOR('',#5092,10.);
#1331=VECTOR('',#5093,10.);
#1332=VECTOR('',#5096,10.);
#1333=VECTOR('',#5097,10.);
#1334=VECTOR('',#5098,10.);
#1335=VECTOR('',#5101,10.);
#1336=VECTOR('',#5102,10.);
#1337=VECTOR('',#5105,10.);
#1338=VECTOR('',#5106,10.);
#1339=VECTOR('',#5107,10.);
#1340=VECTOR('',#5110,10.);
#1341=VECTOR('',#5111,10.);
#1342=VECTOR('',#5112,10.);
#1343=VECTOR('',#5115,10.);
#1344=VECTOR('',#5116,10.);
#1345=VECTOR('',#5119,10.);
#1346=VECTOR('',#5120,10.);
#1347=VECTOR('',#5121,10.);
#1348=VECTOR('',#5124,10.);
#1349=VECTOR('',#5125,10.);
#1350=VECTOR('',#5126,10.);
#1351=VECTOR('',#5129,10.);
#1352=VECTOR('',#5130,10.);
#1353=VECTOR('',#5133,10.);
#1354=VECTOR('',#5134,10.);
#1355=VECTOR('',#5135,10.);
#1356=VECTOR('',#5138,10.);
#1357=VECTOR('',#5139,10.);
#1358=VECTOR('',#5140,10.);
#1359=VECTOR('',#5143,10.);
#1360=VECTOR('',#5144,10.);
#1361=VECTOR('',#5147,10.);
#1362=VECTOR('',#5148,10.);
#1363=VECTOR('',#5149,10.);
#1364=VECTOR('',#5152,10.);
#1365=VECTOR('',#5153,10.);
#1366=VECTOR('',#5154,10.);
#1367=VECTOR('',#5157,10.);
#1368=VECTOR('',#5158,10.);
#1369=VECTOR('',#5161,10.);
#1370=VECTOR('',#5162,10.);
#1371=VECTOR('',#5163,10.);
#1372=VECTOR('',#5166,10.);
#1373=VECTOR('',#5167,10.);
#1374=VECTOR('',#5168,10.);
#1375=VECTOR('',#5171,10.);
#1376=VECTOR('',#5172,10.);
#1377=VECTOR('',#5175,10.);
#1378=VECTOR('',#5176,10.);
#1379=VECTOR('',#5177,10.);
#1380=VECTOR('',#5180,10.);
#1381=VECTOR('',#5181,10.);
#1382=VECTOR('',#5182,10.);
#1383=VECTOR('',#5185,10.);
#1384=VECTOR('',#5186,10.);
#1385=VECTOR('',#5189,10.);
#1386=VECTOR('',#5190,10.);
#1387=VECTOR('',#5191,10.);
#1388=VECTOR('',#5194,10.);
#1389=VECTOR('',#5195,10.);
#1390=VECTOR('',#5196,10.);
#1391=VECTOR('',#5199,10.);
#1392=VECTOR('',#5200,10.);
#1393=VECTOR('',#5203,10.);
#1394=VECTOR('',#5204,10.);
#1395=VECTOR('',#5205,10.);
#1396=VECTOR('',#5208,10.);
#1397=VECTOR('',#5209,10.);
#1398=VECTOR('',#5210,10.);
#1399=VECTOR('',#5213,10.);
#1400=VECTOR('',#5214,10.);
#1401=VECTOR('',#5217,10.);
#1402=VECTOR('',#5218,10.);
#1403=VECTOR('',#5219,10.);
#1404=VECTOR('',#5222,10.);
#1405=VECTOR('',#5223,10.);
#1406=VECTOR('',#5224,10.);
#1407=VECTOR('',#5227,10.);
#1408=VECTOR('',#5228,10.);
#1409=VECTOR('',#5231,10.);
#1410=VECTOR('',#5232,10.);
#1411=VECTOR('',#5233,10.);
#1412=VECTOR('',#5236,10.);
#1413=VECTOR('',#5237,10.);
#1414=VECTOR('',#5238,10.);
#1415=VECTOR('',#5241,10.);
#1416=VECTOR('',#5242,10.);
#1417=VECTOR('',#5245,10.);
#1418=VECTOR('',#5246,10.);
#1419=VECTOR('',#5247,10.);
#1420=VECTOR('',#5250,10.);
#1421=VECTOR('',#5251,10.);
#1422=VECTOR('',#5252,10.);
#1423=VECTOR('',#5255,10.);
#1424=VECTOR('',#5256,10.);
#1425=VECTOR('',#5259,10.);
#1426=VECTOR('',#5260,10.);
#1427=VECTOR('',#5261,10.);
#1428=VECTOR('',#5264,10.);
#1429=VECTOR('',#5265,10.);
#1430=VECTOR('',#5266,10.);
#1431=VECTOR('',#5269,10.);
#1432=VECTOR('',#5270,10.);
#1433=VECTOR('',#5273,10.);
#1434=VECTOR('',#5274,10.);
#1435=VECTOR('',#5275,10.);
#1436=VECTOR('',#5278,10.);
#1437=VECTOR('',#5279,10.);
#1438=VECTOR('',#5280,10.);
#1439=VECTOR('',#5283,10.);
#1440=VECTOR('',#5284,10.);
#1441=VECTOR('',#5287,10.);
#1442=VECTOR('',#5288,10.);
#1443=VECTOR('',#5289,10.);
#1444=VECTOR('',#5292,10.);
#1445=VECTOR('',#5293,10.);
#1446=VECTOR('',#5294,10.);
#1447=VECTOR('',#5297,10.);
#1448=VECTOR('',#5298,10.);
#1449=VECTOR('',#5301,10.);
#1450=VECTOR('',#5302,10.);
#1451=VECTOR('',#5303,10.);
#1452=VECTOR('',#5306,10.);
#1453=VECTOR('',#5307,10.);
#1454=VECTOR('',#5308,10.);
#1455=VECTOR('',#5311,10.);
#1456=VECTOR('',#5312,10.);
#1457=VECTOR('',#5315,10.);
#1458=VECTOR('',#5316,10.);
#1459=VECTOR('',#5317,10.);
#1460=VECTOR('',#5320,10.);
#1461=VECTOR('',#5321,10.);
#1462=VECTOR('',#5322,10.);
#1463=VECTOR('',#5325,10.);
#1464=VECTOR('',#5326,10.);
#1465=VECTOR('',#5329,10.);
#1466=VECTOR('',#5330,10.);
#1467=VECTOR('',#5331,10.);
#1468=VECTOR('',#5334,10.);
#1469=VECTOR('',#5335,10.);
#1470=VECTOR('',#5336,10.);
#1471=VECTOR('',#5339,10.);
#1472=VECTOR('',#5340,10.);
#1473=VECTOR('',#5343,10.);
#1474=VECTOR('',#5344,10.);
#1475=VECTOR('',#5345,10.);
#1476=VECTOR('',#5348,10.);
#1477=VECTOR('',#5349,10.);
#1478=VECTOR('',#5350,10.);
#1479=VECTOR('',#5353,10.);
#1480=VECTOR('',#5354,10.);
#1481=VECTOR('',#5357,10.);
#1482=VECTOR('',#5358,10.);
#1483=VECTOR('',#5359,10.);
#1484=VECTOR('',#5362,10.);
#1485=VECTOR('',#5363,10.);
#1486=VECTOR('',#5364,10.);
#1487=VECTOR('',#5367,10.);
#1488=VECTOR('',#5368,10.);
#1489=VECTOR('',#5371,10.);
#1490=VECTOR('',#5372,10.);
#1491=VECTOR('',#5373,10.);
#1492=VECTOR('',#5376,10.);
#1493=VECTOR('',#5377,10.);
#1494=VECTOR('',#5378,10.);
#1495=VECTOR('',#5381,10.);
#1496=VECTOR('',#5382,10.);
#1497=VECTOR('',#5385,10.);
#1498=VECTOR('',#5386,10.);
#1499=VECTOR('',#5387,10.);
#1500=VECTOR('',#5390,10.);
#1501=VECTOR('',#5391,10.);
#1502=VECTOR('',#5392,10.);
#1503=VECTOR('',#5395,10.);
#1504=VECTOR('',#5396,10.);
#1505=VECTOR('',#5399,10.);
#1506=VECTOR('',#5400,10.);
#1507=VECTOR('',#5401,10.);
#1508=VECTOR('',#5404,10.);
#1509=VECTOR('',#5405,10.);
#1510=VECTOR('',#5408,10.);
#1511=VECTOR('',#5409,10.);
#1512=VECTOR('',#5410,10.);
#1513=VECTOR('',#5411,10.);
#1514=VECTOR('',#5414,10.);
#1515=VECTOR('',#5415,10.);
#1516=VECTOR('',#5416,10.);
#1517=VECTOR('',#5419,10.);
#1518=VECTOR('',#5420,10.);
#1519=VECTOR('',#5423,10.);
#1520=VECTOR('',#5424,10.);
#1521=VECTOR('',#5429,10.);
#1522=VECTOR('',#5430,10.);
#1523=VECTOR('',#5431,10.);
#1524=VECTOR('',#5436,0.999999999999999);
#1525=VECTOR('',#5443,0.999999999999996);
#1526=VECTOR('',#5450,10.);
#1527=VECTOR('',#5453,10.);
#1528=VECTOR('',#5456,10.);
#1529=VECTOR('',#5457,10.);
#1530=VECTOR('',#5460,10.);
#1531=VECTOR('',#5465,10.);
#1532=VECTOR('',#5470,10.);
#1533=VECTOR('',#5471,10.);
#1534=VECTOR('',#5472,10.);
#1535=VECTOR('',#5473,10.);
#1536=VECTOR('',#5474,10.);
#1537=VECTOR('',#5475,10.);
#1538=VECTOR('',#5476,10.);
#1539=VECTOR('',#5477,10.);
#1540=VECTOR('',#5478,10.);
#1541=VECTOR('',#5479,10.);
#1542=VECTOR('',#5480,10.);
#1543=VECTOR('',#5481,10.);
#1544=VECTOR('',#5482,10.);
#1545=VECTOR('',#5483,10.);
#1546=VECTOR('',#5484,10.);
#1547=VECTOR('',#5485,10.);
#1548=VECTOR('',#5486,10.);
#1549=VECTOR('',#5487,10.);
#1550=VECTOR('',#5488,10.);
#1551=VECTOR('',#5489,10.);
#1552=VECTOR('',#5490,10.);
#1553=VECTOR('',#5491,10.);
#1554=VECTOR('',#5492,10.);
#1555=VECTOR('',#5493,10.);
#1556=VECTOR('',#5494,10.);
#1557=VECTOR('',#5495,10.);
#1558=VECTOR('',#5496,10.);
#1559=VECTOR('',#5497,10.);
#1560=VECTOR('',#5498,10.);
#1561=VECTOR('',#5499,10.);
#1562=VECTOR('',#5500,10.);
#1563=VECTOR('',#5501,10.);
#1564=VECTOR('',#5502,10.);
#1565=VECTOR('',#5503,10.);
#1566=VECTOR('',#5504,10.);
#1567=VECTOR('',#5505,10.);
#1568=VECTOR('',#5506,10.);
#1569=VECTOR('',#5507,10.);
#1570=VECTOR('',#5508,10.);
#1571=VECTOR('',#5509,10.);
#1572=VECTOR('',#5510,10.);
#1573=VECTOR('',#5511,10.);
#1574=VECTOR('',#5512,10.);
#1575=VECTOR('',#5513,10.);
#1576=VECTOR('',#5514,10.);
#1577=VECTOR('',#5515,10.);
#1578=VECTOR('',#5516,10.);
#1579=VECTOR('',#5517,10.);
#1580=VECTOR('',#5518,10.);
#1581=VECTOR('',#5519,10.);
#1582=VECTOR('',#5520,10.);
#1583=VECTOR('',#5521,10.);
#1584=VECTOR('',#5522,10.);
#1585=VECTOR('',#5523,10.);
#1586=VECTOR('',#5524,10.);
#1587=VECTOR('',#5525,10.);
#1588=VECTOR('',#5526,10.);
#1589=VECTOR('',#5527,10.);
#1590=VECTOR('',#5528,10.);
#1591=VECTOR('',#5529,10.);
#1592=VECTOR('',#5530,10.);
#1593=VECTOR('',#5531,10.);
#1594=VECTOR('',#5532,10.);
#1595=VECTOR('',#5533,10.);
#1596=VECTOR('',#5534,10.);
#1597=VECTOR('',#5535,10.);
#1598=VECTOR('',#5536,10.);
#1599=VECTOR('',#5537,10.);
#1600=VECTOR('',#5538,10.);
#1601=VECTOR('',#5539,10.);
#1602=VECTOR('',#5540,10.);
#1603=VECTOR('',#5541,10.);
#1604=VECTOR('',#5542,10.);
#1605=VECTOR('',#5543,10.);
#1606=VECTOR('',#5544,10.);
#1607=VECTOR('',#5545,10.);
#1608=VECTOR('',#5546,10.);
#1609=VECTOR('',#5547,10.);
#1610=VECTOR('',#5548,10.);
#1611=VECTOR('',#5549,10.);
#1612=VECTOR('',#5550,10.);
#1613=VECTOR('',#5551,10.);
#1614=VECTOR('',#5552,10.);
#1615=VECTOR('',#5553,10.);
#1616=VECTOR('',#5554,10.);
#1617=VECTOR('',#5555,10.);
#1618=VECTOR('',#5556,10.);
#1619=VECTOR('',#5557,10.);
#1620=VECTOR('',#5558,10.);
#1621=VECTOR('',#5559,10.);
#1622=VECTOR('',#5560,10.);
#1623=VECTOR('',#5561,10.);
#1624=VECTOR('',#5562,10.);
#1625=VECTOR('',#5563,10.);
#1626=VECTOR('',#5564,10.);
#1627=VECTOR('',#5565,10.);
#1628=VECTOR('',#5566,10.);
#1629=VECTOR('',#5567,10.);
#1630=VECTOR('',#5568,10.);
#1631=VECTOR('',#5569,10.);
#1632=VECTOR('',#5570,10.);
#1633=VECTOR('',#5573,10.);
#1634=VECTOR('',#5576,10.);
#1635=VECTOR('',#5579,10.);
#1636=VECTOR('',#5582,10.);
#1637=VECTOR('',#5585,10.);
#1638=VECTOR('',#5588,10.);
#1639=VECTOR('',#5591,10.);
#1640=VECTOR('',#5594,10.);
#1641=VECTOR('',#5597,10.);
#1642=VECTOR('',#5600,10.);
#1643=VECTOR('',#5603,10.);
#1644=VECTOR('',#5606,10.);
#1645=VECTOR('',#5609,10.);
#1646=VECTOR('',#5612,10.);
#1647=VECTOR('',#5613,10.);
#1648=VECTOR('',#5616,10.);
#1649=VECTOR('',#5619,10.);
#1650=VECTOR('',#5620,10.);
#1651=VECTOR('',#5623,10.);
#1652=VECTOR('',#5626,10.);
#1653=VECTOR('',#5627,10.);
#1654=VECTOR('',#5630,10.);
#1655=VECTOR('',#5633,10.);
#1656=VECTOR('',#5634,10.);
#1657=VECTOR('',#5637,10.);
#1658=VECTOR('',#5640,10.);
#1659=VECTOR('',#5641,10.);
#1660=VECTOR('',#5644,10.);
#1661=VECTOR('',#5647,10.);
#1662=VECTOR('',#5648,10.);
#1663=VECTOR('',#5651,10.);
#1664=VECTOR('',#5654,10.);
#1665=VECTOR('',#5655,10.);
#1666=VECTOR('',#5658,10.);
#1667=VECTOR('',#5661,10.);
#1668=VECTOR('',#5662,10.);
#1669=VECTOR('',#5665,10.);
#1670=VECTOR('',#5668,10.);
#1671=VECTOR('',#5669,10.);
#1672=VECTOR('',#5672,10.);
#1673=VECTOR('',#5675,10.);
#1674=VECTOR('',#5676,10.);
#1675=VECTOR('',#5679,10.);
#1676=VECTOR('',#5682,10.);
#1677=VECTOR('',#5683,10.);
#1678=VECTOR('',#5686,10.);
#1679=VECTOR('',#5689,10.);
#1680=VECTOR('',#5690,10.);
#1681=VECTOR('',#5693,10.);
#1682=VECTOR('',#5696,10.);
#1683=VECTOR('',#5697,10.);
#1684=VECTOR('',#5700,10.);
#1685=VECTOR('',#5703,10.);
#1686=VECTOR('',#5704,10.);
#1687=VECTOR('',#5707,10.);
#1688=VECTOR('',#5710,10.);
#1689=VECTOR('',#5711,10.);
#1690=VECTOR('',#5714,10.);
#1691=VECTOR('',#5717,10.);
#1692=VECTOR('',#5718,10.);
#1693=VECTOR('',#5721,10.);
#1694=VECTOR('',#5724,10.);
#1695=VECTOR('',#5725,10.);
#1696=VECTOR('',#5728,10.);
#1697=VECTOR('',#5731,10.);
#1698=VECTOR('',#5732,10.);
#1699=VECTOR('',#5735,10.);
#1700=VECTOR('',#5738,10.);
#1701=VECTOR('',#5739,10.);
#1702=VECTOR('',#5742,10.);
#1703=VECTOR('',#5745,10.);
#1704=VECTOR('',#5746,10.);
#1705=VECTOR('',#5749,10.);
#1706=VECTOR('',#5752,10.);
#1707=VECTOR('',#5753,10.);
#1708=VECTOR('',#5756,10.);
#1709=VECTOR('',#5759,10.);
#1710=VECTOR('',#5760,10.);
#1711=VECTOR('',#5763,10.);
#1712=VECTOR('',#5766,10.);
#1713=VECTOR('',#5767,10.);
#1714=VECTOR('',#5770,10.);
#1715=VECTOR('',#5773,10.);
#1716=VECTOR('',#5774,10.);
#1717=VECTOR('',#5777,10.);
#1718=VECTOR('',#5780,10.);
#1719=VECTOR('',#5783,10.);
#1720=VECTOR('',#5786,10.);
#1721=VECTOR('',#5789,10.);
#1722=VECTOR('',#5792,10.);
#1723=VECTOR('',#5795,10.);
#1724=VECTOR('',#5798,10.);
#1725=VECTOR('',#5801,10.);
#1726=VECTOR('',#5804,10.);
#1727=VECTOR('',#5807,10.);
#1728=VECTOR('',#5810,10.);
#1729=VECTOR('',#5813,10.);
#1730=VECTOR('',#5816,10.);
#1731=VERTEX_POINT('',#5824);
#1732=VERTEX_POINT('',#5825);
#1733=VERTEX_POINT('',#5827);
#1734=VERTEX_POINT('',#5829);
#1735=VERTEX_POINT('',#5833);
#1736=VERTEX_POINT('',#5834);
#1737=VERTEX_POINT('',#5839);
#1738=VERTEX_POINT('',#5840);
#1739=VERTEX_POINT('',#5842);
#1740=VERTEX_POINT('',#5844);
#1741=VERTEX_POINT('',#5848);
#1742=VERTEX_POINT('',#5849);
#1743=VERTEX_POINT('',#5851);
#1744=VERTEX_POINT('',#5853);
#1745=VERTEX_POINT('',#5857);
#1746=VERTEX_POINT('',#5858);
#1747=VERTEX_POINT('',#5860);
#1748=VERTEX_POINT('',#5862);
#1749=VERTEX_POINT('',#5866);
#1750=VERTEX_POINT('',#5867);
#1751=VERTEX_POINT('',#5869);
#1752=VERTEX_POINT('',#5871);
#1753=VERTEX_POINT('',#5875);
#1754=VERTEX_POINT('',#5876);
#1755=VERTEX_POINT('',#5878);
#1756=VERTEX_POINT('',#5880);
#1757=VERTEX_POINT('',#5884);
#1758=VERTEX_POINT('',#5885);
#1759=VERTEX_POINT('',#5887);
#1760=VERTEX_POINT('',#5889);
#1761=VERTEX_POINT('',#5893);
#1762=VERTEX_POINT('',#5894);
#1763=VERTEX_POINT('',#5896);
#1764=VERTEX_POINT('',#5898);
#1765=VERTEX_POINT('',#5902);
#1766=VERTEX_POINT('',#5903);
#1767=VERTEX_POINT('',#5905);
#1768=VERTEX_POINT('',#5907);
#1769=VERTEX_POINT('',#5911);
#1770=VERTEX_POINT('',#5912);
#1771=VERTEX_POINT('',#5914);
#1772=VERTEX_POINT('',#5916);
#1773=VERTEX_POINT('',#5920);
#1774=VERTEX_POINT('',#5921);
#1775=VERTEX_POINT('',#5923);
#1776=VERTEX_POINT('',#5925);
#1777=VERTEX_POINT('',#5929);
#1778=VERTEX_POINT('',#5930);
#1779=VERTEX_POINT('',#5932);
#1780=VERTEX_POINT('',#5934);
#1781=VERTEX_POINT('',#5938);
#1782=VERTEX_POINT('',#5939);
#1783=VERTEX_POINT('',#5941);
#1784=VERTEX_POINT('',#5943);
#1785=VERTEX_POINT('',#5947);
#1786=VERTEX_POINT('',#5948);
#1787=VERTEX_POINT('',#5950);
#1788=VERTEX_POINT('',#5952);
#1789=VERTEX_POINT('',#5956);
#1790=VERTEX_POINT('',#5957);
#1791=VERTEX_POINT('',#5959);
#1792=VERTEX_POINT('',#5961);
#1793=VERTEX_POINT('',#5965);
#1794=VERTEX_POINT('',#5966);
#1795=VERTEX_POINT('',#5968);
#1796=VERTEX_POINT('',#5970);
#1797=VERTEX_POINT('',#5974);
#1798=VERTEX_POINT('',#5975);
#1799=VERTEX_POINT('',#5977);
#1800=VERTEX_POINT('',#5979);
#1801=VERTEX_POINT('',#5983);
#1802=VERTEX_POINT('',#5984);
#1803=VERTEX_POINT('',#5986);
#1804=VERTEX_POINT('',#5988);
#1805=VERTEX_POINT('',#5992);
#1806=VERTEX_POINT('',#5993);
#1807=VERTEX_POINT('',#5995);
#1808=VERTEX_POINT('',#5997);
#1809=VERTEX_POINT('',#6001);
#1810=VERTEX_POINT('',#6002);
#1811=VERTEX_POINT('',#6004);
#1812=VERTEX_POINT('',#6006);
#1813=VERTEX_POINT('',#6010);
#1814=VERTEX_POINT('',#6011);
#1815=VERTEX_POINT('',#6013);
#1816=VERTEX_POINT('',#6015);
#1817=VERTEX_POINT('',#6019);
#1818=VERTEX_POINT('',#6020);
#1819=VERTEX_POINT('',#6022);
#1820=VERTEX_POINT('',#6024);
#1821=VERTEX_POINT('',#6028);
#1822=VERTEX_POINT('',#6029);
#1823=VERTEX_POINT('',#6031);
#1824=VERTEX_POINT('',#6033);
#1825=VERTEX_POINT('',#6037);
#1826=VERTEX_POINT('',#6038);
#1827=VERTEX_POINT('',#6040);
#1828=VERTEX_POINT('',#6042);
#1829=VERTEX_POINT('',#6046);
#1830=VERTEX_POINT('',#6047);
#1831=VERTEX_POINT('',#6049);
#1832=VERTEX_POINT('',#6051);
#1833=VERTEX_POINT('',#6055);
#1834=VERTEX_POINT('',#6056);
#1835=VERTEX_POINT('',#6058);
#1836=VERTEX_POINT('',#6060);
#1837=VERTEX_POINT('',#6064);
#1838=VERTEX_POINT('',#6065);
#1839=VERTEX_POINT('',#6067);
#1840=VERTEX_POINT('',#6069);
#1841=VERTEX_POINT('',#6073);
#1842=VERTEX_POINT('',#6074);
#1843=VERTEX_POINT('',#6076);
#1844=VERTEX_POINT('',#6078);
#1845=VERTEX_POINT('',#6082);
#1846=VERTEX_POINT('',#6083);
#1847=VERTEX_POINT('',#6085);
#1848=VERTEX_POINT('',#6087);
#1849=VERTEX_POINT('',#6091);
#1850=VERTEX_POINT('',#6092);
#1851=VERTEX_POINT('',#6094);
#1852=VERTEX_POINT('',#6096);
#1853=VERTEX_POINT('',#6100);
#1854=VERTEX_POINT('',#6101);
#1855=VERTEX_POINT('',#6103);
#1856=VERTEX_POINT('',#6105);
#1857=VERTEX_POINT('',#6109);
#1858=VERTEX_POINT('',#6110);
#1859=VERTEX_POINT('',#6112);
#1860=VERTEX_POINT('',#6114);
#1861=VERTEX_POINT('',#6118);
#1862=VERTEX_POINT('',#6119);
#1863=VERTEX_POINT('',#6121);
#1864=VERTEX_POINT('',#6123);
#1865=VERTEX_POINT('',#6127);
#1866=VERTEX_POINT('',#6128);
#1867=VERTEX_POINT('',#6130);
#1868=VERTEX_POINT('',#6132);
#1869=VERTEX_POINT('',#6136);
#1870=VERTEX_POINT('',#6137);
#1871=VERTEX_POINT('',#6139);
#1872=VERTEX_POINT('',#6141);
#1873=VERTEX_POINT('',#6145);
#1874=VERTEX_POINT('',#6146);
#1875=VERTEX_POINT('',#6148);
#1876=VERTEX_POINT('',#6150);
#1877=VERTEX_POINT('',#6154);
#1878=VERTEX_POINT('',#6155);
#1879=VERTEX_POINT('',#6157);
#1880=VERTEX_POINT('',#6159);
#1881=VERTEX_POINT('',#6163);
#1882=VERTEX_POINT('',#6164);
#1883=VERTEX_POINT('',#6166);
#1884=VERTEX_POINT('',#6168);
#1885=VERTEX_POINT('',#6172);
#1886=VERTEX_POINT('',#6173);
#1887=VERTEX_POINT('',#6175);
#1888=VERTEX_POINT('',#6177);
#1889=VERTEX_POINT('',#6181);
#1890=VERTEX_POINT('',#6182);
#1891=VERTEX_POINT('',#6184);
#1892=VERTEX_POINT('',#6186);
#1893=VERTEX_POINT('',#6190);
#1894=VERTEX_POINT('',#6191);
#1895=VERTEX_POINT('',#6193);
#1896=VERTEX_POINT('',#6195);
#1897=VERTEX_POINT('',#6199);
#1898=VERTEX_POINT('',#6200);
#1899=VERTEX_POINT('',#6202);
#1900=VERTEX_POINT('',#6204);
#1901=VERTEX_POINT('',#6208);
#1902=VERTEX_POINT('',#6209);
#1903=VERTEX_POINT('',#6211);
#1904=VERTEX_POINT('',#6213);
#1905=VERTEX_POINT('',#6217);
#1906=VERTEX_POINT('',#6218);
#1907=VERTEX_POINT('',#6220);
#1908=VERTEX_POINT('',#6222);
#1909=VERTEX_POINT('',#6226);
#1910=VERTEX_POINT('',#6227);
#1911=VERTEX_POINT('',#6229);
#1912=VERTEX_POINT('',#6231);
#1913=VERTEX_POINT('',#6235);
#1914=VERTEX_POINT('',#6236);
#1915=VERTEX_POINT('',#6238);
#1916=VERTEX_POINT('',#6240);
#1917=VERTEX_POINT('',#6244);
#1918=VERTEX_POINT('',#6245);
#1919=VERTEX_POINT('',#6247);
#1920=VERTEX_POINT('',#6249);
#1921=VERTEX_POINT('',#6253);
#1922=VERTEX_POINT('',#6254);
#1923=VERTEX_POINT('',#6256);
#1924=VERTEX_POINT('',#6258);
#1925=VERTEX_POINT('',#6262);
#1926=VERTEX_POINT('',#6263);
#1927=VERTEX_POINT('',#6265);
#1928=VERTEX_POINT('',#6267);
#1929=VERTEX_POINT('',#6271);
#1930=VERTEX_POINT('',#6272);
#1931=VERTEX_POINT('',#6274);
#1932=VERTEX_POINT('',#6276);
#1933=VERTEX_POINT('',#6280);
#1934=VERTEX_POINT('',#6281);
#1935=VERTEX_POINT('',#6283);
#1936=VERTEX_POINT('',#6285);
#1937=VERTEX_POINT('',#6289);
#1938=VERTEX_POINT('',#6291);
#1939=VERTEX_POINT('',#6295);
#1940=VERTEX_POINT('',#6299);
#1941=VERTEX_POINT('',#6301);
#1942=VERTEX_POINT('',#6305);
#1943=VERTEX_POINT('',#6307);
#1944=VERTEX_POINT('',#6311);
#1945=VERTEX_POINT('',#6315);
#1946=VERTEX_POINT('',#6317);
#1947=VERTEX_POINT('',#6321);
#1948=VERTEX_POINT('',#6323);
#1949=VERTEX_POINT('',#6327);
#1950=VERTEX_POINT('',#6331);
#1951=VERTEX_POINT('',#6333);
#1952=VERTEX_POINT('',#6337);
#1953=VERTEX_POINT('',#6339);
#1954=VERTEX_POINT('',#6343);
#1955=VERTEX_POINT('',#6347);
#1956=VERTEX_POINT('',#6349);
#1957=VERTEX_POINT('',#6353);
#1958=VERTEX_POINT('',#6355);
#1959=VERTEX_POINT('',#6359);
#1960=VERTEX_POINT('',#6363);
#1961=VERTEX_POINT('',#6365);
#1962=VERTEX_POINT('',#6369);
#1963=VERTEX_POINT('',#6371);
#1964=VERTEX_POINT('',#6375);
#1965=VERTEX_POINT('',#6379);
#1966=VERTEX_POINT('',#6381);
#1967=VERTEX_POINT('',#6385);
#1968=VERTEX_POINT('',#6387);
#1969=VERTEX_POINT('',#6391);
#1970=VERTEX_POINT('',#6395);
#1971=VERTEX_POINT('',#6397);
#1972=VERTEX_POINT('',#6401);
#1973=VERTEX_POINT('',#6403);
#1974=VERTEX_POINT('',#6407);
#1975=VERTEX_POINT('',#6411);
#1976=VERTEX_POINT('',#6413);
#1977=VERTEX_POINT('',#6417);
#1978=VERTEX_POINT('',#6419);
#1979=VERTEX_POINT('',#6423);
#1980=VERTEX_POINT('',#6427);
#1981=VERTEX_POINT('',#6429);
#1982=VERTEX_POINT('',#6433);
#1983=VERTEX_POINT('',#6435);
#1984=VERTEX_POINT('',#6439);
#1985=VERTEX_POINT('',#6443);
#1986=VERTEX_POINT('',#6445);
#1987=VERTEX_POINT('',#6449);
#1988=VERTEX_POINT('',#6451);
#1989=VERTEX_POINT('',#6455);
#1990=VERTEX_POINT('',#6459);
#1991=VERTEX_POINT('',#6461);
#1992=VERTEX_POINT('',#6465);
#1993=VERTEX_POINT('',#6467);
#1994=VERTEX_POINT('',#6471);
#1995=VERTEX_POINT('',#6475);
#1996=VERTEX_POINT('',#6477);
#1997=VERTEX_POINT('',#6481);
#1998=VERTEX_POINT('',#6483);
#1999=VERTEX_POINT('',#6487);
#2000=VERTEX_POINT('',#6491);
#2001=VERTEX_POINT('',#6493);
#2002=VERTEX_POINT('',#6497);
#2003=VERTEX_POINT('',#6499);
#2004=VERTEX_POINT('',#6503);
#2005=VERTEX_POINT('',#6507);
#2006=VERTEX_POINT('',#6509);
#2007=VERTEX_POINT('',#6513);
#2008=VERTEX_POINT('',#6515);
#2009=VERTEX_POINT('',#6519);
#2010=VERTEX_POINT('',#6523);
#2011=VERTEX_POINT('',#6525);
#2012=VERTEX_POINT('',#6529);
#2013=VERTEX_POINT('',#6531);
#2014=VERTEX_POINT('',#6535);
#2015=VERTEX_POINT('',#6539);
#2016=VERTEX_POINT('',#6541);
#2017=VERTEX_POINT('',#6545);
#2018=VERTEX_POINT('',#6547);
#2019=VERTEX_POINT('',#6551);
#2020=VERTEX_POINT('',#6555);
#2021=VERTEX_POINT('',#6557);
#2022=VERTEX_POINT('',#6561);
#2023=VERTEX_POINT('',#6563);
#2024=VERTEX_POINT('',#6567);
#2025=VERTEX_POINT('',#6571);
#2026=VERTEX_POINT('',#6573);
#2027=VERTEX_POINT('',#6577);
#2028=VERTEX_POINT('',#6579);
#2029=VERTEX_POINT('',#6583);
#2030=VERTEX_POINT('',#6587);
#2031=VERTEX_POINT('',#6589);
#2032=VERTEX_POINT('',#6593);
#2033=VERTEX_POINT('',#6595);
#2034=VERTEX_POINT('',#6599);
#2035=VERTEX_POINT('',#6603);
#2036=VERTEX_POINT('',#6605);
#2037=VERTEX_POINT('',#6609);
#2038=VERTEX_POINT('',#6611);
#2039=VERTEX_POINT('',#6615);
#2040=VERTEX_POINT('',#6619);
#2041=VERTEX_POINT('',#6621);
#2042=VERTEX_POINT('',#6625);
#2043=VERTEX_POINT('',#6627);
#2044=VERTEX_POINT('',#6631);
#2045=VERTEX_POINT('',#6635);
#2046=VERTEX_POINT('',#6637);
#2047=VERTEX_POINT('',#6641);
#2048=VERTEX_POINT('',#6643);
#2049=VERTEX_POINT('',#6647);
#2050=VERTEX_POINT('',#6651);
#2051=VERTEX_POINT('',#6653);
#2052=VERTEX_POINT('',#6657);
#2053=VERTEX_POINT('',#6659);
#2054=VERTEX_POINT('',#6663);
#2055=VERTEX_POINT('',#6667);
#2056=VERTEX_POINT('',#6669);
#2057=VERTEX_POINT('',#6673);
#2058=VERTEX_POINT('',#6675);
#2059=VERTEX_POINT('',#6679);
#2060=VERTEX_POINT('',#6683);
#2061=VERTEX_POINT('',#6685);
#2062=VERTEX_POINT('',#6689);
#2063=VERTEX_POINT('',#6693);
#2064=VERTEX_POINT('',#6694);
#2065=VERTEX_POINT('',#6696);
#2066=VERTEX_POINT('',#6698);
#2067=VERTEX_POINT('',#6702);
#2068=VERTEX_POINT('',#6704);
#2069=VERTEX_POINT('',#6715);
#2070=VERTEX_POINT('',#6717);
#2071=VERTEX_POINT('',#6721);
#2072=VERTEX_POINT('',#6723);
#2073=VERTEX_POINT('',#6727);
#2074=VERTEX_POINT('',#6729);
#2075=VERTEX_POINT('',#6733);
#2076=VERTEX_POINT('',#6734);
#2077=VERTEX_POINT('',#6736);
#2078=VERTEX_POINT('',#6738);
#2079=VERTEX_POINT('',#6745);
#2080=VERTEX_POINT('',#6749);
#2081=VERTEX_POINT('',#6753);
#2082=VERTEX_POINT('',#6756);
#2083=VERTEX_POINT('',#6759);
#2084=VERTEX_POINT('',#6762);
#2085=VERTEX_POINT('',#6765);
#2086=VERTEX_POINT('',#6768);
#2087=VERTEX_POINT('',#6771);
#2088=VERTEX_POINT('',#6774);
#2089=VERTEX_POINT('',#6777);
#2090=VERTEX_POINT('',#6780);
#2091=VERTEX_POINT('',#6783);
#2092=VERTEX_POINT('',#6786);
#2093=VERTEX_POINT('',#6789);
#2094=VERTEX_POINT('',#6792);
#2095=VERTEX_POINT('',#6795);
#2096=VERTEX_POINT('',#6798);
#2097=VERTEX_POINT('',#6801);
#2098=VERTEX_POINT('',#6804);
#2099=VERTEX_POINT('',#6807);
#2100=VERTEX_POINT('',#6810);
#2101=VERTEX_POINT('',#6813);
#2102=VERTEX_POINT('',#6816);
#2103=VERTEX_POINT('',#6819);
#2104=VERTEX_POINT('',#6822);
#2105=VERTEX_POINT('',#6825);
#2106=VERTEX_POINT('',#6828);
#2107=VERTEX_POINT('',#6831);
#2108=VERTEX_POINT('',#6834);
#2109=VERTEX_POINT('',#6837);
#2110=VERTEX_POINT('',#6840);
#2111=VERTEX_POINT('',#6843);
#2112=VERTEX_POINT('',#6846);
#2113=VERTEX_POINT('',#6849);
#2114=VERTEX_POINT('',#6852);
#2115=VERTEX_POINT('',#6855);
#2116=VERTEX_POINT('',#6858);
#2117=VERTEX_POINT('',#6861);
#2118=VERTEX_POINT('',#6864);
#2119=VERTEX_POINT('',#6867);
#2120=VERTEX_POINT('',#6870);
#2121=VERTEX_POINT('',#6873);
#2122=VERTEX_POINT('',#6876);
#2123=VERTEX_POINT('',#6879);
#2124=VERTEX_POINT('',#6882);
#2125=VERTEX_POINT('',#6885);
#2126=VERTEX_POINT('',#6888);
#2127=VERTEX_POINT('',#6891);
#2128=VERTEX_POINT('',#6894);
#2129=VERTEX_POINT('',#6897);
#2130=VERTEX_POINT('',#6900);
#2131=VERTEX_POINT('',#6931);
#2132=VERTEX_POINT('',#6937);
#2133=VERTEX_POINT('',#6943);
#2134=VERTEX_POINT('',#6949);
#2135=VERTEX_POINT('',#6955);
#2136=VERTEX_POINT('',#6961);
#2137=VERTEX_POINT('',#6967);
#2138=VERTEX_POINT('',#6973);
#2139=VERTEX_POINT('',#6979);
#2140=VERTEX_POINT('',#6985);
#2141=VERTEX_POINT('',#6991);
#2142=VERTEX_POINT('',#6997);
#2143=VERTEX_POINT('',#7003);
#2144=VERTEX_POINT('',#7009);
#2145=VERTEX_POINT('',#7015);
#2146=VERTEX_POINT('',#7021);
#2147=VERTEX_POINT('',#7027);
#2148=VERTEX_POINT('',#7033);
#2149=VERTEX_POINT('',#7039);
#2150=VERTEX_POINT('',#7045);
#2151=VERTEX_POINT('',#7051);
#2152=VERTEX_POINT('',#7057);
#2153=VERTEX_POINT('',#7063);
#2154=VERTEX_POINT('',#7069);
#2155=EDGE_CURVE('',#1731,#1732,#471,.T.);
#2156=EDGE_CURVE('',#1731,#1733,#472,.T.);
#2157=EDGE_CURVE('',#1734,#1733,#473,.T.);
#2158=EDGE_CURVE('',#1732,#1734,#474,.T.);
#2159=EDGE_CURVE('',#1735,#1736,#475,.T.);
#2160=EDGE_CURVE('',#1736,#1734,#476,.T.);
#2161=EDGE_CURVE('',#1733,#1735,#477,.T.);
#2162=EDGE_CURVE('',#1737,#1738,#478,.T.);
#2163=EDGE_CURVE('',#1739,#1737,#479,.T.);
#2164=EDGE_CURVE('',#1740,#1739,#480,.T.);
#2165=EDGE_CURVE('',#1738,#1740,#481,.T.);
#2166=EDGE_CURVE('',#1741,#1742,#482,.T.);
#2167=EDGE_CURVE('',#1743,#1741,#483,.T.);
#2168=EDGE_CURVE('',#1744,#1743,#484,.T.);
#2169=EDGE_CURVE('',#1742,#1744,#485,.T.);
#2170=EDGE_CURVE('',#1745,#1746,#486,.T.);
#2171=EDGE_CURVE('',#1747,#1745,#487,.T.);
#2172=EDGE_CURVE('',#1748,#1747,#488,.T.);
#2173=EDGE_CURVE('',#1746,#1748,#489,.T.);
#2174=EDGE_CURVE('',#1749,#1750,#490,.T.);
#2175=EDGE_CURVE('',#1751,#1749,#491,.T.);
#2176=EDGE_CURVE('',#1752,#1751,#492,.T.);
#2177=EDGE_CURVE('',#1750,#1752,#493,.T.);
#2178=EDGE_CURVE('',#1753,#1754,#494,.T.);
#2179=EDGE_CURVE('',#1755,#1753,#495,.T.);
#2180=EDGE_CURVE('',#1756,#1755,#496,.T.);
#2181=EDGE_CURVE('',#1754,#1756,#497,.T.);
#2182=EDGE_CURVE('',#1757,#1758,#498,.T.);
#2183=EDGE_CURVE('',#1759,#1757,#499,.T.);
#2184=EDGE_CURVE('',#1760,#1759,#500,.T.);
#2185=EDGE_CURVE('',#1758,#1760,#501,.T.);
#2186=EDGE_CURVE('',#1761,#1762,#502,.T.);
#2187=EDGE_CURVE('',#1763,#1761,#503,.T.);
#2188=EDGE_CURVE('',#1764,#1763,#504,.T.);
#2189=EDGE_CURVE('',#1762,#1764,#505,.T.);
#2190=EDGE_CURVE('',#1765,#1766,#506,.T.);
#2191=EDGE_CURVE('',#1767,#1765,#507,.T.);
#2192=EDGE_CURVE('',#1768,#1767,#508,.T.);
#2193=EDGE_CURVE('',#1766,#1768,#509,.T.);
#2194=EDGE_CURVE('',#1769,#1770,#510,.T.);
#2195=EDGE_CURVE('',#1771,#1769,#511,.T.);
#2196=EDGE_CURVE('',#1772,#1771,#512,.T.);
#2197=EDGE_CURVE('',#1770,#1772,#513,.T.);
#2198=EDGE_CURVE('',#1773,#1774,#514,.T.);
#2199=EDGE_CURVE('',#1775,#1773,#515,.T.);
#2200=EDGE_CURVE('',#1776,#1775,#516,.T.);
#2201=EDGE_CURVE('',#1774,#1776,#517,.T.);
#2202=EDGE_CURVE('',#1777,#1778,#518,.T.);
#2203=EDGE_CURVE('',#1779,#1777,#519,.T.);
#2204=EDGE_CURVE('',#1780,#1779,#520,.T.);
#2205=EDGE_CURVE('',#1778,#1780,#521,.T.);
#2206=EDGE_CURVE('',#1781,#1782,#522,.T.);
#2207=EDGE_CURVE('',#1783,#1781,#523,.T.);
#2208=EDGE_CURVE('',#1784,#1783,#524,.T.);
#2209=EDGE_CURVE('',#1782,#1784,#525,.T.);
#2210=EDGE_CURVE('',#1785,#1786,#526,.T.);
#2211=EDGE_CURVE('',#1787,#1785,#527,.T.);
#2212=EDGE_CURVE('',#1788,#1787,#528,.T.);
#2213=EDGE_CURVE('',#1786,#1788,#529,.T.);
#2214=EDGE_CURVE('',#1789,#1790,#530,.T.);
#2215=EDGE_CURVE('',#1791,#1789,#531,.T.);
#2216=EDGE_CURVE('',#1792,#1791,#532,.T.);
#2217=EDGE_CURVE('',#1790,#1792,#533,.T.);
#2218=EDGE_CURVE('',#1793,#1794,#534,.T.);
#2219=EDGE_CURVE('',#1795,#1793,#535,.T.);
#2220=EDGE_CURVE('',#1796,#1795,#536,.T.);
#2221=EDGE_CURVE('',#1794,#1796,#537,.T.);
#2222=EDGE_CURVE('',#1797,#1798,#538,.T.);
#2223=EDGE_CURVE('',#1799,#1797,#539,.T.);
#2224=EDGE_CURVE('',#1800,#1799,#540,.T.);
#2225=EDGE_CURVE('',#1798,#1800,#541,.T.);
#2226=EDGE_CURVE('',#1801,#1802,#542,.T.);
#2227=EDGE_CURVE('',#1803,#1801,#543,.T.);
#2228=EDGE_CURVE('',#1804,#1803,#544,.T.);
#2229=EDGE_CURVE('',#1802,#1804,#545,.T.);
#2230=EDGE_CURVE('',#1805,#1806,#546,.T.);
#2231=EDGE_CURVE('',#1807,#1805,#547,.T.);
#2232=EDGE_CURVE('',#1808,#1807,#548,.T.);
#2233=EDGE_CURVE('',#1806,#1808,#549,.T.);
#2234=EDGE_CURVE('',#1809,#1810,#550,.T.);
#2235=EDGE_CURVE('',#1811,#1809,#551,.T.);
#2236=EDGE_CURVE('',#1812,#1811,#552,.T.);
#2237=EDGE_CURVE('',#1810,#1812,#553,.T.);
#2238=EDGE_CURVE('',#1813,#1814,#554,.T.);
#2239=EDGE_CURVE('',#1815,#1813,#555,.T.);
#2240=EDGE_CURVE('',#1816,#1815,#556,.T.);
#2241=EDGE_CURVE('',#1814,#1816,#557,.T.);
#2242=EDGE_CURVE('',#1817,#1818,#558,.T.);
#2243=EDGE_CURVE('',#1819,#1817,#559,.T.);
#2244=EDGE_CURVE('',#1820,#1819,#560,.T.);
#2245=EDGE_CURVE('',#1818,#1820,#561,.T.);
#2246=EDGE_CURVE('',#1821,#1822,#562,.T.);
#2247=EDGE_CURVE('',#1823,#1821,#563,.T.);
#2248=EDGE_CURVE('',#1824,#1823,#564,.T.);
#2249=EDGE_CURVE('',#1822,#1824,#565,.T.);
#2250=EDGE_CURVE('',#1825,#1826,#566,.T.);
#2251=EDGE_CURVE('',#1827,#1825,#567,.T.);
#2252=EDGE_CURVE('',#1828,#1827,#568,.T.);
#2253=EDGE_CURVE('',#1826,#1828,#569,.T.);
#2254=EDGE_CURVE('',#1829,#1830,#570,.T.);
#2255=EDGE_CURVE('',#1831,#1829,#571,.T.);
#2256=EDGE_CURVE('',#1832,#1831,#572,.T.);
#2257=EDGE_CURVE('',#1830,#1832,#573,.T.);
#2258=EDGE_CURVE('',#1833,#1834,#574,.T.);
#2259=EDGE_CURVE('',#1835,#1833,#575,.T.);
#2260=EDGE_CURVE('',#1836,#1835,#576,.T.);
#2261=EDGE_CURVE('',#1834,#1836,#577,.T.);
#2262=EDGE_CURVE('',#1837,#1838,#578,.T.);
#2263=EDGE_CURVE('',#1839,#1837,#579,.T.);
#2264=EDGE_CURVE('',#1840,#1839,#580,.T.);
#2265=EDGE_CURVE('',#1838,#1840,#581,.T.);
#2266=EDGE_CURVE('',#1841,#1842,#582,.T.);
#2267=EDGE_CURVE('',#1843,#1841,#583,.T.);
#2268=EDGE_CURVE('',#1844,#1843,#584,.T.);
#2269=EDGE_CURVE('',#1842,#1844,#585,.T.);
#2270=EDGE_CURVE('',#1845,#1846,#586,.T.);
#2271=EDGE_CURVE('',#1847,#1845,#587,.T.);
#2272=EDGE_CURVE('',#1848,#1847,#588,.T.);
#2273=EDGE_CURVE('',#1846,#1848,#589,.T.);
#2274=EDGE_CURVE('',#1849,#1850,#590,.T.);
#2275=EDGE_CURVE('',#1851,#1849,#591,.T.);
#2276=EDGE_CURVE('',#1852,#1851,#592,.T.);
#2277=EDGE_CURVE('',#1850,#1852,#593,.T.);
#2278=EDGE_CURVE('',#1853,#1854,#594,.T.);
#2279=EDGE_CURVE('',#1855,#1853,#595,.T.);
#2280=EDGE_CURVE('',#1856,#1855,#596,.T.);
#2281=EDGE_CURVE('',#1854,#1856,#597,.T.);
#2282=EDGE_CURVE('',#1857,#1858,#598,.T.);
#2283=EDGE_CURVE('',#1859,#1857,#599,.T.);
#2284=EDGE_CURVE('',#1860,#1859,#600,.T.);
#2285=EDGE_CURVE('',#1858,#1860,#601,.T.);
#2286=EDGE_CURVE('',#1861,#1862,#602,.T.);
#2287=EDGE_CURVE('',#1863,#1861,#603,.T.);
#2288=EDGE_CURVE('',#1864,#1863,#604,.T.);
#2289=EDGE_CURVE('',#1862,#1864,#605,.T.);
#2290=EDGE_CURVE('',#1865,#1866,#606,.T.);
#2291=EDGE_CURVE('',#1867,#1865,#607,.T.);
#2292=EDGE_CURVE('',#1868,#1867,#608,.T.);
#2293=EDGE_CURVE('',#1866,#1868,#609,.T.);
#2294=EDGE_CURVE('',#1869,#1870,#610,.T.);
#2295=EDGE_CURVE('',#1871,#1869,#611,.T.);
#2296=EDGE_CURVE('',#1872,#1871,#612,.T.);
#2297=EDGE_CURVE('',#1870,#1872,#613,.T.);
#2298=EDGE_CURVE('',#1873,#1874,#614,.T.);
#2299=EDGE_CURVE('',#1875,#1873,#615,.T.);
#2300=EDGE_CURVE('',#1876,#1875,#616,.T.);
#2301=EDGE_CURVE('',#1874,#1876,#617,.T.);
#2302=EDGE_CURVE('',#1877,#1878,#618,.T.);
#2303=EDGE_CURVE('',#1879,#1877,#619,.T.);
#2304=EDGE_CURVE('',#1880,#1879,#620,.T.);
#2305=EDGE_CURVE('',#1878,#1880,#621,.T.);
#2306=EDGE_CURVE('',#1881,#1882,#622,.T.);
#2307=EDGE_CURVE('',#1883,#1881,#623,.T.);
#2308=EDGE_CURVE('',#1884,#1883,#624,.T.);
#2309=EDGE_CURVE('',#1882,#1884,#625,.T.);
#2310=EDGE_CURVE('',#1885,#1886,#626,.T.);
#2311=EDGE_CURVE('',#1887,#1885,#627,.T.);
#2312=EDGE_CURVE('',#1888,#1887,#628,.T.);
#2313=EDGE_CURVE('',#1886,#1888,#629,.T.);
#2314=EDGE_CURVE('',#1889,#1890,#630,.T.);
#2315=EDGE_CURVE('',#1891,#1889,#631,.T.);
#2316=EDGE_CURVE('',#1892,#1891,#632,.T.);
#2317=EDGE_CURVE('',#1890,#1892,#633,.T.);
#2318=EDGE_CURVE('',#1893,#1894,#634,.T.);
#2319=EDGE_CURVE('',#1895,#1893,#635,.T.);
#2320=EDGE_CURVE('',#1896,#1895,#636,.T.);
#2321=EDGE_CURVE('',#1894,#1896,#637,.T.);
#2322=EDGE_CURVE('',#1897,#1898,#638,.T.);
#2323=EDGE_CURVE('',#1899,#1897,#639,.T.);
#2324=EDGE_CURVE('',#1900,#1899,#640,.T.);
#2325=EDGE_CURVE('',#1898,#1900,#641,.T.);
#2326=EDGE_CURVE('',#1901,#1902,#642,.T.);
#2327=EDGE_CURVE('',#1903,#1901,#643,.T.);
#2328=EDGE_CURVE('',#1904,#1903,#644,.T.);
#2329=EDGE_CURVE('',#1902,#1904,#645,.T.);
#2330=EDGE_CURVE('',#1905,#1906,#646,.T.);
#2331=EDGE_CURVE('',#1907,#1905,#647,.T.);
#2332=EDGE_CURVE('',#1908,#1907,#648,.T.);
#2333=EDGE_CURVE('',#1906,#1908,#649,.T.);
#2334=EDGE_CURVE('',#1909,#1910,#650,.T.);
#2335=EDGE_CURVE('',#1911,#1909,#651,.T.);
#2336=EDGE_CURVE('',#1912,#1911,#652,.T.);
#2337=EDGE_CURVE('',#1910,#1912,#653,.T.);
#2338=EDGE_CURVE('',#1913,#1914,#654,.T.);
#2339=EDGE_CURVE('',#1915,#1913,#655,.T.);
#2340=EDGE_CURVE('',#1916,#1915,#656,.T.);
#2341=EDGE_CURVE('',#1914,#1916,#657,.T.);
#2342=EDGE_CURVE('',#1917,#1918,#658,.T.);
#2343=EDGE_CURVE('',#1919,#1917,#659,.T.);
#2344=EDGE_CURVE('',#1920,#1919,#660,.T.);
#2345=EDGE_CURVE('',#1918,#1920,#661,.T.);
#2346=EDGE_CURVE('',#1921,#1922,#662,.T.);
#2347=EDGE_CURVE('',#1923,#1921,#663,.T.);
#2348=EDGE_CURVE('',#1924,#1923,#664,.T.);
#2349=EDGE_CURVE('',#1922,#1924,#665,.T.);
#2350=EDGE_CURVE('',#1925,#1926,#666,.T.);
#2351=EDGE_CURVE('',#1927,#1925,#667,.T.);
#2352=EDGE_CURVE('',#1928,#1927,#668,.T.);
#2353=EDGE_CURVE('',#1926,#1928,#669,.T.);
#2354=EDGE_CURVE('',#1929,#1930,#670,.T.);
#2355=EDGE_CURVE('',#1931,#1929,#671,.T.);
#2356=EDGE_CURVE('',#1932,#1931,#672,.T.);
#2357=EDGE_CURVE('',#1930,#1932,#673,.T.);
#2358=EDGE_CURVE('',#1933,#1934,#674,.T.);
#2359=EDGE_CURVE('',#1935,#1933,#675,.T.);
#2360=EDGE_CURVE('',#1936,#1935,#676,.T.);
#2361=EDGE_CURVE('',#1934,#1936,#677,.T.);
#2362=EDGE_CURVE('',#1937,#1934,#678,.T.);
#2363=EDGE_CURVE('',#1938,#1937,#679,.T.);
#2364=EDGE_CURVE('',#1938,#1933,#680,.T.);
#2365=EDGE_CURVE('',#1939,#1936,#681,.T.);
#2366=EDGE_CURVE('',#1937,#1939,#682,.T.);
#2367=EDGE_CURVE('',#1940,#1931,#683,.T.);
#2368=EDGE_CURVE('',#1941,#1940,#684,.T.);
#2369=EDGE_CURVE('',#1941,#1932,#685,.T.);
#2370=EDGE_CURVE('',#1942,#1922,#686,.T.);
#2371=EDGE_CURVE('',#1943,#1942,#687,.T.);
#2372=EDGE_CURVE('',#1943,#1921,#688,.T.);
#2373=EDGE_CURVE('',#1944,#1924,#689,.T.);
#2374=EDGE_CURVE('',#1942,#1944,#690,.T.);
#2375=EDGE_CURVE('',#1945,#1927,#691,.T.);
#2376=EDGE_CURVE('',#1946,#1945,#692,.T.);
#2377=EDGE_CURVE('',#1946,#1928,#693,.T.);
#2378=EDGE_CURVE('',#1947,#1914,#694,.T.);
#2379=EDGE_CURVE('',#1948,#1947,#695,.T.);
#2380=EDGE_CURVE('',#1948,#1913,#696,.T.);
#2381=EDGE_CURVE('',#1949,#1916,#697,.T.);
#2382=EDGE_CURVE('',#1947,#1949,#698,.T.);
#2383=EDGE_CURVE('',#1950,#1919,#699,.T.);
#2384=EDGE_CURVE('',#1951,#1950,#700,.T.);
#2385=EDGE_CURVE('',#1951,#1920,#701,.T.);
#2386=EDGE_CURVE('',#1952,#1906,#702,.T.);
#2387=EDGE_CURVE('',#1953,#1952,#703,.T.);
#2388=EDGE_CURVE('',#1953,#1905,#704,.T.);
#2389=EDGE_CURVE('',#1954,#1908,#705,.T.);
#2390=EDGE_CURVE('',#1952,#1954,#706,.T.);
#2391=EDGE_CURVE('',#1955,#1911,#707,.T.);
#2392=EDGE_CURVE('',#1956,#1955,#708,.T.);
#2393=EDGE_CURVE('',#1956,#1912,#709,.T.);
#2394=EDGE_CURVE('',#1957,#1898,#710,.T.);
#2395=EDGE_CURVE('',#1958,#1957,#711,.T.);
#2396=EDGE_CURVE('',#1958,#1897,#712,.T.);
#2397=EDGE_CURVE('',#1959,#1900,#713,.T.);
#2398=EDGE_CURVE('',#1957,#1959,#714,.T.);
#2399=EDGE_CURVE('',#1960,#1903,#715,.T.);
#2400=EDGE_CURVE('',#1961,#1960,#716,.T.);
#2401=EDGE_CURVE('',#1961,#1904,#717,.T.);
#2402=EDGE_CURVE('',#1962,#1890,#718,.T.);
#2403=EDGE_CURVE('',#1963,#1962,#719,.T.);
#2404=EDGE_CURVE('',#1963,#1889,#720,.T.);
#2405=EDGE_CURVE('',#1964,#1892,#721,.T.);
#2406=EDGE_CURVE('',#1962,#1964,#722,.T.);
#2407=EDGE_CURVE('',#1965,#1895,#723,.T.);
#2408=EDGE_CURVE('',#1966,#1965,#724,.T.);
#2409=EDGE_CURVE('',#1966,#1896,#725,.T.);
#2410=EDGE_CURVE('',#1967,#1882,#726,.T.);
#2411=EDGE_CURVE('',#1968,#1967,#727,.T.);
#2412=EDGE_CURVE('',#1968,#1881,#728,.T.);
#2413=EDGE_CURVE('',#1969,#1884,#729,.T.);
#2414=EDGE_CURVE('',#1967,#1969,#730,.T.);
#2415=EDGE_CURVE('',#1970,#1887,#731,.T.);
#2416=EDGE_CURVE('',#1971,#1970,#732,.T.);
#2417=EDGE_CURVE('',#1971,#1888,#733,.T.);
#2418=EDGE_CURVE('',#1972,#1874,#734,.T.);
#2419=EDGE_CURVE('',#1973,#1972,#735,.T.);
#2420=EDGE_CURVE('',#1973,#1873,#736,.T.);
#2421=EDGE_CURVE('',#1974,#1876,#737,.T.);
#2422=EDGE_CURVE('',#1972,#1974,#738,.T.);
#2423=EDGE_CURVE('',#1975,#1879,#739,.T.);
#2424=EDGE_CURVE('',#1976,#1975,#740,.T.);
#2425=EDGE_CURVE('',#1976,#1880,#741,.T.);
#2426=EDGE_CURVE('',#1977,#1866,#742,.T.);
#2427=EDGE_CURVE('',#1978,#1977,#743,.T.);
#2428=EDGE_CURVE('',#1978,#1865,#744,.T.);
#2429=EDGE_CURVE('',#1979,#1868,#745,.T.);
#2430=EDGE_CURVE('',#1977,#1979,#746,.T.);
#2431=EDGE_CURVE('',#1980,#1871,#747,.T.);
#2432=EDGE_CURVE('',#1981,#1980,#748,.T.);
#2433=EDGE_CURVE('',#1981,#1872,#749,.T.);
#2434=EDGE_CURVE('',#1982,#1858,#750,.T.);
#2435=EDGE_CURVE('',#1983,#1982,#751,.T.);
#2436=EDGE_CURVE('',#1983,#1857,#752,.T.);
#2437=EDGE_CURVE('',#1984,#1860,#753,.T.);
#2438=EDGE_CURVE('',#1982,#1984,#754,.T.);
#2439=EDGE_CURVE('',#1985,#1863,#755,.T.);
#2440=EDGE_CURVE('',#1986,#1985,#756,.T.);
#2441=EDGE_CURVE('',#1986,#1864,#757,.T.);
#2442=EDGE_CURVE('',#1987,#1850,#758,.T.);
#2443=EDGE_CURVE('',#1988,#1987,#759,.T.);
#2444=EDGE_CURVE('',#1988,#1849,#760,.T.);
#2445=EDGE_CURVE('',#1989,#1852,#761,.T.);
#2446=EDGE_CURVE('',#1987,#1989,#762,.T.);
#2447=EDGE_CURVE('',#1990,#1855,#763,.T.);
#2448=EDGE_CURVE('',#1991,#1990,#764,.T.);
#2449=EDGE_CURVE('',#1991,#1856,#765,.T.);
#2450=EDGE_CURVE('',#1992,#1842,#766,.T.);
#2451=EDGE_CURVE('',#1993,#1992,#767,.T.);
#2452=EDGE_CURVE('',#1993,#1841,#768,.T.);
#2453=EDGE_CURVE('',#1994,#1844,#769,.T.);
#2454=EDGE_CURVE('',#1992,#1994,#770,.T.);
#2455=EDGE_CURVE('',#1995,#1847,#771,.T.);
#2456=EDGE_CURVE('',#1996,#1995,#772,.T.);
#2457=EDGE_CURVE('',#1996,#1848,#773,.T.);
#2458=EDGE_CURVE('',#1997,#1834,#774,.T.);
#2459=EDGE_CURVE('',#1998,#1997,#775,.T.);
#2460=EDGE_CURVE('',#1998,#1833,#776,.T.);
#2461=EDGE_CURVE('',#1999,#1836,#777,.T.);
#2462=EDGE_CURVE('',#1997,#1999,#778,.T.);
#2463=EDGE_CURVE('',#2000,#1839,#779,.T.);
#2464=EDGE_CURVE('',#2001,#2000,#780,.T.);
#2465=EDGE_CURVE('',#2001,#1840,#781,.T.);
#2466=EDGE_CURVE('',#2002,#1826,#782,.T.);
#2467=EDGE_CURVE('',#2003,#2002,#783,.T.);
#2468=EDGE_CURVE('',#2003,#1825,#784,.T.);
#2469=EDGE_CURVE('',#2004,#1828,#785,.T.);
#2470=EDGE_CURVE('',#2002,#2004,#786,.T.);
#2471=EDGE_CURVE('',#2005,#1831,#787,.T.);
#2472=EDGE_CURVE('',#2006,#2005,#788,.T.);
#2473=EDGE_CURVE('',#2006,#1832,#789,.T.);
#2474=EDGE_CURVE('',#2007,#1818,#790,.T.);
#2475=EDGE_CURVE('',#2008,#2007,#791,.T.);
#2476=EDGE_CURVE('',#2008,#1817,#792,.T.);
#2477=EDGE_CURVE('',#2009,#1820,#793,.T.);
#2478=EDGE_CURVE('',#2007,#2009,#794,.T.);
#2479=EDGE_CURVE('',#2010,#1823,#795,.T.);
#2480=EDGE_CURVE('',#2011,#2010,#796,.T.);
#2481=EDGE_CURVE('',#2011,#1824,#797,.T.);
#2482=EDGE_CURVE('',#2012,#1810,#798,.T.);
#2483=EDGE_CURVE('',#2013,#2012,#799,.T.);
#2484=EDGE_CURVE('',#2013,#1809,#800,.T.);
#2485=EDGE_CURVE('',#2014,#1812,#801,.T.);
#2486=EDGE_CURVE('',#2012,#2014,#802,.T.);
#2487=EDGE_CURVE('',#2015,#1815,#803,.T.);
#2488=EDGE_CURVE('',#2016,#2015,#804,.T.);
#2489=EDGE_CURVE('',#2016,#1816,#805,.T.);
#2490=EDGE_CURVE('',#2017,#1802,#806,.T.);
#2491=EDGE_CURVE('',#2018,#2017,#807,.T.);
#2492=EDGE_CURVE('',#2018,#1801,#808,.T.);
#2493=EDGE_CURVE('',#2019,#1804,#809,.T.);
#2494=EDGE_CURVE('',#2017,#2019,#810,.T.);
#2495=EDGE_CURVE('',#2020,#1807,#811,.T.);
#2496=EDGE_CURVE('',#2021,#2020,#812,.T.);
#2497=EDGE_CURVE('',#2021,#1808,#813,.T.);
#2498=EDGE_CURVE('',#2022,#1794,#814,.T.);
#2499=EDGE_CURVE('',#2023,#2022,#815,.T.);
#2500=EDGE_CURVE('',#2023,#1793,#816,.T.);
#2501=EDGE_CURVE('',#2024,#1796,#817,.T.);
#2502=EDGE_CURVE('',#2022,#2024,#818,.T.);
#2503=EDGE_CURVE('',#2025,#1799,#819,.T.);
#2504=EDGE_CURVE('',#2026,#2025,#820,.T.);
#2505=EDGE_CURVE('',#2026,#1800,#821,.T.);
#2506=EDGE_CURVE('',#2027,#1786,#822,.T.);
#2507=EDGE_CURVE('',#2028,#2027,#823,.T.);
#2508=EDGE_CURVE('',#2028,#1785,#824,.T.);
#2509=EDGE_CURVE('',#2029,#1788,#825,.T.);
#2510=EDGE_CURVE('',#2027,#2029,#826,.T.);
#2511=EDGE_CURVE('',#2030,#1791,#827,.T.);
#2512=EDGE_CURVE('',#2031,#2030,#828,.T.);
#2513=EDGE_CURVE('',#2031,#1792,#829,.T.);
#2514=EDGE_CURVE('',#2032,#1778,#830,.T.);
#2515=EDGE_CURVE('',#2033,#2032,#831,.T.);
#2516=EDGE_CURVE('',#2033,#1777,#832,.T.);
#2517=EDGE_CURVE('',#2034,#1780,#833,.T.);
#2518=EDGE_CURVE('',#2032,#2034,#834,.T.);
#2519=EDGE_CURVE('',#2035,#1783,#835,.T.);
#2520=EDGE_CURVE('',#2036,#2035,#836,.T.);
#2521=EDGE_CURVE('',#2036,#1784,#837,.T.);
#2522=EDGE_CURVE('',#2037,#1770,#838,.T.);
#2523=EDGE_CURVE('',#2038,#2037,#839,.T.);
#2524=EDGE_CURVE('',#2038,#1769,#840,.T.);
#2525=EDGE_CURVE('',#2039,#1772,#841,.T.);
#2526=EDGE_CURVE('',#2037,#2039,#842,.T.);
#2527=EDGE_CURVE('',#2040,#1775,#843,.T.);
#2528=EDGE_CURVE('',#2041,#2040,#844,.T.);
#2529=EDGE_CURVE('',#2041,#1776,#845,.T.);
#2530=EDGE_CURVE('',#2042,#1762,#846,.T.);
#2531=EDGE_CURVE('',#2043,#2042,#847,.T.);
#2532=EDGE_CURVE('',#2043,#1761,#848,.T.);
#2533=EDGE_CURVE('',#2044,#1764,#849,.T.);
#2534=EDGE_CURVE('',#2042,#2044,#850,.T.);
#2535=EDGE_CURVE('',#2045,#1767,#851,.T.);
#2536=EDGE_CURVE('',#2046,#2045,#852,.T.);
#2537=EDGE_CURVE('',#2046,#1768,#853,.T.);
#2538=EDGE_CURVE('',#2047,#1754,#854,.T.);
#2539=EDGE_CURVE('',#2048,#2047,#855,.T.);
#2540=EDGE_CURVE('',#2048,#1753,#856,.T.);
#2541=EDGE_CURVE('',#2049,#1756,#857,.T.);
#2542=EDGE_CURVE('',#2047,#2049,#858,.T.);
#2543=EDGE_CURVE('',#2050,#1759,#859,.T.);
#2544=EDGE_CURVE('',#2051,#2050,#860,.T.);
#2545=EDGE_CURVE('',#2051,#1760,#861,.T.);
#2546=EDGE_CURVE('',#2052,#1746,#862,.T.);
#2547=EDGE_CURVE('',#2053,#2052,#863,.T.);
#2548=EDGE_CURVE('',#2053,#1745,#864,.T.);
#2549=EDGE_CURVE('',#2054,#1748,#865,.T.);
#2550=EDGE_CURVE('',#2052,#2054,#866,.T.);
#2551=EDGE_CURVE('',#2055,#1742,#867,.T.);
#2552=EDGE_CURVE('',#2056,#2055,#868,.T.);
#2553=EDGE_CURVE('',#2056,#1741,#869,.T.);
#2554=EDGE_CURVE('',#2057,#1751,#870,.T.);
#2555=EDGE_CURVE('',#2058,#2057,#871,.T.);
#2556=EDGE_CURVE('',#2058,#1752,#872,.T.);
#2557=EDGE_CURVE('',#2059,#1744,#873,.T.);
#2558=EDGE_CURVE('',#2055,#2059,#874,.T.);
#2559=EDGE_CURVE('',#2060,#1738,#875,.T.);
#2560=EDGE_CURVE('',#2061,#2060,#876,.T.);
#2561=EDGE_CURVE('',#2061,#1737,#877,.T.);
#2562=EDGE_CURVE('',#2062,#1740,#878,.T.);
#2563=EDGE_CURVE('',#2060,#2062,#879,.T.);
#2564=EDGE_CURVE('',#2063,#2064,#880,.T.);
#2565=EDGE_CURVE('',#2063,#2065,#881,.T.);
#2566=EDGE_CURVE('',#2066,#2065,#882,.T.);
#2567=EDGE_CURVE('',#2064,#2066,#883,.T.);
#2568=EDGE_CURVE('',#2067,#2066,#884,.T.);
#2569=EDGE_CURVE('',#2065,#2068,#885,.T.);
#2570=EDGE_CURVE('',#2068,#2067,#886,.T.);
#2571=EDGE_CURVE('',#2064,#1731,#887,.T.);
#2572=EDGE_CURVE('',#1735,#2067,#888,.T.);
#2573=EDGE_CURVE('',#1736,#2068,#889,.T.);
#2574=EDGE_CURVE('',#1732,#2063,#890,.T.);
#2575=EDGE_CURVE('',#2069,#2063,#891,.T.);
#2576=EDGE_CURVE('',#2070,#2069,#892,.T.);
#2577=EDGE_CURVE('',#1732,#2070,#893,.T.);
#2578=EDGE_CURVE('',#2071,#2071,#23,.T.);
#2579=EDGE_CURVE('',#2071,#2072,#894,.T.);
#2580=EDGE_CURVE('',#2072,#2072,#24,.T.);
#2581=EDGE_CURVE('',#2073,#2073,#25,.T.);
#2582=EDGE_CURVE('',#2073,#2074,#895,.T.);
#2583=EDGE_CURVE('',#2074,#2074,#26,.T.);
#2584=EDGE_CURVE('',#2075,#2076,#27,.T.);
#2585=EDGE_CURVE('',#2076,#2077,#896,.T.);
#2586=EDGE_CURVE('',#2077,#2078,#28,.T.);
#2587=EDGE_CURVE('',#2078,#2075,#897,.T.);
#2588=EDGE_CURVE('',#1731,#2075,#898,.T.);
#2589=EDGE_CURVE('',#2064,#2078,#899,.T.);
#2590=EDGE_CURVE('',#2079,#2077,#900,.T.);
#2591=EDGE_CURVE('',#2069,#2079,#29,.T.);
#2592=EDGE_CURVE('',#2079,#2080,#901,.T.);
#2593=EDGE_CURVE('',#2080,#2070,#30,.T.);
#2594=EDGE_CURVE('',#2081,#2080,#902,.T.);
#2595=EDGE_CURVE('',#2081,#1739,#903,.T.);
#2596=EDGE_CURVE('',#2082,#2061,#904,.T.);
#2597=EDGE_CURVE('',#2082,#1743,#905,.T.);
#2598=EDGE_CURVE('',#2083,#2056,#906,.T.);
#2599=EDGE_CURVE('',#2083,#1747,#907,.T.);
#2600=EDGE_CURVE('',#2084,#2053,#908,.T.);
#2601=EDGE_CURVE('',#2084,#1755,#909,.T.);
#2602=EDGE_CURVE('',#2085,#2048,#910,.T.);
#2603=EDGE_CURVE('',#2085,#1763,#911,.T.);
#2604=EDGE_CURVE('',#2086,#2043,#912,.T.);
#2605=EDGE_CURVE('',#2086,#1771,#913,.T.);
#2606=EDGE_CURVE('',#2087,#2038,#914,.T.);
#2607=EDGE_CURVE('',#2087,#1779,#915,.T.);
#2608=EDGE_CURVE('',#2088,#2033,#916,.T.);
#2609=EDGE_CURVE('',#2088,#1787,#917,.T.);
#2610=EDGE_CURVE('',#2089,#2028,#918,.T.);
#2611=EDGE_CURVE('',#2089,#1795,#919,.T.);
#2612=EDGE_CURVE('',#2090,#2023,#920,.T.);
#2613=EDGE_CURVE('',#2090,#1803,#921,.T.);
#2614=EDGE_CURVE('',#2091,#2018,#922,.T.);
#2615=EDGE_CURVE('',#2091,#1811,#923,.T.);
#2616=EDGE_CURVE('',#2092,#2013,#924,.T.);
#2617=EDGE_CURVE('',#2092,#1819,#925,.T.);
#2618=EDGE_CURVE('',#2093,#2008,#926,.T.);
#2619=EDGE_CURVE('',#2093,#1827,#927,.T.);
#2620=EDGE_CURVE('',#2094,#2003,#928,.T.);
#2621=EDGE_CURVE('',#2094,#1835,#929,.T.);
#2622=EDGE_CURVE('',#2095,#1998,#930,.T.);
#2623=EDGE_CURVE('',#2095,#1843,#931,.T.);
#2624=EDGE_CURVE('',#2096,#1993,#932,.T.);
#2625=EDGE_CURVE('',#2096,#1851,#933,.T.);
#2626=EDGE_CURVE('',#2097,#1988,#934,.T.);
#2627=EDGE_CURVE('',#2097,#1859,#935,.T.);
#2628=EDGE_CURVE('',#2098,#1983,#936,.T.);
#2629=EDGE_CURVE('',#2098,#1867,#937,.T.);
#2630=EDGE_CURVE('',#2099,#1978,#938,.T.);
#2631=EDGE_CURVE('',#2099,#1875,#939,.T.);
#2632=EDGE_CURVE('',#2100,#1973,#940,.T.);
#2633=EDGE_CURVE('',#2100,#1883,#941,.T.);
#2634=EDGE_CURVE('',#2101,#1968,#942,.T.);
#2635=EDGE_CURVE('',#2101,#1891,#943,.T.);
#2636=EDGE_CURVE('',#2102,#1963,#944,.T.);
#2637=EDGE_CURVE('',#2102,#1899,#945,.T.);
#2638=EDGE_CURVE('',#2103,#1958,#946,.T.);
#2639=EDGE_CURVE('',#2103,#1907,#947,.T.);
#2640=EDGE_CURVE('',#2104,#1953,#948,.T.);
#2641=EDGE_CURVE('',#2104,#1915,#949,.T.);
#2642=EDGE_CURVE('',#2105,#1948,#950,.T.);
#2643=EDGE_CURVE('',#2105,#1923,#951,.T.);
#2644=EDGE_CURVE('',#2106,#1943,#952,.T.);
#2645=EDGE_CURVE('',#2106,#1935,#953,.T.);
#2646=EDGE_CURVE('',#2107,#1938,#954,.T.);
#2647=EDGE_CURVE('',#2107,#1930,#955,.T.);
#2648=EDGE_CURVE('',#2108,#1941,#956,.T.);
#2649=EDGE_CURVE('',#2108,#1926,#957,.T.);
#2650=EDGE_CURVE('',#2109,#1946,#958,.T.);
#2651=EDGE_CURVE('',#2109,#1918,#959,.T.);
#2652=EDGE_CURVE('',#2110,#1951,#960,.T.);
#2653=EDGE_CURVE('',#2110,#1910,#961,.T.);
#2654=EDGE_CURVE('',#2111,#1956,#962,.T.);
#2655=EDGE_CURVE('',#2111,#1902,#963,.T.);
#2656=EDGE_CURVE('',#2112,#1961,#964,.T.);
#2657=EDGE_CURVE('',#2112,#1894,#965,.T.);
#2658=EDGE_CURVE('',#2113,#1966,#966,.T.);
#2659=EDGE_CURVE('',#2113,#1886,#967,.T.);
#2660=EDGE_CURVE('',#2114,#1971,#968,.T.);
#2661=EDGE_CURVE('',#2114,#1878,#969,.T.);
#2662=EDGE_CURVE('',#2115,#1976,#970,.T.);
#2663=EDGE_CURVE('',#2115,#1870,#971,.T.);
#2664=EDGE_CURVE('',#2116,#1981,#972,.T.);
#2665=EDGE_CURVE('',#2116,#1862,#973,.T.);
#2666=EDGE_CURVE('',#2117,#1986,#974,.T.);
#2667=EDGE_CURVE('',#2117,#1854,#975,.T.);
#2668=EDGE_CURVE('',#2118,#1991,#976,.T.);
#2669=EDGE_CURVE('',#2118,#1846,#977,.T.);
#2670=EDGE_CURVE('',#2119,#1996,#978,.T.);
#2671=EDGE_CURVE('',#2119,#1838,#979,.T.);
#2672=EDGE_CURVE('',#2120,#2001,#980,.T.);
#2673=EDGE_CURVE('',#2120,#1830,#981,.T.);
#2674=EDGE_CURVE('',#2121,#2006,#982,.T.);
#2675=EDGE_CURVE('',#2121,#1822,#983,.T.);
#2676=EDGE_CURVE('',#2122,#2011,#984,.T.);
#2677=EDGE_CURVE('',#2122,#1814,#985,.T.);
#2678=EDGE_CURVE('',#2123,#2016,#986,.T.);
#2679=EDGE_CURVE('',#2123,#1806,#987,.T.);
#2680=EDGE_CURVE('',#2124,#2021,#988,.T.);
#2681=EDGE_CURVE('',#2124,#1798,#989,.T.);
#2682=EDGE_CURVE('',#2125,#2026,#990,.T.);
#2683=EDGE_CURVE('',#2125,#1790,#991,.T.);
#2684=EDGE_CURVE('',#2126,#2031,#992,.T.);
#2685=EDGE_CURVE('',#2126,#1782,#993,.T.);
#2686=EDGE_CURVE('',#2127,#2036,#994,.T.);
#2687=EDGE_CURVE('',#2127,#1774,#995,.T.);
#2688=EDGE_CURVE('',#2128,#2041,#996,.T.);
#2689=EDGE_CURVE('',#2128,#1766,#997,.T.);
#2690=EDGE_CURVE('',#2129,#2046,#998,.T.);
#2691=EDGE_CURVE('',#2129,#1758,#999,.T.);
#2692=EDGE_CURVE('',#2130,#2051,#1000,.T.);
#2693=EDGE_CURVE('',#2130,#1750,#1001,.T.);
#2694=EDGE_CURVE('',#2058,#2076,#1002,.T.);
#2695=EDGE_CURVE('',#2062,#2081,#1003,.T.);
#2696=EDGE_CURVE('',#2054,#2083,#1004,.T.);
#2697=EDGE_CURVE('',#2044,#2085,#1005,.T.);
#2698=EDGE_CURVE('',#2034,#2087,#1006,.T.);
#2699=EDGE_CURVE('',#2024,#2089,#1007,.T.);
#2700=EDGE_CURVE('',#2014,#2091,#1008,.T.);
#2701=EDGE_CURVE('',#2004,#2093,#1009,.T.);
#2702=EDGE_CURVE('',#1994,#2095,#1010,.T.);
#2703=EDGE_CURVE('',#1984,#2097,#1011,.T.);
#2704=EDGE_CURVE('',#1974,#2099,#1012,.T.);
#2705=EDGE_CURVE('',#1964,#2101,#1013,.T.);
#2706=EDGE_CURVE('',#1954,#2103,#1014,.T.);
#2707=EDGE_CURVE('',#1944,#2105,#1015,.T.);
#2708=EDGE_CURVE('',#2131,#1929,#1016,.T.);
#2709=EDGE_CURVE('',#1940,#2131,#1017,.T.);
#2710=EDGE_CURVE('',#2131,#2107,#1018,.T.);
#2711=EDGE_CURVE('',#2132,#1917,#1019,.T.);
#2712=EDGE_CURVE('',#1950,#2132,#1020,.T.);
#2713=EDGE_CURVE('',#2132,#2109,#1021,.T.);
#2714=EDGE_CURVE('',#2133,#1901,#1022,.T.);
#2715=EDGE_CURVE('',#1960,#2133,#1023,.T.);
#2716=EDGE_CURVE('',#2133,#2111,#1024,.T.);
#2717=EDGE_CURVE('',#2134,#1885,#1025,.T.);
#2718=EDGE_CURVE('',#1970,#2134,#1026,.T.);
#2719=EDGE_CURVE('',#2134,#2113,#1027,.T.);
#2720=EDGE_CURVE('',#2135,#1869,#1028,.T.);
#2721=EDGE_CURVE('',#1980,#2135,#1029,.T.);
#2722=EDGE_CURVE('',#2135,#2115,#1030,.T.);
#2723=EDGE_CURVE('',#2136,#1853,#1031,.T.);
#2724=EDGE_CURVE('',#1990,#2136,#1032,.T.);
#2725=EDGE_CURVE('',#2136,#2117,#1033,.T.);
#2726=EDGE_CURVE('',#2137,#1837,#1034,.T.);
#2727=EDGE_CURVE('',#2000,#2137,#1035,.T.);
#2728=EDGE_CURVE('',#2137,#2119,#1036,.T.);
#2729=EDGE_CURVE('',#2138,#1821,#1037,.T.);
#2730=EDGE_CURVE('',#2010,#2138,#1038,.T.);
#2731=EDGE_CURVE('',#2138,#2121,#1039,.T.);
#2732=EDGE_CURVE('',#2139,#1805,#1040,.T.);
#2733=EDGE_CURVE('',#2020,#2139,#1041,.T.);
#2734=EDGE_CURVE('',#2139,#2123,#1042,.T.);
#2735=EDGE_CURVE('',#2140,#1789,#1043,.T.);
#2736=EDGE_CURVE('',#2030,#2140,#1044,.T.);
#2737=EDGE_CURVE('',#2140,#2125,#1045,.T.);
#2738=EDGE_CURVE('',#2141,#1773,#1046,.T.);
#2739=EDGE_CURVE('',#2040,#2141,#1047,.T.);
#2740=EDGE_CURVE('',#2141,#2127,#1048,.T.);
#2741=EDGE_CURVE('',#2142,#1757,#1049,.T.);
#2742=EDGE_CURVE('',#2050,#2142,#1050,.T.);
#2743=EDGE_CURVE('',#2142,#2129,#1051,.T.);
#2744=EDGE_CURVE('',#2143,#1749,#1052,.T.);
#2745=EDGE_CURVE('',#2057,#2143,#1053,.T.);
#2746=EDGE_CURVE('',#2143,#2130,#1054,.T.);
#2747=EDGE_CURVE('',#2144,#1765,#1055,.T.);
#2748=EDGE_CURVE('',#2045,#2144,#1056,.T.);
#2749=EDGE_CURVE('',#2144,#2128,#1057,.T.);
#2750=EDGE_CURVE('',#2145,#1781,#1058,.T.);
#2751=EDGE_CURVE('',#2035,#2145,#1059,.T.);
#2752=EDGE_CURVE('',#2145,#2126,#1060,.T.);
#2753=EDGE_CURVE('',#2146,#1797,#1061,.T.);
#2754=EDGE_CURVE('',#2025,#2146,#1062,.T.);
#2755=EDGE_CURVE('',#2146,#2124,#1063,.T.);
#2756=EDGE_CURVE('',#2147,#1813,#1064,.T.);
#2757=EDGE_CURVE('',#2015,#2147,#1065,.T.);
#2758=EDGE_CURVE('',#2147,#2122,#1066,.T.);
#2759=EDGE_CURVE('',#2148,#1829,#1067,.T.);
#2760=EDGE_CURVE('',#2005,#2148,#1068,.T.);
#2761=EDGE_CURVE('',#2148,#2120,#1069,.T.);
#2762=EDGE_CURVE('',#2149,#1845,#1070,.T.);
#2763=EDGE_CURVE('',#1995,#2149,#1071,.T.);
#2764=EDGE_CURVE('',#2149,#2118,#1072,.T.);
#2765=EDGE_CURVE('',#2150,#1861,#1073,.T.);
#2766=EDGE_CURVE('',#1985,#2150,#1074,.T.);
#2767=EDGE_CURVE('',#2150,#2116,#1075,.T.);
#2768=EDGE_CURVE('',#2151,#1877,#1076,.T.);
#2769=EDGE_CURVE('',#1975,#2151,#1077,.T.);
#2770=EDGE_CURVE('',#2151,#2114,#1078,.T.);
#2771=EDGE_CURVE('',#2152,#1893,#1079,.T.);
#2772=EDGE_CURVE('',#1965,#2152,#1080,.T.);
#2773=EDGE_CURVE('',#2152,#2112,#1081,.T.);
#2774=EDGE_CURVE('',#2153,#1909,#1082,.T.);
#2775=EDGE_CURVE('',#1955,#2153,#1083,.T.);
#2776=EDGE_CURVE('',#2153,#2110,#1084,.T.);
#2777=EDGE_CURVE('',#2154,#1925,#1085,.T.);
#2778=EDGE_CURVE('',#1945,#2154,#1086,.T.);
#2779=EDGE_CURVE('',#2154,#2108,#1087,.T.);
#2780=EDGE_CURVE('',#1939,#2106,#1088,.T.);
#2781=EDGE_CURVE('',#1949,#2104,#1089,.T.);
#2782=EDGE_CURVE('',#1959,#2102,#1090,.T.);
#2783=EDGE_CURVE('',#1969,#2100,#1091,.T.);
#2784=EDGE_CURVE('',#1979,#2098,#1092,.T.);
#2785=EDGE_CURVE('',#1989,#2096,#1093,.T.);
#2786=EDGE_CURVE('',#1999,#2094,#1094,.T.);
#2787=EDGE_CURVE('',#2009,#2092,#1095,.T.);
#2788=EDGE_CURVE('',#2019,#2090,#1096,.T.);
#2789=EDGE_CURVE('',#2029,#2088,#1097,.T.);
#2790=EDGE_CURVE('',#2039,#2086,#1098,.T.);
#2791=EDGE_CURVE('',#2049,#2084,#1099,.T.);
#2792=EDGE_CURVE('',#2059,#2082,#1100,.T.);
#2793=ORIENTED_EDGE('',*,*,#2155,.F.);
#2794=ORIENTED_EDGE('',*,*,#2156,.T.);
#2795=ORIENTED_EDGE('',*,*,#2157,.F.);
#2796=ORIENTED_EDGE('',*,*,#2158,.F.);
#2797=ORIENTED_EDGE('',*,*,#2159,.T.);
#2798=ORIENTED_EDGE('',*,*,#2160,.T.);
#2799=ORIENTED_EDGE('',*,*,#2157,.T.);
#2800=ORIENTED_EDGE('',*,*,#2161,.T.);
#2801=ORIENTED_EDGE('',*,*,#2162,.F.);
#2802=ORIENTED_EDGE('',*,*,#2163,.F.);
#2803=ORIENTED_EDGE('',*,*,#2164,.F.);
#2804=ORIENTED_EDGE('',*,*,#2165,.F.);
#2805=ORIENTED_EDGE('',*,*,#2166,.F.);
#2806=ORIENTED_EDGE('',*,*,#2167,.F.);
#2807=ORIENTED_EDGE('',*,*,#2168,.F.);
#2808=ORIENTED_EDGE('',*,*,#2169,.F.);
#2809=ORIENTED_EDGE('',*,*,#2170,.F.);
#2810=ORIENTED_EDGE('',*,*,#2171,.F.);
#2811=ORIENTED_EDGE('',*,*,#2172,.F.);
#2812=ORIENTED_EDGE('',*,*,#2173,.F.);
#2813=ORIENTED_EDGE('',*,*,#2174,.F.);
#2814=ORIENTED_EDGE('',*,*,#2175,.F.);
#2815=ORIENTED_EDGE('',*,*,#2176,.F.);
#2816=ORIENTED_EDGE('',*,*,#2177,.F.);
#2817=ORIENTED_EDGE('',*,*,#2178,.F.);
#2818=ORIENTED_EDGE('',*,*,#2179,.F.);
#2819=ORIENTED_EDGE('',*,*,#2180,.F.);
#2820=ORIENTED_EDGE('',*,*,#2181,.F.);
#2821=ORIENTED_EDGE('',*,*,#2182,.F.);
#2822=ORIENTED_EDGE('',*,*,#2183,.F.);
#2823=ORIENTED_EDGE('',*,*,#2184,.F.);
#2824=ORIENTED_EDGE('',*,*,#2185,.F.);
#2825=ORIENTED_EDGE('',*,*,#2186,.F.);
#2826=ORIENTED_EDGE('',*,*,#2187,.F.);
#2827=ORIENTED_EDGE('',*,*,#2188,.F.);
#2828=ORIENTED_EDGE('',*,*,#2189,.F.);
#2829=ORIENTED_EDGE('',*,*,#2190,.F.);
#2830=ORIENTED_EDGE('',*,*,#2191,.F.);
#2831=ORIENTED_EDGE('',*,*,#2192,.F.);
#2832=ORIENTED_EDGE('',*,*,#2193,.F.);
#2833=ORIENTED_EDGE('',*,*,#2194,.F.);
#2834=ORIENTED_EDGE('',*,*,#2195,.F.);
#2835=ORIENTED_EDGE('',*,*,#2196,.F.);
#2836=ORIENTED_EDGE('',*,*,#2197,.F.);
#2837=ORIENTED_EDGE('',*,*,#2198,.F.);
#2838=ORIENTED_EDGE('',*,*,#2199,.F.);
#2839=ORIENTED_EDGE('',*,*,#2200,.F.);
#2840=ORIENTED_EDGE('',*,*,#2201,.F.);
#2841=ORIENTED_EDGE('',*,*,#2202,.F.);
#2842=ORIENTED_EDGE('',*,*,#2203,.F.);
#2843=ORIENTED_EDGE('',*,*,#2204,.F.);
#2844=ORIENTED_EDGE('',*,*,#2205,.F.);
#2845=ORIENTED_EDGE('',*,*,#2206,.F.);
#2846=ORIENTED_EDGE('',*,*,#2207,.F.);
#2847=ORIENTED_EDGE('',*,*,#2208,.F.);
#2848=ORIENTED_EDGE('',*,*,#2209,.F.);
#2849=ORIENTED_EDGE('',*,*,#2210,.F.);
#2850=ORIENTED_EDGE('',*,*,#2211,.F.);
#2851=ORIENTED_EDGE('',*,*,#2212,.F.);
#2852=ORIENTED_EDGE('',*,*,#2213,.F.);
#2853=ORIENTED_EDGE('',*,*,#2214,.F.);
#2854=ORIENTED_EDGE('',*,*,#2215,.F.);
#2855=ORIENTED_EDGE('',*,*,#2216,.F.);
#2856=ORIENTED_EDGE('',*,*,#2217,.F.);
#2857=ORIENTED_EDGE('',*,*,#2218,.F.);
#2858=ORIENTED_EDGE('',*,*,#2219,.F.);
#2859=ORIENTED_EDGE('',*,*,#2220,.F.);
#2860=ORIENTED_EDGE('',*,*,#2221,.F.);
#2861=ORIENTED_EDGE('',*,*,#2222,.F.);
#2862=ORIENTED_EDGE('',*,*,#2223,.F.);
#2863=ORIENTED_EDGE('',*,*,#2224,.F.);
#2864=ORIENTED_EDGE('',*,*,#2225,.F.);
#2865=ORIENTED_EDGE('',*,*,#2226,.F.);
#2866=ORIENTED_EDGE('',*,*,#2227,.F.);
#2867=ORIENTED_EDGE('',*,*,#2228,.F.);
#2868=ORIENTED_EDGE('',*,*,#2229,.F.);
#2869=ORIENTED_EDGE('',*,*,#2230,.F.);
#2870=ORIENTED_EDGE('',*,*,#2231,.F.);
#2871=ORIENTED_EDGE('',*,*,#2232,.F.);
#2872=ORIENTED_EDGE('',*,*,#2233,.F.);
#2873=ORIENTED_EDGE('',*,*,#2234,.F.);
#2874=ORIENTED_EDGE('',*,*,#2235,.F.);
#2875=ORIENTED_EDGE('',*,*,#2236,.F.);
#2876=ORIENTED_EDGE('',*,*,#2237,.F.);
#2877=ORIENTED_EDGE('',*,*,#2238,.F.);
#2878=ORIENTED_EDGE('',*,*,#2239,.F.);
#2879=ORIENTED_EDGE('',*,*,#2240,.F.);
#2880=ORIENTED_EDGE('',*,*,#2241,.F.);
#2881=ORIENTED_EDGE('',*,*,#2242,.F.);
#2882=ORIENTED_EDGE('',*,*,#2243,.F.);
#2883=ORIENTED_EDGE('',*,*,#2244,.F.);
#2884=ORIENTED_EDGE('',*,*,#2245,.F.);
#2885=ORIENTED_EDGE('',*,*,#2246,.F.);
#2886=ORIENTED_EDGE('',*,*,#2247,.F.);
#2887=ORIENTED_EDGE('',*,*,#2248,.F.);
#2888=ORIENTED_EDGE('',*,*,#2249,.F.);
#2889=ORIENTED_EDGE('',*,*,#2250,.F.);
#2890=ORIENTED_EDGE('',*,*,#2251,.F.);
#2891=ORIENTED_EDGE('',*,*,#2252,.F.);
#2892=ORIENTED_EDGE('',*,*,#2253,.F.);
#2893=ORIENTED_EDGE('',*,*,#2254,.F.);
#2894=ORIENTED_EDGE('',*,*,#2255,.F.);
#2895=ORIENTED_EDGE('',*,*,#2256,.F.);
#2896=ORIENTED_EDGE('',*,*,#2257,.F.);
#2897=ORIENTED_EDGE('',*,*,#2258,.F.);
#2898=ORIENTED_EDGE('',*,*,#2259,.F.);
#2899=ORIENTED_EDGE('',*,*,#2260,.F.);
#2900=ORIENTED_EDGE('',*,*,#2261,.F.);
#2901=ORIENTED_EDGE('',*,*,#2262,.F.);
#2902=ORIENTED_EDGE('',*,*,#2263,.F.);
#2903=ORIENTED_EDGE('',*,*,#2264,.F.);
#2904=ORIENTED_EDGE('',*,*,#2265,.F.);
#2905=ORIENTED_EDGE('',*,*,#2266,.F.);
#2906=ORIENTED_EDGE('',*,*,#2267,.F.);
#2907=ORIENTED_EDGE('',*,*,#2268,.F.);
#2908=ORIENTED_EDGE('',*,*,#2269,.F.);
#2909=ORIENTED_EDGE('',*,*,#2270,.F.);
#2910=ORIENTED_EDGE('',*,*,#2271,.F.);
#2911=ORIENTED_EDGE('',*,*,#2272,.F.);
#2912=ORIENTED_EDGE('',*,*,#2273,.F.);
#2913=ORIENTED_EDGE('',*,*,#2274,.F.);
#2914=ORIENTED_EDGE('',*,*,#2275,.F.);
#2915=ORIENTED_EDGE('',*,*,#2276,.F.);
#2916=ORIENTED_EDGE('',*,*,#2277,.F.);
#2917=ORIENTED_EDGE('',*,*,#2278,.F.);
#2918=ORIENTED_EDGE('',*,*,#2279,.F.);
#2919=ORIENTED_EDGE('',*,*,#2280,.F.);
#2920=ORIENTED_EDGE('',*,*,#2281,.F.);
#2921=ORIENTED_EDGE('',*,*,#2282,.F.);
#2922=ORIENTED_EDGE('',*,*,#2283,.F.);
#2923=ORIENTED_EDGE('',*,*,#2284,.F.);
#2924=ORIENTED_EDGE('',*,*,#2285,.F.);
#2925=ORIENTED_EDGE('',*,*,#2286,.F.);
#2926=ORIENTED_EDGE('',*,*,#2287,.F.);
#2927=ORIENTED_EDGE('',*,*,#2288,.F.);
#2928=ORIENTED_EDGE('',*,*,#2289,.F.);
#2929=ORIENTED_EDGE('',*,*,#2290,.F.);
#2930=ORIENTED_EDGE('',*,*,#2291,.F.);
#2931=ORIENTED_EDGE('',*,*,#2292,.F.);
#2932=ORIENTED_EDGE('',*,*,#2293,.F.);
#2933=ORIENTED_EDGE('',*,*,#2294,.F.);
#2934=ORIENTED_EDGE('',*,*,#2295,.F.);
#2935=ORIENTED_EDGE('',*,*,#2296,.F.);
#2936=ORIENTED_EDGE('',*,*,#2297,.F.);
#2937=ORIENTED_EDGE('',*,*,#2298,.F.);
#2938=ORIENTED_EDGE('',*,*,#2299,.F.);
#2939=ORIENTED_EDGE('',*,*,#2300,.F.);
#2940=ORIENTED_EDGE('',*,*,#2301,.F.);
#2941=ORIENTED_EDGE('',*,*,#2302,.F.);
#2942=ORIENTED_EDGE('',*,*,#2303,.F.);
#2943=ORIENTED_EDGE('',*,*,#2304,.F.);
#2944=ORIENTED_EDGE('',*,*,#2305,.F.);
#2945=ORIENTED_EDGE('',*,*,#2306,.F.);
#2946=ORIENTED_EDGE('',*,*,#2307,.F.);
#2947=ORIENTED_EDGE('',*,*,#2308,.F.);
#2948=ORIENTED_EDGE('',*,*,#2309,.F.);
#2949=ORIENTED_EDGE('',*,*,#2310,.F.);
#2950=ORIENTED_EDGE('',*,*,#2311,.F.);
#2951=ORIENTED_EDGE('',*,*,#2312,.F.);
#2952=ORIENTED_EDGE('',*,*,#2313,.F.);
#2953=ORIENTED_EDGE('',*,*,#2314,.F.);
#2954=ORIENTED_EDGE('',*,*,#2315,.F.);
#2955=ORIENTED_EDGE('',*,*,#2316,.F.);
#2956=ORIENTED_EDGE('',*,*,#2317,.F.);
#2957=ORIENTED_EDGE('',*,*,#2318,.F.);
#2958=ORIENTED_EDGE('',*,*,#2319,.F.);
#2959=ORIENTED_EDGE('',*,*,#2320,.F.);
#2960=ORIENTED_EDGE('',*,*,#2321,.F.);
#2961=ORIENTED_EDGE('',*,*,#2322,.F.);
#2962=ORIENTED_EDGE('',*,*,#2323,.F.);
#2963=ORIENTED_EDGE('',*,*,#2324,.F.);
#2964=ORIENTED_EDGE('',*,*,#2325,.F.);
#2965=ORIENTED_EDGE('',*,*,#2326,.F.);
#2966=ORIENTED_EDGE('',*,*,#2327,.F.);
#2967=ORIENTED_EDGE('',*,*,#2328,.F.);
#2968=ORIENTED_EDGE('',*,*,#2329,.F.);
#2969=ORIENTED_EDGE('',*,*,#2330,.F.);
#2970=ORIENTED_EDGE('',*,*,#2331,.F.);
#2971=ORIENTED_EDGE('',*,*,#2332,.F.);
#2972=ORIENTED_EDGE('',*,*,#2333,.F.);
#2973=ORIENTED_EDGE('',*,*,#2334,.F.);
#2974=ORIENTED_EDGE('',*,*,#2335,.F.);
#2975=ORIENTED_EDGE('',*,*,#2336,.F.);
#2976=ORIENTED_EDGE('',*,*,#2337,.F.);
#2977=ORIENTED_EDGE('',*,*,#2338,.F.);
#2978=ORIENTED_EDGE('',*,*,#2339,.F.);
#2979=ORIENTED_EDGE('',*,*,#2340,.F.);
#2980=ORIENTED_EDGE('',*,*,#2341,.F.);
#2981=ORIENTED_EDGE('',*,*,#2342,.F.);
#2982=ORIENTED_EDGE('',*,*,#2343,.F.);
#2983=ORIENTED_EDGE('',*,*,#2344,.F.);
#2984=ORIENTED_EDGE('',*,*,#2345,.F.);
#2985=ORIENTED_EDGE('',*,*,#2346,.F.);
#2986=ORIENTED_EDGE('',*,*,#2347,.F.);
#2987=ORIENTED_EDGE('',*,*,#2348,.F.);
#2988=ORIENTED_EDGE('',*,*,#2349,.F.);
#2989=ORIENTED_EDGE('',*,*,#2350,.F.);
#2990=ORIENTED_EDGE('',*,*,#2351,.F.);
#2991=ORIENTED_EDGE('',*,*,#2352,.F.);
#2992=ORIENTED_EDGE('',*,*,#2353,.F.);
#2993=ORIENTED_EDGE('',*,*,#2354,.F.);
#2994=ORIENTED_EDGE('',*,*,#2355,.F.);
#2995=ORIENTED_EDGE('',*,*,#2356,.F.);
#2996=ORIENTED_EDGE('',*,*,#2357,.F.);
#2997=ORIENTED_EDGE('',*,*,#2358,.F.);
#2998=ORIENTED_EDGE('',*,*,#2359,.F.);
#2999=ORIENTED_EDGE('',*,*,#2360,.F.);
#3000=ORIENTED_EDGE('',*,*,#2361,.F.);
#3001=ORIENTED_EDGE('',*,*,#2358,.T.);
#3002=ORIENTED_EDGE('',*,*,#2362,.F.);
#3003=ORIENTED_EDGE('',*,*,#2363,.F.);
#3004=ORIENTED_EDGE('',*,*,#2364,.T.);
#3005=ORIENTED_EDGE('',*,*,#2361,.T.);
#3006=ORIENTED_EDGE('',*,*,#2365,.F.);
#3007=ORIENTED_EDGE('',*,*,#2366,.F.);
#3008=ORIENTED_EDGE('',*,*,#2362,.T.);
#3009=ORIENTED_EDGE('',*,*,#2356,.T.);
#3010=ORIENTED_EDGE('',*,*,#2367,.F.);
#3011=ORIENTED_EDGE('',*,*,#2368,.F.);
#3012=ORIENTED_EDGE('',*,*,#2369,.T.);
#3013=ORIENTED_EDGE('',*,*,#2346,.T.);
#3014=ORIENTED_EDGE('',*,*,#2370,.F.);
#3015=ORIENTED_EDGE('',*,*,#2371,.F.);
#3016=ORIENTED_EDGE('',*,*,#2372,.T.);
#3017=ORIENTED_EDGE('',*,*,#2349,.T.);
#3018=ORIENTED_EDGE('',*,*,#2373,.F.);
#3019=ORIENTED_EDGE('',*,*,#2374,.F.);
#3020=ORIENTED_EDGE('',*,*,#2370,.T.);
#3021=ORIENTED_EDGE('',*,*,#2352,.T.);
#3022=ORIENTED_EDGE('',*,*,#2375,.F.);
#3023=ORIENTED_EDGE('',*,*,#2376,.F.);
#3024=ORIENTED_EDGE('',*,*,#2377,.T.);
#3025=ORIENTED_EDGE('',*,*,#2338,.T.);
#3026=ORIENTED_EDGE('',*,*,#2378,.F.);
#3027=ORIENTED_EDGE('',*,*,#2379,.F.);
#3028=ORIENTED_EDGE('',*,*,#2380,.T.);
#3029=ORIENTED_EDGE('',*,*,#2341,.T.);
#3030=ORIENTED_EDGE('',*,*,#2381,.F.);
#3031=ORIENTED_EDGE('',*,*,#2382,.F.);
#3032=ORIENTED_EDGE('',*,*,#2378,.T.);
#3033=ORIENTED_EDGE('',*,*,#2344,.T.);
#3034=ORIENTED_EDGE('',*,*,#2383,.F.);
#3035=ORIENTED_EDGE('',*,*,#2384,.F.);
#3036=ORIENTED_EDGE('',*,*,#2385,.T.);
#3037=ORIENTED_EDGE('',*,*,#2330,.T.);
#3038=ORIENTED_EDGE('',*,*,#2386,.F.);
#3039=ORIENTED_EDGE('',*,*,#2387,.F.);
#3040=ORIENTED_EDGE('',*,*,#2388,.T.);
#3041=ORIENTED_EDGE('',*,*,#2333,.T.);
#3042=ORIENTED_EDGE('',*,*,#2389,.F.);
#3043=ORIENTED_EDGE('',*,*,#2390,.F.);
#3044=ORIENTED_EDGE('',*,*,#2386,.T.);
#3045=ORIENTED_EDGE('',*,*,#2336,.T.);
#3046=ORIENTED_EDGE('',*,*,#2391,.F.);
#3047=ORIENTED_EDGE('',*,*,#2392,.F.);
#3048=ORIENTED_EDGE('',*,*,#2393,.T.);
#3049=ORIENTED_EDGE('',*,*,#2322,.T.);
#3050=ORIENTED_EDGE('',*,*,#2394,.F.);
#3051=ORIENTED_EDGE('',*,*,#2395,.F.);
#3052=ORIENTED_EDGE('',*,*,#2396,.T.);
#3053=ORIENTED_EDGE('',*,*,#2325,.T.);
#3054=ORIENTED_EDGE('',*,*,#2397,.F.);
#3055=ORIENTED_EDGE('',*,*,#2398,.F.);
#3056=ORIENTED_EDGE('',*,*,#2394,.T.);
#3057=ORIENTED_EDGE('',*,*,#2328,.T.);
#3058=ORIENTED_EDGE('',*,*,#2399,.F.);
#3059=ORIENTED_EDGE('',*,*,#2400,.F.);
#3060=ORIENTED_EDGE('',*,*,#2401,.T.);
#3061=ORIENTED_EDGE('',*,*,#2314,.T.);
#3062=ORIENTED_EDGE('',*,*,#2402,.F.);
#3063=ORIENTED_EDGE('',*,*,#2403,.F.);
#3064=ORIENTED_EDGE('',*,*,#2404,.T.);
#3065=ORIENTED_EDGE('',*,*,#2317,.T.);
#3066=ORIENTED_EDGE('',*,*,#2405,.F.);
#3067=ORIENTED_EDGE('',*,*,#2406,.F.);
#3068=ORIENTED_EDGE('',*,*,#2402,.T.);
#3069=ORIENTED_EDGE('',*,*,#2320,.T.);
#3070=ORIENTED_EDGE('',*,*,#2407,.F.);
#3071=ORIENTED_EDGE('',*,*,#2408,.F.);
#3072=ORIENTED_EDGE('',*,*,#2409,.T.);
#3073=ORIENTED_EDGE('',*,*,#2306,.T.);
#3074=ORIENTED_EDGE('',*,*,#2410,.F.);
#3075=ORIENTED_EDGE('',*,*,#2411,.F.);
#3076=ORIENTED_EDGE('',*,*,#2412,.T.);
#3077=ORIENTED_EDGE('',*,*,#2309,.T.);
#3078=ORIENTED_EDGE('',*,*,#2413,.F.);
#3079=ORIENTED_EDGE('',*,*,#2414,.F.);
#3080=ORIENTED_EDGE('',*,*,#2410,.T.);
#3081=ORIENTED_EDGE('',*,*,#2312,.T.);
#3082=ORIENTED_EDGE('',*,*,#2415,.F.);
#3083=ORIENTED_EDGE('',*,*,#2416,.F.);
#3084=ORIENTED_EDGE('',*,*,#2417,.T.);
#3085=ORIENTED_EDGE('',*,*,#2298,.T.);
#3086=ORIENTED_EDGE('',*,*,#2418,.F.);
#3087=ORIENTED_EDGE('',*,*,#2419,.F.);
#3088=ORIENTED_EDGE('',*,*,#2420,.T.);
#3089=ORIENTED_EDGE('',*,*,#2301,.T.);
#3090=ORIENTED_EDGE('',*,*,#2421,.F.);
#3091=ORIENTED_EDGE('',*,*,#2422,.F.);
#3092=ORIENTED_EDGE('',*,*,#2418,.T.);
#3093=ORIENTED_EDGE('',*,*,#2304,.T.);
#3094=ORIENTED_EDGE('',*,*,#2423,.F.);
#3095=ORIENTED_EDGE('',*,*,#2424,.F.);
#3096=ORIENTED_EDGE('',*,*,#2425,.T.);
#3097=ORIENTED_EDGE('',*,*,#2290,.T.);
#3098=ORIENTED_EDGE('',*,*,#2426,.F.);
#3099=ORIENTED_EDGE('',*,*,#2427,.F.);
#3100=ORIENTED_EDGE('',*,*,#2428,.T.);
#3101=ORIENTED_EDGE('',*,*,#2293,.T.);
#3102=ORIENTED_EDGE('',*,*,#2429,.F.);
#3103=ORIENTED_EDGE('',*,*,#2430,.F.);
#3104=ORIENTED_EDGE('',*,*,#2426,.T.);
#3105=ORIENTED_EDGE('',*,*,#2296,.T.);
#3106=ORIENTED_EDGE('',*,*,#2431,.F.);
#3107=ORIENTED_EDGE('',*,*,#2432,.F.);
#3108=ORIENTED_EDGE('',*,*,#2433,.T.);
#3109=ORIENTED_EDGE('',*,*,#2282,.T.);
#3110=ORIENTED_EDGE('',*,*,#2434,.F.);
#3111=ORIENTED_EDGE('',*,*,#2435,.F.);
#3112=ORIENTED_EDGE('',*,*,#2436,.T.);
#3113=ORIENTED_EDGE('',*,*,#2285,.T.);
#3114=ORIENTED_EDGE('',*,*,#2437,.F.);
#3115=ORIENTED_EDGE('',*,*,#2438,.F.);
#3116=ORIENTED_EDGE('',*,*,#2434,.T.);
#3117=ORIENTED_EDGE('',*,*,#2288,.T.);
#3118=ORIENTED_EDGE('',*,*,#2439,.F.);
#3119=ORIENTED_EDGE('',*,*,#2440,.F.);
#3120=ORIENTED_EDGE('',*,*,#2441,.T.);
#3121=ORIENTED_EDGE('',*,*,#2274,.T.);
#3122=ORIENTED_EDGE('',*,*,#2442,.F.);
#3123=ORIENTED_EDGE('',*,*,#2443,.F.);
#3124=ORIENTED_EDGE('',*,*,#2444,.T.);
#3125=ORIENTED_EDGE('',*,*,#2277,.T.);
#3126=ORIENTED_EDGE('',*,*,#2445,.F.);
#3127=ORIENTED_EDGE('',*,*,#2446,.F.);
#3128=ORIENTED_EDGE('',*,*,#2442,.T.);
#3129=ORIENTED_EDGE('',*,*,#2280,.T.);
#3130=ORIENTED_EDGE('',*,*,#2447,.F.);
#3131=ORIENTED_EDGE('',*,*,#2448,.F.);
#3132=ORIENTED_EDGE('',*,*,#2449,.T.);
#3133=ORIENTED_EDGE('',*,*,#2266,.T.);
#3134=ORIENTED_EDGE('',*,*,#2450,.F.);
#3135=ORIENTED_EDGE('',*,*,#2451,.F.);
#3136=ORIENTED_EDGE('',*,*,#2452,.T.);
#3137=ORIENTED_EDGE('',*,*,#2269,.T.);
#3138=ORIENTED_EDGE('',*,*,#2453,.F.);
#3139=ORIENTED_EDGE('',*,*,#2454,.F.);
#3140=ORIENTED_EDGE('',*,*,#2450,.T.);
#3141=ORIENTED_EDGE('',*,*,#2272,.T.);
#3142=ORIENTED_EDGE('',*,*,#2455,.F.);
#3143=ORIENTED_EDGE('',*,*,#2456,.F.);
#3144=ORIENTED_EDGE('',*,*,#2457,.T.);
#3145=ORIENTED_EDGE('',*,*,#2258,.T.);
#3146=ORIENTED_EDGE('',*,*,#2458,.F.);
#3147=ORIENTED_EDGE('',*,*,#2459,.F.);
#3148=ORIENTED_EDGE('',*,*,#2460,.T.);
#3149=ORIENTED_EDGE('',*,*,#2261,.T.);
#3150=ORIENTED_EDGE('',*,*,#2461,.F.);
#3151=ORIENTED_EDGE('',*,*,#2462,.F.);
#3152=ORIENTED_EDGE('',*,*,#2458,.T.);
#3153=ORIENTED_EDGE('',*,*,#2264,.T.);
#3154=ORIENTED_EDGE('',*,*,#2463,.F.);
#3155=ORIENTED_EDGE('',*,*,#2464,.F.);
#3156=ORIENTED_EDGE('',*,*,#2465,.T.);
#3157=ORIENTED_EDGE('',*,*,#2250,.T.);
#3158=ORIENTED_EDGE('',*,*,#2466,.F.);
#3159=ORIENTED_EDGE('',*,*,#2467,.F.);
#3160=ORIENTED_EDGE('',*,*,#2468,.T.);
#3161=ORIENTED_EDGE('',*,*,#2253,.T.);
#3162=ORIENTED_EDGE('',*,*,#2469,.F.);
#3163=ORIENTED_EDGE('',*,*,#2470,.F.);
#3164=ORIENTED_EDGE('',*,*,#2466,.T.);
#3165=ORIENTED_EDGE('',*,*,#2256,.T.);
#3166=ORIENTED_EDGE('',*,*,#2471,.F.);
#3167=ORIENTED_EDGE('',*,*,#2472,.F.);
#3168=ORIENTED_EDGE('',*,*,#2473,.T.);
#3169=ORIENTED_EDGE('',*,*,#2242,.T.);
#3170=ORIENTED_EDGE('',*,*,#2474,.F.);
#3171=ORIENTED_EDGE('',*,*,#2475,.F.);
#3172=ORIENTED_EDGE('',*,*,#2476,.T.);
#3173=ORIENTED_EDGE('',*,*,#2245,.T.);
#3174=ORIENTED_EDGE('',*,*,#2477,.F.);
#3175=ORIENTED_EDGE('',*,*,#2478,.F.);
#3176=ORIENTED_EDGE('',*,*,#2474,.T.);
#3177=ORIENTED_EDGE('',*,*,#2248,.T.);
#3178=ORIENTED_EDGE('',*,*,#2479,.F.);
#3179=ORIENTED_EDGE('',*,*,#2480,.F.);
#3180=ORIENTED_EDGE('',*,*,#2481,.T.);
#3181=ORIENTED_EDGE('',*,*,#2234,.T.);
#3182=ORIENTED_EDGE('',*,*,#2482,.F.);
#3183=ORIENTED_EDGE('',*,*,#2483,.F.);
#3184=ORIENTED_EDGE('',*,*,#2484,.T.);
#3185=ORIENTED_EDGE('',*,*,#2237,.T.);
#3186=ORIENTED_EDGE('',*,*,#2485,.F.);
#3187=ORIENTED_EDGE('',*,*,#2486,.F.);
#3188=ORIENTED_EDGE('',*,*,#2482,.T.);
#3189=ORIENTED_EDGE('',*,*,#2240,.T.);
#3190=ORIENTED_EDGE('',*,*,#2487,.F.);
#3191=ORIENTED_EDGE('',*,*,#2488,.F.);
#3192=ORIENTED_EDGE('',*,*,#2489,.T.);
#3193=ORIENTED_EDGE('',*,*,#2226,.T.);
#3194=ORIENTED_EDGE('',*,*,#2490,.F.);
#3195=ORIENTED_EDGE('',*,*,#2491,.F.);
#3196=ORIENTED_EDGE('',*,*,#2492,.T.);
#3197=ORIENTED_EDGE('',*,*,#2229,.T.);
#3198=ORIENTED_EDGE('',*,*,#2493,.F.);
#3199=ORIENTED_EDGE('',*,*,#2494,.F.);
#3200=ORIENTED_EDGE('',*,*,#2490,.T.);
#3201=ORIENTED_EDGE('',*,*,#2232,.T.);
#3202=ORIENTED_EDGE('',*,*,#2495,.F.);
#3203=ORIENTED_EDGE('',*,*,#2496,.F.);
#3204=ORIENTED_EDGE('',*,*,#2497,.T.);
#3205=ORIENTED_EDGE('',*,*,#2218,.T.);
#3206=ORIENTED_EDGE('',*,*,#2498,.F.);
#3207=ORIENTED_EDGE('',*,*,#2499,.F.);
#3208=ORIENTED_EDGE('',*,*,#2500,.T.);
#3209=ORIENTED_EDGE('',*,*,#2221,.T.);
#3210=ORIENTED_EDGE('',*,*,#2501,.F.);
#3211=ORIENTED_EDGE('',*,*,#2502,.F.);
#3212=ORIENTED_EDGE('',*,*,#2498,.T.);
#3213=ORIENTED_EDGE('',*,*,#2224,.T.);
#3214=ORIENTED_EDGE('',*,*,#2503,.F.);
#3215=ORIENTED_EDGE('',*,*,#2504,.F.);
#3216=ORIENTED_EDGE('',*,*,#2505,.T.);
#3217=ORIENTED_EDGE('',*,*,#2210,.T.);
#3218=ORIENTED_EDGE('',*,*,#2506,.F.);
#3219=ORIENTED_EDGE('',*,*,#2507,.F.);
#3220=ORIENTED_EDGE('',*,*,#2508,.T.);
#3221=ORIENTED_EDGE('',*,*,#2213,.T.);
#3222=ORIENTED_EDGE('',*,*,#2509,.F.);
#3223=ORIENTED_EDGE('',*,*,#2510,.F.);
#3224=ORIENTED_EDGE('',*,*,#2506,.T.);
#3225=ORIENTED_EDGE('',*,*,#2216,.T.);
#3226=ORIENTED_EDGE('',*,*,#2511,.F.);
#3227=ORIENTED_EDGE('',*,*,#2512,.F.);
#3228=ORIENTED_EDGE('',*,*,#2513,.T.);
#3229=ORIENTED_EDGE('',*,*,#2202,.T.);
#3230=ORIENTED_EDGE('',*,*,#2514,.F.);
#3231=ORIENTED_EDGE('',*,*,#2515,.F.);
#3232=ORIENTED_EDGE('',*,*,#2516,.T.);
#3233=ORIENTED_EDGE('',*,*,#2205,.T.);
#3234=ORIENTED_EDGE('',*,*,#2517,.F.);
#3235=ORIENTED_EDGE('',*,*,#2518,.F.);
#3236=ORIENTED_EDGE('',*,*,#2514,.T.);
#3237=ORIENTED_EDGE('',*,*,#2208,.T.);
#3238=ORIENTED_EDGE('',*,*,#2519,.F.);
#3239=ORIENTED_EDGE('',*,*,#2520,.F.);
#3240=ORIENTED_EDGE('',*,*,#2521,.T.);
#3241=ORIENTED_EDGE('',*,*,#2194,.T.);
#3242=ORIENTED_EDGE('',*,*,#2522,.F.);
#3243=ORIENTED_EDGE('',*,*,#2523,.F.);
#3244=ORIENTED_EDGE('',*,*,#2524,.T.);
#3245=ORIENTED_EDGE('',*,*,#2197,.T.);
#3246=ORIENTED_EDGE('',*,*,#2525,.F.);
#3247=ORIENTED_EDGE('',*,*,#2526,.F.);
#3248=ORIENTED_EDGE('',*,*,#2522,.T.);
#3249=ORIENTED_EDGE('',*,*,#2200,.T.);
#3250=ORIENTED_EDGE('',*,*,#2527,.F.);
#3251=ORIENTED_EDGE('',*,*,#2528,.F.);
#3252=ORIENTED_EDGE('',*,*,#2529,.T.);
#3253=ORIENTED_EDGE('',*,*,#2186,.T.);
#3254=ORIENTED_EDGE('',*,*,#2530,.F.);
#3255=ORIENTED_EDGE('',*,*,#2531,.F.);
#3256=ORIENTED_EDGE('',*,*,#2532,.T.);
#3257=ORIENTED_EDGE('',*,*,#2189,.T.);
#3258=ORIENTED_EDGE('',*,*,#2533,.F.);
#3259=ORIENTED_EDGE('',*,*,#2534,.F.);
#3260=ORIENTED_EDGE('',*,*,#2530,.T.);
#3261=ORIENTED_EDGE('',*,*,#2192,.T.);
#3262=ORIENTED_EDGE('',*,*,#2535,.F.);
#3263=ORIENTED_EDGE('',*,*,#2536,.F.);
#3264=ORIENTED_EDGE('',*,*,#2537,.T.);
#3265=ORIENTED_EDGE('',*,*,#2178,.T.);
#3266=ORIENTED_EDGE('',*,*,#2538,.F.);
#3267=ORIENTED_EDGE('',*,*,#2539,.F.);
#3268=ORIENTED_EDGE('',*,*,#2540,.T.);
#3269=ORIENTED_EDGE('',*,*,#2181,.T.);
#3270=ORIENTED_EDGE('',*,*,#2541,.F.);
#3271=ORIENTED_EDGE('',*,*,#2542,.F.);
#3272=ORIENTED_EDGE('',*,*,#2538,.T.);
#3273=ORIENTED_EDGE('',*,*,#2184,.T.);
#3274=ORIENTED_EDGE('',*,*,#2543,.F.);
#3275=ORIENTED_EDGE('',*,*,#2544,.F.);
#3276=ORIENTED_EDGE('',*,*,#2545,.T.);
#3277=ORIENTED_EDGE('',*,*,#2170,.T.);
#3278=ORIENTED_EDGE('',*,*,#2546,.F.);
#3279=ORIENTED_EDGE('',*,*,#2547,.F.);
#3280=ORIENTED_EDGE('',*,*,#2548,.T.);
#3281=ORIENTED_EDGE('',*,*,#2173,.T.);
#3282=ORIENTED_EDGE('',*,*,#2549,.F.);
#3283=ORIENTED_EDGE('',*,*,#2550,.F.);
#3284=ORIENTED_EDGE('',*,*,#2546,.T.);
#3285=ORIENTED_EDGE('',*,*,#2166,.T.);
#3286=ORIENTED_EDGE('',*,*,#2551,.F.);
#3287=ORIENTED_EDGE('',*,*,#2552,.F.);
#3288=ORIENTED_EDGE('',*,*,#2553,.T.);
#3289=ORIENTED_EDGE('',*,*,#2176,.T.);
#3290=ORIENTED_EDGE('',*,*,#2554,.F.);
#3291=ORIENTED_EDGE('',*,*,#2555,.F.);
#3292=ORIENTED_EDGE('',*,*,#2556,.T.);
#3293=ORIENTED_EDGE('',*,*,#2169,.T.);
#3294=ORIENTED_EDGE('',*,*,#2557,.F.);
#3295=ORIENTED_EDGE('',*,*,#2558,.F.);
#3296=ORIENTED_EDGE('',*,*,#2551,.T.);
#3297=ORIENTED_EDGE('',*,*,#2162,.T.);
#3298=ORIENTED_EDGE('',*,*,#2559,.F.);
#3299=ORIENTED_EDGE('',*,*,#2560,.F.);
#3300=ORIENTED_EDGE('',*,*,#2561,.T.);
#3301=ORIENTED_EDGE('',*,*,#2165,.T.);
#3302=ORIENTED_EDGE('',*,*,#2562,.F.);
#3303=ORIENTED_EDGE('',*,*,#2563,.F.);
#3304=ORIENTED_EDGE('',*,*,#2559,.T.);
#3305=ORIENTED_EDGE('',*,*,#2564,.F.);
#3306=ORIENTED_EDGE('',*,*,#2565,.T.);
#3307=ORIENTED_EDGE('',*,*,#2566,.F.);
#3308=ORIENTED_EDGE('',*,*,#2567,.F.);
#3309=ORIENTED_EDGE('',*,*,#2568,.T.);
#3310=ORIENTED_EDGE('',*,*,#2566,.T.);
#3311=ORIENTED_EDGE('',*,*,#2569,.T.);
#3312=ORIENTED_EDGE('',*,*,#2570,.T.);
#3313=ORIENTED_EDGE('',*,*,#2571,.F.);
#3314=ORIENTED_EDGE('',*,*,#2567,.T.);
#3315=ORIENTED_EDGE('',*,*,#2568,.F.);
#3316=ORIENTED_EDGE('',*,*,#2572,.F.);
#3317=ORIENTED_EDGE('',*,*,#2161,.F.);
#3318=ORIENTED_EDGE('',*,*,#2156,.F.);
#3319=ORIENTED_EDGE('',*,*,#2573,.T.);
#3320=ORIENTED_EDGE('',*,*,#2569,.F.);
#3321=ORIENTED_EDGE('',*,*,#2565,.F.);
#3322=ORIENTED_EDGE('',*,*,#2574,.F.);
#3323=ORIENTED_EDGE('',*,*,#2158,.T.);
#3324=ORIENTED_EDGE('',*,*,#2160,.F.);
#3325=ORIENTED_EDGE('',*,*,#2572,.T.);
#3326=ORIENTED_EDGE('',*,*,#2570,.F.);
#3327=ORIENTED_EDGE('',*,*,#2573,.F.);
#3328=ORIENTED_EDGE('',*,*,#2159,.F.);
#3329=ORIENTED_EDGE('',*,*,#2574,.T.);
#3330=ORIENTED_EDGE('',*,*,#2575,.F.);
#3331=ORIENTED_EDGE('',*,*,#2576,.F.);
#3332=ORIENTED_EDGE('',*,*,#2577,.F.);
#3333=ORIENTED_EDGE('',*,*,#2578,.F.);
#3334=ORIENTED_EDGE('',*,*,#2579,.T.);
#3335=ORIENTED_EDGE('',*,*,#2580,.F.);
#3336=ORIENTED_EDGE('',*,*,#2579,.F.);
#3337=ORIENTED_EDGE('',*,*,#2581,.F.);
#3338=ORIENTED_EDGE('',*,*,#2582,.T.);
#3339=ORIENTED_EDGE('',*,*,#2583,.F.);
#3340=ORIENTED_EDGE('',*,*,#2582,.F.);
#3341=ORIENTED_EDGE('',*,*,#2584,.T.);
#3342=ORIENTED_EDGE('',*,*,#2585,.T.);
#3343=ORIENTED_EDGE('',*,*,#2586,.T.);
#3344=ORIENTED_EDGE('',*,*,#2587,.T.);
#3345=ORIENTED_EDGE('',*,*,#2571,.T.);
#3346=ORIENTED_EDGE('',*,*,#2588,.T.);
#3347=ORIENTED_EDGE('',*,*,#2587,.F.);
#3348=ORIENTED_EDGE('',*,*,#2589,.F.);
#3349=ORIENTED_EDGE('',*,*,#2564,.T.);
#3350=ORIENTED_EDGE('',*,*,#2589,.T.);
#3351=ORIENTED_EDGE('',*,*,#2586,.F.);
#3352=ORIENTED_EDGE('',*,*,#2590,.F.);
#3353=ORIENTED_EDGE('',*,*,#2591,.F.);
#3354=ORIENTED_EDGE('',*,*,#2575,.T.);
#3355=ORIENTED_EDGE('',*,*,#2580,.T.);
#3356=ORIENTED_EDGE('',*,*,#2583,.T.);
#3357=ORIENTED_EDGE('',*,*,#2591,.T.);
#3358=ORIENTED_EDGE('',*,*,#2592,.T.);
#3359=ORIENTED_EDGE('',*,*,#2593,.T.);
#3360=ORIENTED_EDGE('',*,*,#2576,.T.);
#3361=ORIENTED_EDGE('',*,*,#2155,.T.);
#3362=ORIENTED_EDGE('',*,*,#2577,.T.);
#3363=ORIENTED_EDGE('',*,*,#2593,.F.);
#3364=ORIENTED_EDGE('',*,*,#2594,.F.);
#3365=ORIENTED_EDGE('',*,*,#2595,.T.);
#3366=ORIENTED_EDGE('',*,*,#2163,.T.);
#3367=ORIENTED_EDGE('',*,*,#2561,.F.);
#3368=ORIENTED_EDGE('',*,*,#2596,.F.);
#3369=ORIENTED_EDGE('',*,*,#2597,.T.);
#3370=ORIENTED_EDGE('',*,*,#2167,.T.);
#3371=ORIENTED_EDGE('',*,*,#2553,.F.);
#3372=ORIENTED_EDGE('',*,*,#2598,.F.);
#3373=ORIENTED_EDGE('',*,*,#2599,.T.);
#3374=ORIENTED_EDGE('',*,*,#2171,.T.);
#3375=ORIENTED_EDGE('',*,*,#2548,.F.);
#3376=ORIENTED_EDGE('',*,*,#2600,.F.);
#3377=ORIENTED_EDGE('',*,*,#2601,.T.);
#3378=ORIENTED_EDGE('',*,*,#2179,.T.);
#3379=ORIENTED_EDGE('',*,*,#2540,.F.);
#3380=ORIENTED_EDGE('',*,*,#2602,.F.);
#3381=ORIENTED_EDGE('',*,*,#2603,.T.);
#3382=ORIENTED_EDGE('',*,*,#2187,.T.);
#3383=ORIENTED_EDGE('',*,*,#2532,.F.);
#3384=ORIENTED_EDGE('',*,*,#2604,.F.);
#3385=ORIENTED_EDGE('',*,*,#2605,.T.);
#3386=ORIENTED_EDGE('',*,*,#2195,.T.);
#3387=ORIENTED_EDGE('',*,*,#2524,.F.);
#3388=ORIENTED_EDGE('',*,*,#2606,.F.);
#3389=ORIENTED_EDGE('',*,*,#2607,.T.);
#3390=ORIENTED_EDGE('',*,*,#2203,.T.);
#3391=ORIENTED_EDGE('',*,*,#2516,.F.);
#3392=ORIENTED_EDGE('',*,*,#2608,.F.);
#3393=ORIENTED_EDGE('',*,*,#2609,.T.);
#3394=ORIENTED_EDGE('',*,*,#2211,.T.);
#3395=ORIENTED_EDGE('',*,*,#2508,.F.);
#3396=ORIENTED_EDGE('',*,*,#2610,.F.);
#3397=ORIENTED_EDGE('',*,*,#2611,.T.);
#3398=ORIENTED_EDGE('',*,*,#2219,.T.);
#3399=ORIENTED_EDGE('',*,*,#2500,.F.);
#3400=ORIENTED_EDGE('',*,*,#2612,.F.);
#3401=ORIENTED_EDGE('',*,*,#2613,.T.);
#3402=ORIENTED_EDGE('',*,*,#2227,.T.);
#3403=ORIENTED_EDGE('',*,*,#2492,.F.);
#3404=ORIENTED_EDGE('',*,*,#2614,.F.);
#3405=ORIENTED_EDGE('',*,*,#2615,.T.);
#3406=ORIENTED_EDGE('',*,*,#2235,.T.);
#3407=ORIENTED_EDGE('',*,*,#2484,.F.);
#3408=ORIENTED_EDGE('',*,*,#2616,.F.);
#3409=ORIENTED_EDGE('',*,*,#2617,.T.);
#3410=ORIENTED_EDGE('',*,*,#2243,.T.);
#3411=ORIENTED_EDGE('',*,*,#2476,.F.);
#3412=ORIENTED_EDGE('',*,*,#2618,.F.);
#3413=ORIENTED_EDGE('',*,*,#2619,.T.);
#3414=ORIENTED_EDGE('',*,*,#2251,.T.);
#3415=ORIENTED_EDGE('',*,*,#2468,.F.);
#3416=ORIENTED_EDGE('',*,*,#2620,.F.);
#3417=ORIENTED_EDGE('',*,*,#2621,.T.);
#3418=ORIENTED_EDGE('',*,*,#2259,.T.);
#3419=ORIENTED_EDGE('',*,*,#2460,.F.);
#3420=ORIENTED_EDGE('',*,*,#2622,.F.);
#3421=ORIENTED_EDGE('',*,*,#2623,.T.);
#3422=ORIENTED_EDGE('',*,*,#2267,.T.);
#3423=ORIENTED_EDGE('',*,*,#2452,.F.);
#3424=ORIENTED_EDGE('',*,*,#2624,.F.);
#3425=ORIENTED_EDGE('',*,*,#2625,.T.);
#3426=ORIENTED_EDGE('',*,*,#2275,.T.);
#3427=ORIENTED_EDGE('',*,*,#2444,.F.);
#3428=ORIENTED_EDGE('',*,*,#2626,.F.);
#3429=ORIENTED_EDGE('',*,*,#2627,.T.);
#3430=ORIENTED_EDGE('',*,*,#2283,.T.);
#3431=ORIENTED_EDGE('',*,*,#2436,.F.);
#3432=ORIENTED_EDGE('',*,*,#2628,.F.);
#3433=ORIENTED_EDGE('',*,*,#2629,.T.);
#3434=ORIENTED_EDGE('',*,*,#2291,.T.);
#3435=ORIENTED_EDGE('',*,*,#2428,.F.);
#3436=ORIENTED_EDGE('',*,*,#2630,.F.);
#3437=ORIENTED_EDGE('',*,*,#2631,.T.);
#3438=ORIENTED_EDGE('',*,*,#2299,.T.);
#3439=ORIENTED_EDGE('',*,*,#2420,.F.);
#3440=ORIENTED_EDGE('',*,*,#2632,.F.);
#3441=ORIENTED_EDGE('',*,*,#2633,.T.);
#3442=ORIENTED_EDGE('',*,*,#2307,.T.);
#3443=ORIENTED_EDGE('',*,*,#2412,.F.);
#3444=ORIENTED_EDGE('',*,*,#2634,.F.);
#3445=ORIENTED_EDGE('',*,*,#2635,.T.);
#3446=ORIENTED_EDGE('',*,*,#2315,.T.);
#3447=ORIENTED_EDGE('',*,*,#2404,.F.);
#3448=ORIENTED_EDGE('',*,*,#2636,.F.);
#3449=ORIENTED_EDGE('',*,*,#2637,.T.);
#3450=ORIENTED_EDGE('',*,*,#2323,.T.);
#3451=ORIENTED_EDGE('',*,*,#2396,.F.);
#3452=ORIENTED_EDGE('',*,*,#2638,.F.);
#3453=ORIENTED_EDGE('',*,*,#2639,.T.);
#3454=ORIENTED_EDGE('',*,*,#2331,.T.);
#3455=ORIENTED_EDGE('',*,*,#2388,.F.);
#3456=ORIENTED_EDGE('',*,*,#2640,.F.);
#3457=ORIENTED_EDGE('',*,*,#2641,.T.);
#3458=ORIENTED_EDGE('',*,*,#2339,.T.);
#3459=ORIENTED_EDGE('',*,*,#2380,.F.);
#3460=ORIENTED_EDGE('',*,*,#2642,.F.);
#3461=ORIENTED_EDGE('',*,*,#2643,.T.);
#3462=ORIENTED_EDGE('',*,*,#2347,.T.);
#3463=ORIENTED_EDGE('',*,*,#2372,.F.);
#3464=ORIENTED_EDGE('',*,*,#2644,.F.);
#3465=ORIENTED_EDGE('',*,*,#2645,.T.);
#3466=ORIENTED_EDGE('',*,*,#2359,.T.);
#3467=ORIENTED_EDGE('',*,*,#2364,.F.);
#3468=ORIENTED_EDGE('',*,*,#2646,.F.);
#3469=ORIENTED_EDGE('',*,*,#2647,.T.);
#3470=ORIENTED_EDGE('',*,*,#2357,.T.);
#3471=ORIENTED_EDGE('',*,*,#2369,.F.);
#3472=ORIENTED_EDGE('',*,*,#2648,.F.);
#3473=ORIENTED_EDGE('',*,*,#2649,.T.);
#3474=ORIENTED_EDGE('',*,*,#2353,.T.);
#3475=ORIENTED_EDGE('',*,*,#2377,.F.);
#3476=ORIENTED_EDGE('',*,*,#2650,.F.);
#3477=ORIENTED_EDGE('',*,*,#2651,.T.);
#3478=ORIENTED_EDGE('',*,*,#2345,.T.);
#3479=ORIENTED_EDGE('',*,*,#2385,.F.);
#3480=ORIENTED_EDGE('',*,*,#2652,.F.);
#3481=ORIENTED_EDGE('',*,*,#2653,.T.);
#3482=ORIENTED_EDGE('',*,*,#2337,.T.);
#3483=ORIENTED_EDGE('',*,*,#2393,.F.);
#3484=ORIENTED_EDGE('',*,*,#2654,.F.);
#3485=ORIENTED_EDGE('',*,*,#2655,.T.);
#3486=ORIENTED_EDGE('',*,*,#2329,.T.);
#3487=ORIENTED_EDGE('',*,*,#2401,.F.);
#3488=ORIENTED_EDGE('',*,*,#2656,.F.);
#3489=ORIENTED_EDGE('',*,*,#2657,.T.);
#3490=ORIENTED_EDGE('',*,*,#2321,.T.);
#3491=ORIENTED_EDGE('',*,*,#2409,.F.);
#3492=ORIENTED_EDGE('',*,*,#2658,.F.);
#3493=ORIENTED_EDGE('',*,*,#2659,.T.);
#3494=ORIENTED_EDGE('',*,*,#2313,.T.);
#3495=ORIENTED_EDGE('',*,*,#2417,.F.);
#3496=ORIENTED_EDGE('',*,*,#2660,.F.);
#3497=ORIENTED_EDGE('',*,*,#2661,.T.);
#3498=ORIENTED_EDGE('',*,*,#2305,.T.);
#3499=ORIENTED_EDGE('',*,*,#2425,.F.);
#3500=ORIENTED_EDGE('',*,*,#2662,.F.);
#3501=ORIENTED_EDGE('',*,*,#2663,.T.);
#3502=ORIENTED_EDGE('',*,*,#2297,.T.);
#3503=ORIENTED_EDGE('',*,*,#2433,.F.);
#3504=ORIENTED_EDGE('',*,*,#2664,.F.);
#3505=ORIENTED_EDGE('',*,*,#2665,.T.);
#3506=ORIENTED_EDGE('',*,*,#2289,.T.);
#3507=ORIENTED_EDGE('',*,*,#2441,.F.);
#3508=ORIENTED_EDGE('',*,*,#2666,.F.);
#3509=ORIENTED_EDGE('',*,*,#2667,.T.);
#3510=ORIENTED_EDGE('',*,*,#2281,.T.);
#3511=ORIENTED_EDGE('',*,*,#2449,.F.);
#3512=ORIENTED_EDGE('',*,*,#2668,.F.);
#3513=ORIENTED_EDGE('',*,*,#2669,.T.);
#3514=ORIENTED_EDGE('',*,*,#2273,.T.);
#3515=ORIENTED_EDGE('',*,*,#2457,.F.);
#3516=ORIENTED_EDGE('',*,*,#2670,.F.);
#3517=ORIENTED_EDGE('',*,*,#2671,.T.);
#3518=ORIENTED_EDGE('',*,*,#2265,.T.);
#3519=ORIENTED_EDGE('',*,*,#2465,.F.);
#3520=ORIENTED_EDGE('',*,*,#2672,.F.);
#3521=ORIENTED_EDGE('',*,*,#2673,.T.);
#3522=ORIENTED_EDGE('',*,*,#2257,.T.);
#3523=ORIENTED_EDGE('',*,*,#2473,.F.);
#3524=ORIENTED_EDGE('',*,*,#2674,.F.);
#3525=ORIENTED_EDGE('',*,*,#2675,.T.);
#3526=ORIENTED_EDGE('',*,*,#2249,.T.);
#3527=ORIENTED_EDGE('',*,*,#2481,.F.);
#3528=ORIENTED_EDGE('',*,*,#2676,.F.);
#3529=ORIENTED_EDGE('',*,*,#2677,.T.);
#3530=ORIENTED_EDGE('',*,*,#2241,.T.);
#3531=ORIENTED_EDGE('',*,*,#2489,.F.);
#3532=ORIENTED_EDGE('',*,*,#2678,.F.);
#3533=ORIENTED_EDGE('',*,*,#2679,.T.);
#3534=ORIENTED_EDGE('',*,*,#2233,.T.);
#3535=ORIENTED_EDGE('',*,*,#2497,.F.);
#3536=ORIENTED_EDGE('',*,*,#2680,.F.);
#3537=ORIENTED_EDGE('',*,*,#2681,.T.);
#3538=ORIENTED_EDGE('',*,*,#2225,.T.);
#3539=ORIENTED_EDGE('',*,*,#2505,.F.);
#3540=ORIENTED_EDGE('',*,*,#2682,.F.);
#3541=ORIENTED_EDGE('',*,*,#2683,.T.);
#3542=ORIENTED_EDGE('',*,*,#2217,.T.);
#3543=ORIENTED_EDGE('',*,*,#2513,.F.);
#3544=ORIENTED_EDGE('',*,*,#2684,.F.);
#3545=ORIENTED_EDGE('',*,*,#2685,.T.);
#3546=ORIENTED_EDGE('',*,*,#2209,.T.);
#3547=ORIENTED_EDGE('',*,*,#2521,.F.);
#3548=ORIENTED_EDGE('',*,*,#2686,.F.);
#3549=ORIENTED_EDGE('',*,*,#2687,.T.);
#3550=ORIENTED_EDGE('',*,*,#2201,.T.);
#3551=ORIENTED_EDGE('',*,*,#2529,.F.);
#3552=ORIENTED_EDGE('',*,*,#2688,.F.);
#3553=ORIENTED_EDGE('',*,*,#2689,.T.);
#3554=ORIENTED_EDGE('',*,*,#2193,.T.);
#3555=ORIENTED_EDGE('',*,*,#2537,.F.);
#3556=ORIENTED_EDGE('',*,*,#2690,.F.);
#3557=ORIENTED_EDGE('',*,*,#2691,.T.);
#3558=ORIENTED_EDGE('',*,*,#2185,.T.);
#3559=ORIENTED_EDGE('',*,*,#2545,.F.);
#3560=ORIENTED_EDGE('',*,*,#2692,.F.);
#3561=ORIENTED_EDGE('',*,*,#2693,.T.);
#3562=ORIENTED_EDGE('',*,*,#2177,.T.);
#3563=ORIENTED_EDGE('',*,*,#2556,.F.);
#3564=ORIENTED_EDGE('',*,*,#2694,.T.);
#3565=ORIENTED_EDGE('',*,*,#2584,.F.);
#3566=ORIENTED_EDGE('',*,*,#2588,.F.);
#3567=ORIENTED_EDGE('',*,*,#2581,.T.);
#3568=ORIENTED_EDGE('',*,*,#2578,.T.);
#3569=ORIENTED_EDGE('',*,*,#2164,.T.);
#3570=ORIENTED_EDGE('',*,*,#2595,.F.);
#3571=ORIENTED_EDGE('',*,*,#2695,.F.);
#3572=ORIENTED_EDGE('',*,*,#2562,.T.);
#3573=ORIENTED_EDGE('',*,*,#2172,.T.);
#3574=ORIENTED_EDGE('',*,*,#2599,.F.);
#3575=ORIENTED_EDGE('',*,*,#2696,.F.);
#3576=ORIENTED_EDGE('',*,*,#2549,.T.);
#3577=ORIENTED_EDGE('',*,*,#2188,.T.);
#3578=ORIENTED_EDGE('',*,*,#2603,.F.);
#3579=ORIENTED_EDGE('',*,*,#2697,.F.);
#3580=ORIENTED_EDGE('',*,*,#2533,.T.);
#3581=ORIENTED_EDGE('',*,*,#2204,.T.);
#3582=ORIENTED_EDGE('',*,*,#2607,.F.);
#3583=ORIENTED_EDGE('',*,*,#2698,.F.);
#3584=ORIENTED_EDGE('',*,*,#2517,.T.);
#3585=ORIENTED_EDGE('',*,*,#2220,.T.);
#3586=ORIENTED_EDGE('',*,*,#2611,.F.);
#3587=ORIENTED_EDGE('',*,*,#2699,.F.);
#3588=ORIENTED_EDGE('',*,*,#2501,.T.);
#3589=ORIENTED_EDGE('',*,*,#2236,.T.);
#3590=ORIENTED_EDGE('',*,*,#2615,.F.);
#3591=ORIENTED_EDGE('',*,*,#2700,.F.);
#3592=ORIENTED_EDGE('',*,*,#2485,.T.);
#3593=ORIENTED_EDGE('',*,*,#2252,.T.);
#3594=ORIENTED_EDGE('',*,*,#2619,.F.);
#3595=ORIENTED_EDGE('',*,*,#2701,.F.);
#3596=ORIENTED_EDGE('',*,*,#2469,.T.);
#3597=ORIENTED_EDGE('',*,*,#2268,.T.);
#3598=ORIENTED_EDGE('',*,*,#2623,.F.);
#3599=ORIENTED_EDGE('',*,*,#2702,.F.);
#3600=ORIENTED_EDGE('',*,*,#2453,.T.);
#3601=ORIENTED_EDGE('',*,*,#2284,.T.);
#3602=ORIENTED_EDGE('',*,*,#2627,.F.);
#3603=ORIENTED_EDGE('',*,*,#2703,.F.);
#3604=ORIENTED_EDGE('',*,*,#2437,.T.);
#3605=ORIENTED_EDGE('',*,*,#2300,.T.);
#3606=ORIENTED_EDGE('',*,*,#2631,.F.);
#3607=ORIENTED_EDGE('',*,*,#2704,.F.);
#3608=ORIENTED_EDGE('',*,*,#2421,.T.);
#3609=ORIENTED_EDGE('',*,*,#2316,.T.);
#3610=ORIENTED_EDGE('',*,*,#2635,.F.);
#3611=ORIENTED_EDGE('',*,*,#2705,.F.);
#3612=ORIENTED_EDGE('',*,*,#2405,.T.);
#3613=ORIENTED_EDGE('',*,*,#2332,.T.);
#3614=ORIENTED_EDGE('',*,*,#2639,.F.);
#3615=ORIENTED_EDGE('',*,*,#2706,.F.);
#3616=ORIENTED_EDGE('',*,*,#2389,.T.);
#3617=ORIENTED_EDGE('',*,*,#2348,.T.);
#3618=ORIENTED_EDGE('',*,*,#2643,.F.);
#3619=ORIENTED_EDGE('',*,*,#2707,.F.);
#3620=ORIENTED_EDGE('',*,*,#2373,.T.);
#3621=ORIENTED_EDGE('',*,*,#2355,.T.);
#3622=ORIENTED_EDGE('',*,*,#2708,.F.);
#3623=ORIENTED_EDGE('',*,*,#2709,.F.);
#3624=ORIENTED_EDGE('',*,*,#2367,.T.);
#3625=ORIENTED_EDGE('',*,*,#2354,.T.);
#3626=ORIENTED_EDGE('',*,*,#2647,.F.);
#3627=ORIENTED_EDGE('',*,*,#2710,.F.);
#3628=ORIENTED_EDGE('',*,*,#2708,.T.);
#3629=ORIENTED_EDGE('',*,*,#2343,.T.);
#3630=ORIENTED_EDGE('',*,*,#2711,.F.);
#3631=ORIENTED_EDGE('',*,*,#2712,.F.);
#3632=ORIENTED_EDGE('',*,*,#2383,.T.);
#3633=ORIENTED_EDGE('',*,*,#2342,.T.);
#3634=ORIENTED_EDGE('',*,*,#2651,.F.);
#3635=ORIENTED_EDGE('',*,*,#2713,.F.);
#3636=ORIENTED_EDGE('',*,*,#2711,.T.);
#3637=ORIENTED_EDGE('',*,*,#2327,.T.);
#3638=ORIENTED_EDGE('',*,*,#2714,.F.);
#3639=ORIENTED_EDGE('',*,*,#2715,.F.);
#3640=ORIENTED_EDGE('',*,*,#2399,.T.);
#3641=ORIENTED_EDGE('',*,*,#2326,.T.);
#3642=ORIENTED_EDGE('',*,*,#2655,.F.);
#3643=ORIENTED_EDGE('',*,*,#2716,.F.);
#3644=ORIENTED_EDGE('',*,*,#2714,.T.);
#3645=ORIENTED_EDGE('',*,*,#2311,.T.);
#3646=ORIENTED_EDGE('',*,*,#2717,.F.);
#3647=ORIENTED_EDGE('',*,*,#2718,.F.);
#3648=ORIENTED_EDGE('',*,*,#2415,.T.);
#3649=ORIENTED_EDGE('',*,*,#2310,.T.);
#3650=ORIENTED_EDGE('',*,*,#2659,.F.);
#3651=ORIENTED_EDGE('',*,*,#2719,.F.);
#3652=ORIENTED_EDGE('',*,*,#2717,.T.);
#3653=ORIENTED_EDGE('',*,*,#2295,.T.);
#3654=ORIENTED_EDGE('',*,*,#2720,.F.);
#3655=ORIENTED_EDGE('',*,*,#2721,.F.);
#3656=ORIENTED_EDGE('',*,*,#2431,.T.);
#3657=ORIENTED_EDGE('',*,*,#2294,.T.);
#3658=ORIENTED_EDGE('',*,*,#2663,.F.);
#3659=ORIENTED_EDGE('',*,*,#2722,.F.);
#3660=ORIENTED_EDGE('',*,*,#2720,.T.);
#3661=ORIENTED_EDGE('',*,*,#2279,.T.);
#3662=ORIENTED_EDGE('',*,*,#2723,.F.);
#3663=ORIENTED_EDGE('',*,*,#2724,.F.);
#3664=ORIENTED_EDGE('',*,*,#2447,.T.);
#3665=ORIENTED_EDGE('',*,*,#2278,.T.);
#3666=ORIENTED_EDGE('',*,*,#2667,.F.);
#3667=ORIENTED_EDGE('',*,*,#2725,.F.);
#3668=ORIENTED_EDGE('',*,*,#2723,.T.);
#3669=ORIENTED_EDGE('',*,*,#2263,.T.);
#3670=ORIENTED_EDGE('',*,*,#2726,.F.);
#3671=ORIENTED_EDGE('',*,*,#2727,.F.);
#3672=ORIENTED_EDGE('',*,*,#2463,.T.);
#3673=ORIENTED_EDGE('',*,*,#2262,.T.);
#3674=ORIENTED_EDGE('',*,*,#2671,.F.);
#3675=ORIENTED_EDGE('',*,*,#2728,.F.);
#3676=ORIENTED_EDGE('',*,*,#2726,.T.);
#3677=ORIENTED_EDGE('',*,*,#2247,.T.);
#3678=ORIENTED_EDGE('',*,*,#2729,.F.);
#3679=ORIENTED_EDGE('',*,*,#2730,.F.);
#3680=ORIENTED_EDGE('',*,*,#2479,.T.);
#3681=ORIENTED_EDGE('',*,*,#2246,.T.);
#3682=ORIENTED_EDGE('',*,*,#2675,.F.);
#3683=ORIENTED_EDGE('',*,*,#2731,.F.);
#3684=ORIENTED_EDGE('',*,*,#2729,.T.);
#3685=ORIENTED_EDGE('',*,*,#2231,.T.);
#3686=ORIENTED_EDGE('',*,*,#2732,.F.);
#3687=ORIENTED_EDGE('',*,*,#2733,.F.);
#3688=ORIENTED_EDGE('',*,*,#2495,.T.);
#3689=ORIENTED_EDGE('',*,*,#2230,.T.);
#3690=ORIENTED_EDGE('',*,*,#2679,.F.);
#3691=ORIENTED_EDGE('',*,*,#2734,.F.);
#3692=ORIENTED_EDGE('',*,*,#2732,.T.);
#3693=ORIENTED_EDGE('',*,*,#2215,.T.);
#3694=ORIENTED_EDGE('',*,*,#2735,.F.);
#3695=ORIENTED_EDGE('',*,*,#2736,.F.);
#3696=ORIENTED_EDGE('',*,*,#2511,.T.);
#3697=ORIENTED_EDGE('',*,*,#2214,.T.);
#3698=ORIENTED_EDGE('',*,*,#2683,.F.);
#3699=ORIENTED_EDGE('',*,*,#2737,.F.);
#3700=ORIENTED_EDGE('',*,*,#2735,.T.);
#3701=ORIENTED_EDGE('',*,*,#2199,.T.);
#3702=ORIENTED_EDGE('',*,*,#2738,.F.);
#3703=ORIENTED_EDGE('',*,*,#2739,.F.);
#3704=ORIENTED_EDGE('',*,*,#2527,.T.);
#3705=ORIENTED_EDGE('',*,*,#2198,.T.);
#3706=ORIENTED_EDGE('',*,*,#2687,.F.);
#3707=ORIENTED_EDGE('',*,*,#2740,.F.);
#3708=ORIENTED_EDGE('',*,*,#2738,.T.);
#3709=ORIENTED_EDGE('',*,*,#2183,.T.);
#3710=ORIENTED_EDGE('',*,*,#2741,.F.);
#3711=ORIENTED_EDGE('',*,*,#2742,.F.);
#3712=ORIENTED_EDGE('',*,*,#2543,.T.);
#3713=ORIENTED_EDGE('',*,*,#2182,.T.);
#3714=ORIENTED_EDGE('',*,*,#2691,.F.);
#3715=ORIENTED_EDGE('',*,*,#2743,.F.);
#3716=ORIENTED_EDGE('',*,*,#2741,.T.);
#3717=ORIENTED_EDGE('',*,*,#2175,.T.);
#3718=ORIENTED_EDGE('',*,*,#2744,.F.);
#3719=ORIENTED_EDGE('',*,*,#2745,.F.);
#3720=ORIENTED_EDGE('',*,*,#2554,.T.);
#3721=ORIENTED_EDGE('',*,*,#2174,.T.);
#3722=ORIENTED_EDGE('',*,*,#2693,.F.);
#3723=ORIENTED_EDGE('',*,*,#2746,.F.);
#3724=ORIENTED_EDGE('',*,*,#2744,.T.);
#3725=ORIENTED_EDGE('',*,*,#2191,.T.);
#3726=ORIENTED_EDGE('',*,*,#2747,.F.);
#3727=ORIENTED_EDGE('',*,*,#2748,.F.);
#3728=ORIENTED_EDGE('',*,*,#2535,.T.);
#3729=ORIENTED_EDGE('',*,*,#2190,.T.);
#3730=ORIENTED_EDGE('',*,*,#2689,.F.);
#3731=ORIENTED_EDGE('',*,*,#2749,.F.);
#3732=ORIENTED_EDGE('',*,*,#2747,.T.);
#3733=ORIENTED_EDGE('',*,*,#2207,.T.);
#3734=ORIENTED_EDGE('',*,*,#2750,.F.);
#3735=ORIENTED_EDGE('',*,*,#2751,.F.);
#3736=ORIENTED_EDGE('',*,*,#2519,.T.);
#3737=ORIENTED_EDGE('',*,*,#2206,.T.);
#3738=ORIENTED_EDGE('',*,*,#2685,.F.);
#3739=ORIENTED_EDGE('',*,*,#2752,.F.);
#3740=ORIENTED_EDGE('',*,*,#2750,.T.);
#3741=ORIENTED_EDGE('',*,*,#2223,.T.);
#3742=ORIENTED_EDGE('',*,*,#2753,.F.);
#3743=ORIENTED_EDGE('',*,*,#2754,.F.);
#3744=ORIENTED_EDGE('',*,*,#2503,.T.);
#3745=ORIENTED_EDGE('',*,*,#2222,.T.);
#3746=ORIENTED_EDGE('',*,*,#2681,.F.);
#3747=ORIENTED_EDGE('',*,*,#2755,.F.);
#3748=ORIENTED_EDGE('',*,*,#2753,.T.);
#3749=ORIENTED_EDGE('',*,*,#2239,.T.);
#3750=ORIENTED_EDGE('',*,*,#2756,.F.);
#3751=ORIENTED_EDGE('',*,*,#2757,.F.);
#3752=ORIENTED_EDGE('',*,*,#2487,.T.);
#3753=ORIENTED_EDGE('',*,*,#2238,.T.);
#3754=ORIENTED_EDGE('',*,*,#2677,.F.);
#3755=ORIENTED_EDGE('',*,*,#2758,.F.);
#3756=ORIENTED_EDGE('',*,*,#2756,.T.);
#3757=ORIENTED_EDGE('',*,*,#2255,.T.);
#3758=ORIENTED_EDGE('',*,*,#2759,.F.);
#3759=ORIENTED_EDGE('',*,*,#2760,.F.);
#3760=ORIENTED_EDGE('',*,*,#2471,.T.);
#3761=ORIENTED_EDGE('',*,*,#2254,.T.);
#3762=ORIENTED_EDGE('',*,*,#2673,.F.);
#3763=ORIENTED_EDGE('',*,*,#2761,.F.);
#3764=ORIENTED_EDGE('',*,*,#2759,.T.);
#3765=ORIENTED_EDGE('',*,*,#2271,.T.);
#3766=ORIENTED_EDGE('',*,*,#2762,.F.);
#3767=ORIENTED_EDGE('',*,*,#2763,.F.);
#3768=ORIENTED_EDGE('',*,*,#2455,.T.);
#3769=ORIENTED_EDGE('',*,*,#2270,.T.);
#3770=ORIENTED_EDGE('',*,*,#2669,.F.);
#3771=ORIENTED_EDGE('',*,*,#2764,.F.);
#3772=ORIENTED_EDGE('',*,*,#2762,.T.);
#3773=ORIENTED_EDGE('',*,*,#2287,.T.);
#3774=ORIENTED_EDGE('',*,*,#2765,.F.);
#3775=ORIENTED_EDGE('',*,*,#2766,.F.);
#3776=ORIENTED_EDGE('',*,*,#2439,.T.);
#3777=ORIENTED_EDGE('',*,*,#2286,.T.);
#3778=ORIENTED_EDGE('',*,*,#2665,.F.);
#3779=ORIENTED_EDGE('',*,*,#2767,.F.);
#3780=ORIENTED_EDGE('',*,*,#2765,.T.);
#3781=ORIENTED_EDGE('',*,*,#2303,.T.);
#3782=ORIENTED_EDGE('',*,*,#2768,.F.);
#3783=ORIENTED_EDGE('',*,*,#2769,.F.);
#3784=ORIENTED_EDGE('',*,*,#2423,.T.);
#3785=ORIENTED_EDGE('',*,*,#2302,.T.);
#3786=ORIENTED_EDGE('',*,*,#2661,.F.);
#3787=ORIENTED_EDGE('',*,*,#2770,.F.);
#3788=ORIENTED_EDGE('',*,*,#2768,.T.);
#3789=ORIENTED_EDGE('',*,*,#2319,.T.);
#3790=ORIENTED_EDGE('',*,*,#2771,.F.);
#3791=ORIENTED_EDGE('',*,*,#2772,.F.);
#3792=ORIENTED_EDGE('',*,*,#2407,.T.);
#3793=ORIENTED_EDGE('',*,*,#2318,.T.);
#3794=ORIENTED_EDGE('',*,*,#2657,.F.);
#3795=ORIENTED_EDGE('',*,*,#2773,.F.);
#3796=ORIENTED_EDGE('',*,*,#2771,.T.);
#3797=ORIENTED_EDGE('',*,*,#2335,.T.);
#3798=ORIENTED_EDGE('',*,*,#2774,.F.);
#3799=ORIENTED_EDGE('',*,*,#2775,.F.);
#3800=ORIENTED_EDGE('',*,*,#2391,.T.);
#3801=ORIENTED_EDGE('',*,*,#2334,.T.);
#3802=ORIENTED_EDGE('',*,*,#2653,.F.);
#3803=ORIENTED_EDGE('',*,*,#2776,.F.);
#3804=ORIENTED_EDGE('',*,*,#2774,.T.);
#3805=ORIENTED_EDGE('',*,*,#2351,.T.);
#3806=ORIENTED_EDGE('',*,*,#2777,.F.);
#3807=ORIENTED_EDGE('',*,*,#2778,.F.);
#3808=ORIENTED_EDGE('',*,*,#2375,.T.);
#3809=ORIENTED_EDGE('',*,*,#2350,.T.);
#3810=ORIENTED_EDGE('',*,*,#2649,.F.);
#3811=ORIENTED_EDGE('',*,*,#2779,.F.);
#3812=ORIENTED_EDGE('',*,*,#2777,.T.);
#3813=ORIENTED_EDGE('',*,*,#2360,.T.);
#3814=ORIENTED_EDGE('',*,*,#2645,.F.);
#3815=ORIENTED_EDGE('',*,*,#2780,.F.);
#3816=ORIENTED_EDGE('',*,*,#2365,.T.);
#3817=ORIENTED_EDGE('',*,*,#2340,.T.);
#3818=ORIENTED_EDGE('',*,*,#2641,.F.);
#3819=ORIENTED_EDGE('',*,*,#2781,.F.);
#3820=ORIENTED_EDGE('',*,*,#2381,.T.);
#3821=ORIENTED_EDGE('',*,*,#2324,.T.);
#3822=ORIENTED_EDGE('',*,*,#2637,.F.);
#3823=ORIENTED_EDGE('',*,*,#2782,.F.);
#3824=ORIENTED_EDGE('',*,*,#2397,.T.);
#3825=ORIENTED_EDGE('',*,*,#2308,.T.);
#3826=ORIENTED_EDGE('',*,*,#2633,.F.);
#3827=ORIENTED_EDGE('',*,*,#2783,.F.);
#3828=ORIENTED_EDGE('',*,*,#2413,.T.);
#3829=ORIENTED_EDGE('',*,*,#2292,.T.);
#3830=ORIENTED_EDGE('',*,*,#2629,.F.);
#3831=ORIENTED_EDGE('',*,*,#2784,.F.);
#3832=ORIENTED_EDGE('',*,*,#2429,.T.);
#3833=ORIENTED_EDGE('',*,*,#2276,.T.);
#3834=ORIENTED_EDGE('',*,*,#2625,.F.);
#3835=ORIENTED_EDGE('',*,*,#2785,.F.);
#3836=ORIENTED_EDGE('',*,*,#2445,.T.);
#3837=ORIENTED_EDGE('',*,*,#2260,.T.);
#3838=ORIENTED_EDGE('',*,*,#2621,.F.);
#3839=ORIENTED_EDGE('',*,*,#2786,.F.);
#3840=ORIENTED_EDGE('',*,*,#2461,.T.);
#3841=ORIENTED_EDGE('',*,*,#2244,.T.);
#3842=ORIENTED_EDGE('',*,*,#2617,.F.);
#3843=ORIENTED_EDGE('',*,*,#2787,.F.);
#3844=ORIENTED_EDGE('',*,*,#2477,.T.);
#3845=ORIENTED_EDGE('',*,*,#2228,.T.);
#3846=ORIENTED_EDGE('',*,*,#2613,.F.);
#3847=ORIENTED_EDGE('',*,*,#2788,.F.);
#3848=ORIENTED_EDGE('',*,*,#2493,.T.);
#3849=ORIENTED_EDGE('',*,*,#2212,.T.);
#3850=ORIENTED_EDGE('',*,*,#2609,.F.);
#3851=ORIENTED_EDGE('',*,*,#2789,.F.);
#3852=ORIENTED_EDGE('',*,*,#2509,.T.);
#3853=ORIENTED_EDGE('',*,*,#2196,.T.);
#3854=ORIENTED_EDGE('',*,*,#2605,.F.);
#3855=ORIENTED_EDGE('',*,*,#2790,.F.);
#3856=ORIENTED_EDGE('',*,*,#2525,.T.);
#3857=ORIENTED_EDGE('',*,*,#2180,.T.);
#3858=ORIENTED_EDGE('',*,*,#2601,.F.);
#3859=ORIENTED_EDGE('',*,*,#2791,.F.);
#3860=ORIENTED_EDGE('',*,*,#2541,.T.);
#3861=ORIENTED_EDGE('',*,*,#2585,.F.);
#3862=ORIENTED_EDGE('',*,*,#2694,.F.);
#3863=ORIENTED_EDGE('',*,*,#2555,.T.);
#3864=ORIENTED_EDGE('',*,*,#2745,.T.);
#3865=ORIENTED_EDGE('',*,*,#2746,.T.);
#3866=ORIENTED_EDGE('',*,*,#2692,.T.);
#3867=ORIENTED_EDGE('',*,*,#2544,.T.);
#3868=ORIENTED_EDGE('',*,*,#2742,.T.);
#3869=ORIENTED_EDGE('',*,*,#2743,.T.);
#3870=ORIENTED_EDGE('',*,*,#2690,.T.);
#3871=ORIENTED_EDGE('',*,*,#2536,.T.);
#3872=ORIENTED_EDGE('',*,*,#2748,.T.);
#3873=ORIENTED_EDGE('',*,*,#2749,.T.);
#3874=ORIENTED_EDGE('',*,*,#2688,.T.);
#3875=ORIENTED_EDGE('',*,*,#2528,.T.);
#3876=ORIENTED_EDGE('',*,*,#2739,.T.);
#3877=ORIENTED_EDGE('',*,*,#2740,.T.);
#3878=ORIENTED_EDGE('',*,*,#2686,.T.);
#3879=ORIENTED_EDGE('',*,*,#2520,.T.);
#3880=ORIENTED_EDGE('',*,*,#2751,.T.);
#3881=ORIENTED_EDGE('',*,*,#2752,.T.);
#3882=ORIENTED_EDGE('',*,*,#2684,.T.);
#3883=ORIENTED_EDGE('',*,*,#2512,.T.);
#3884=ORIENTED_EDGE('',*,*,#2736,.T.);
#3885=ORIENTED_EDGE('',*,*,#2737,.T.);
#3886=ORIENTED_EDGE('',*,*,#2682,.T.);
#3887=ORIENTED_EDGE('',*,*,#2504,.T.);
#3888=ORIENTED_EDGE('',*,*,#2754,.T.);
#3889=ORIENTED_EDGE('',*,*,#2755,.T.);
#3890=ORIENTED_EDGE('',*,*,#2680,.T.);
#3891=ORIENTED_EDGE('',*,*,#2496,.T.);
#3892=ORIENTED_EDGE('',*,*,#2733,.T.);
#3893=ORIENTED_EDGE('',*,*,#2734,.T.);
#3894=ORIENTED_EDGE('',*,*,#2678,.T.);
#3895=ORIENTED_EDGE('',*,*,#2488,.T.);
#3896=ORIENTED_EDGE('',*,*,#2757,.T.);
#3897=ORIENTED_EDGE('',*,*,#2758,.T.);
#3898=ORIENTED_EDGE('',*,*,#2676,.T.);
#3899=ORIENTED_EDGE('',*,*,#2480,.T.);
#3900=ORIENTED_EDGE('',*,*,#2730,.T.);
#3901=ORIENTED_EDGE('',*,*,#2731,.T.);
#3902=ORIENTED_EDGE('',*,*,#2674,.T.);
#3903=ORIENTED_EDGE('',*,*,#2472,.T.);
#3904=ORIENTED_EDGE('',*,*,#2760,.T.);
#3905=ORIENTED_EDGE('',*,*,#2761,.T.);
#3906=ORIENTED_EDGE('',*,*,#2672,.T.);
#3907=ORIENTED_EDGE('',*,*,#2464,.T.);
#3908=ORIENTED_EDGE('',*,*,#2727,.T.);
#3909=ORIENTED_EDGE('',*,*,#2728,.T.);
#3910=ORIENTED_EDGE('',*,*,#2670,.T.);
#3911=ORIENTED_EDGE('',*,*,#2456,.T.);
#3912=ORIENTED_EDGE('',*,*,#2763,.T.);
#3913=ORIENTED_EDGE('',*,*,#2764,.T.);
#3914=ORIENTED_EDGE('',*,*,#2668,.T.);
#3915=ORIENTED_EDGE('',*,*,#2448,.T.);
#3916=ORIENTED_EDGE('',*,*,#2724,.T.);
#3917=ORIENTED_EDGE('',*,*,#2725,.T.);
#3918=ORIENTED_EDGE('',*,*,#2666,.T.);
#3919=ORIENTED_EDGE('',*,*,#2440,.T.);
#3920=ORIENTED_EDGE('',*,*,#2766,.T.);
#3921=ORIENTED_EDGE('',*,*,#2767,.T.);
#3922=ORIENTED_EDGE('',*,*,#2664,.T.);
#3923=ORIENTED_EDGE('',*,*,#2432,.T.);
#3924=ORIENTED_EDGE('',*,*,#2721,.T.);
#3925=ORIENTED_EDGE('',*,*,#2722,.T.);
#3926=ORIENTED_EDGE('',*,*,#2662,.T.);
#3927=ORIENTED_EDGE('',*,*,#2424,.T.);
#3928=ORIENTED_EDGE('',*,*,#2769,.T.);
#3929=ORIENTED_EDGE('',*,*,#2770,.T.);
#3930=ORIENTED_EDGE('',*,*,#2660,.T.);
#3931=ORIENTED_EDGE('',*,*,#2416,.T.);
#3932=ORIENTED_EDGE('',*,*,#2718,.T.);
#3933=ORIENTED_EDGE('',*,*,#2719,.T.);
#3934=ORIENTED_EDGE('',*,*,#2658,.T.);
#3935=ORIENTED_EDGE('',*,*,#2408,.T.);
#3936=ORIENTED_EDGE('',*,*,#2772,.T.);
#3937=ORIENTED_EDGE('',*,*,#2773,.T.);
#3938=ORIENTED_EDGE('',*,*,#2656,.T.);
#3939=ORIENTED_EDGE('',*,*,#2400,.T.);
#3940=ORIENTED_EDGE('',*,*,#2715,.T.);
#3941=ORIENTED_EDGE('',*,*,#2716,.T.);
#3942=ORIENTED_EDGE('',*,*,#2654,.T.);
#3943=ORIENTED_EDGE('',*,*,#2392,.T.);
#3944=ORIENTED_EDGE('',*,*,#2775,.T.);
#3945=ORIENTED_EDGE('',*,*,#2776,.T.);
#3946=ORIENTED_EDGE('',*,*,#2652,.T.);
#3947=ORIENTED_EDGE('',*,*,#2384,.T.);
#3948=ORIENTED_EDGE('',*,*,#2712,.T.);
#3949=ORIENTED_EDGE('',*,*,#2713,.T.);
#3950=ORIENTED_EDGE('',*,*,#2650,.T.);
#3951=ORIENTED_EDGE('',*,*,#2376,.T.);
#3952=ORIENTED_EDGE('',*,*,#2778,.T.);
#3953=ORIENTED_EDGE('',*,*,#2779,.T.);
#3954=ORIENTED_EDGE('',*,*,#2648,.T.);
#3955=ORIENTED_EDGE('',*,*,#2368,.T.);
#3956=ORIENTED_EDGE('',*,*,#2709,.T.);
#3957=ORIENTED_EDGE('',*,*,#2710,.T.);
#3958=ORIENTED_EDGE('',*,*,#2646,.T.);
#3959=ORIENTED_EDGE('',*,*,#2363,.T.);
#3960=ORIENTED_EDGE('',*,*,#2366,.T.);
#3961=ORIENTED_EDGE('',*,*,#2780,.T.);
#3962=ORIENTED_EDGE('',*,*,#2644,.T.);
#3963=ORIENTED_EDGE('',*,*,#2371,.T.);
#3964=ORIENTED_EDGE('',*,*,#2374,.T.);
#3965=ORIENTED_EDGE('',*,*,#2707,.T.);
#3966=ORIENTED_EDGE('',*,*,#2642,.T.);
#3967=ORIENTED_EDGE('',*,*,#2379,.T.);
#3968=ORIENTED_EDGE('',*,*,#2382,.T.);
#3969=ORIENTED_EDGE('',*,*,#2781,.T.);
#3970=ORIENTED_EDGE('',*,*,#2640,.T.);
#3971=ORIENTED_EDGE('',*,*,#2387,.T.);
#3972=ORIENTED_EDGE('',*,*,#2390,.T.);
#3973=ORIENTED_EDGE('',*,*,#2706,.T.);
#3974=ORIENTED_EDGE('',*,*,#2638,.T.);
#3975=ORIENTED_EDGE('',*,*,#2395,.T.);
#3976=ORIENTED_EDGE('',*,*,#2398,.T.);
#3977=ORIENTED_EDGE('',*,*,#2782,.T.);
#3978=ORIENTED_EDGE('',*,*,#2636,.T.);
#3979=ORIENTED_EDGE('',*,*,#2403,.T.);
#3980=ORIENTED_EDGE('',*,*,#2406,.T.);
#3981=ORIENTED_EDGE('',*,*,#2705,.T.);
#3982=ORIENTED_EDGE('',*,*,#2634,.T.);
#3983=ORIENTED_EDGE('',*,*,#2411,.T.);
#3984=ORIENTED_EDGE('',*,*,#2414,.T.);
#3985=ORIENTED_EDGE('',*,*,#2783,.T.);
#3986=ORIENTED_EDGE('',*,*,#2632,.T.);
#3987=ORIENTED_EDGE('',*,*,#2419,.T.);
#3988=ORIENTED_EDGE('',*,*,#2422,.T.);
#3989=ORIENTED_EDGE('',*,*,#2704,.T.);
#3990=ORIENTED_EDGE('',*,*,#2630,.T.);
#3991=ORIENTED_EDGE('',*,*,#2427,.T.);
#3992=ORIENTED_EDGE('',*,*,#2430,.T.);
#3993=ORIENTED_EDGE('',*,*,#2784,.T.);
#3994=ORIENTED_EDGE('',*,*,#2628,.T.);
#3995=ORIENTED_EDGE('',*,*,#2435,.T.);
#3996=ORIENTED_EDGE('',*,*,#2438,.T.);
#3997=ORIENTED_EDGE('',*,*,#2703,.T.);
#3998=ORIENTED_EDGE('',*,*,#2626,.T.);
#3999=ORIENTED_EDGE('',*,*,#2443,.T.);
#4000=ORIENTED_EDGE('',*,*,#2446,.T.);
#4001=ORIENTED_EDGE('',*,*,#2785,.T.);
#4002=ORIENTED_EDGE('',*,*,#2624,.T.);
#4003=ORIENTED_EDGE('',*,*,#2451,.T.);
#4004=ORIENTED_EDGE('',*,*,#2454,.T.);
#4005=ORIENTED_EDGE('',*,*,#2702,.T.);
#4006=ORIENTED_EDGE('',*,*,#2622,.T.);
#4007=ORIENTED_EDGE('',*,*,#2459,.T.);
#4008=ORIENTED_EDGE('',*,*,#2462,.T.);
#4009=ORIENTED_EDGE('',*,*,#2786,.T.);
#4010=ORIENTED_EDGE('',*,*,#2620,.T.);
#4011=ORIENTED_EDGE('',*,*,#2467,.T.);
#4012=ORIENTED_EDGE('',*,*,#2470,.T.);
#4013=ORIENTED_EDGE('',*,*,#2701,.T.);
#4014=ORIENTED_EDGE('',*,*,#2618,.T.);
#4015=ORIENTED_EDGE('',*,*,#2475,.T.);
#4016=ORIENTED_EDGE('',*,*,#2478,.T.);
#4017=ORIENTED_EDGE('',*,*,#2787,.T.);
#4018=ORIENTED_EDGE('',*,*,#2616,.T.);
#4019=ORIENTED_EDGE('',*,*,#2483,.T.);
#4020=ORIENTED_EDGE('',*,*,#2486,.T.);
#4021=ORIENTED_EDGE('',*,*,#2700,.T.);
#4022=ORIENTED_EDGE('',*,*,#2614,.T.);
#4023=ORIENTED_EDGE('',*,*,#2491,.T.);
#4024=ORIENTED_EDGE('',*,*,#2494,.T.);
#4025=ORIENTED_EDGE('',*,*,#2788,.T.);
#4026=ORIENTED_EDGE('',*,*,#2612,.T.);
#4027=ORIENTED_EDGE('',*,*,#2499,.T.);
#4028=ORIENTED_EDGE('',*,*,#2502,.T.);
#4029=ORIENTED_EDGE('',*,*,#2699,.T.);
#4030=ORIENTED_EDGE('',*,*,#2610,.T.);
#4031=ORIENTED_EDGE('',*,*,#2507,.T.);
#4032=ORIENTED_EDGE('',*,*,#2510,.T.);
#4033=ORIENTED_EDGE('',*,*,#2789,.T.);
#4034=ORIENTED_EDGE('',*,*,#2608,.T.);
#4035=ORIENTED_EDGE('',*,*,#2515,.T.);
#4036=ORIENTED_EDGE('',*,*,#2518,.T.);
#4037=ORIENTED_EDGE('',*,*,#2698,.T.);
#4038=ORIENTED_EDGE('',*,*,#2606,.T.);
#4039=ORIENTED_EDGE('',*,*,#2523,.T.);
#4040=ORIENTED_EDGE('',*,*,#2526,.T.);
#4041=ORIENTED_EDGE('',*,*,#2790,.T.);
#4042=ORIENTED_EDGE('',*,*,#2604,.T.);
#4043=ORIENTED_EDGE('',*,*,#2531,.T.);
#4044=ORIENTED_EDGE('',*,*,#2534,.T.);
#4045=ORIENTED_EDGE('',*,*,#2697,.T.);
#4046=ORIENTED_EDGE('',*,*,#2602,.T.);
#4047=ORIENTED_EDGE('',*,*,#2539,.T.);
#4048=ORIENTED_EDGE('',*,*,#2542,.T.);
#4049=ORIENTED_EDGE('',*,*,#2791,.T.);
#4050=ORIENTED_EDGE('',*,*,#2600,.T.);
#4051=ORIENTED_EDGE('',*,*,#2547,.T.);
#4052=ORIENTED_EDGE('',*,*,#2550,.T.);
#4053=ORIENTED_EDGE('',*,*,#2696,.T.);
#4054=ORIENTED_EDGE('',*,*,#2598,.T.);
#4055=ORIENTED_EDGE('',*,*,#2552,.T.);
#4056=ORIENTED_EDGE('',*,*,#2558,.T.);
#4057=ORIENTED_EDGE('',*,*,#2792,.T.);
#4058=ORIENTED_EDGE('',*,*,#2596,.T.);
#4059=ORIENTED_EDGE('',*,*,#2560,.T.);
#4060=ORIENTED_EDGE('',*,*,#2563,.T.);
#4061=ORIENTED_EDGE('',*,*,#2695,.T.);
#4062=ORIENTED_EDGE('',*,*,#2594,.T.);
#4063=ORIENTED_EDGE('',*,*,#2592,.F.);
#4064=ORIENTED_EDGE('',*,*,#2590,.T.);
#4065=ORIENTED_EDGE('',*,*,#2168,.T.);
#4066=ORIENTED_EDGE('',*,*,#2597,.F.);
#4067=ORIENTED_EDGE('',*,*,#2792,.F.);
#4068=ORIENTED_EDGE('',*,*,#2557,.T.);
#4069=PLANE('',#4512);
#4070=PLANE('',#4513);
#4071=PLANE('',#4514);
#4072=PLANE('',#4515);
#4073=PLANE('',#4516);
#4074=PLANE('',#4517);
#4075=PLANE('',#4518);
#4076=PLANE('',#4519);
#4077=PLANE('',#4520);
#4078=PLANE('',#4521);
#4079=PLANE('',#4522);
#4080=PLANE('',#4523);
#4081=PLANE('',#4524);
#4082=PLANE('',#4525);
#4083=PLANE('',#4526);
#4084=PLANE('',#4527);
#4085=PLANE('',#4528);
#4086=PLANE('',#4529);
#4087=PLANE('',#4530);
#4088=PLANE('',#4531);
#4089=PLANE('',#4532);
#4090=PLANE('',#4533);
#4091=PLANE('',#4534);
#4092=PLANE('',#4535);
#4093=PLANE('',#4536);
#4094=PLANE('',#4537);
#4095=PLANE('',#4538);
#4096=PLANE('',#4539);
#4097=PLANE('',#4540);
#4098=PLANE('',#4541);
#4099=PLANE('',#4542);
#4100=PLANE('',#4543);
#4101=PLANE('',#4544);
#4102=PLANE('',#4545);
#4103=PLANE('',#4546);
#4104=PLANE('',#4547);
#4105=PLANE('',#4548);
#4106=PLANE('',#4549);
#4107=PLANE('',#4550);
#4108=PLANE('',#4551);
#4109=PLANE('',#4552);
#4110=PLANE('',#4553);
#4111=PLANE('',#4554);
#4112=PLANE('',#4555);
#4113=PLANE('',#4556);
#4114=PLANE('',#4557);
#4115=PLANE('',#4558);
#4116=PLANE('',#4559);
#4117=PLANE('',#4560);
#4118=PLANE('',#4561);
#4119=PLANE('',#4562);
#4120=PLANE('',#4563);
#4121=PLANE('',#4564);
#4122=PLANE('',#4565);
#4123=PLANE('',#4566);
#4124=PLANE('',#4567);
#4125=PLANE('',#4568);
#4126=PLANE('',#4569);
#4127=PLANE('',#4570);
#4128=PLANE('',#4571);
#4129=PLANE('',#4572);
#4130=PLANE('',#4573);
#4131=PLANE('',#4574);
#4132=PLANE('',#4575);
#4133=PLANE('',#4576);
#4134=PLANE('',#4577);
#4135=PLANE('',#4578);
#4136=PLANE('',#4579);
#4137=PLANE('',#4580);
#4138=PLANE('',#4581);
#4139=PLANE('',#4582);
#4140=PLANE('',#4583);
#4141=PLANE('',#4584);
#4142=PLANE('',#4585);
#4143=PLANE('',#4586);
#4144=PLANE('',#4587);
#4145=PLANE('',#4588);
#4146=PLANE('',#4589);
#4147=PLANE('',#4590);
#4148=PLANE('',#4591);
#4149=PLANE('',#4592);
#4150=PLANE('',#4593);
#4151=PLANE('',#4594);
#4152=PLANE('',#4595);
#4153=PLANE('',#4596);
#4154=PLANE('',#4597);
#4155=PLANE('',#4598);
#4156=PLANE('',#4599);
#4157=PLANE('',#4600);
#4158=PLANE('',#4601);
#4159=PLANE('',#4602);
#4160=PLANE('',#4603);
#4161=PLANE('',#4604);
#4162=PLANE('',#4605);
#4163=PLANE('',#4606);
#4164=PLANE('',#4607);
#4165=PLANE('',#4608);
#4166=PLANE('',#4609);
#4167=PLANE('',#4610);
#4168=PLANE('',#4611);
#4169=PLANE('',#4612);
#4170=PLANE('',#4613);
#4171=PLANE('',#4614);
#4172=PLANE('',#4615);
#4173=PLANE('',#4616);
#4174=PLANE('',#4617);
#4175=PLANE('',#4618);
#4176=PLANE('',#4619);
#4177=PLANE('',#4620);
#4178=PLANE('',#4621);
#4179=PLANE('',#4622);
#4180=PLANE('',#4623);
#4181=PLANE('',#4624);
#4182=PLANE('',#4625);
#4183=PLANE('',#4626);
#4184=PLANE('',#4627);
#4185=PLANE('',#4628);
#4186=PLANE('',#4629);
#4187=PLANE('',#4630);
#4188=PLANE('',#4631);
#4189=PLANE('',#4632);
#4190=PLANE('',#4633);
#4191=PLANE('',#4634);
#4192=PLANE('',#4635);
#4193=PLANE('',#4636);
#4194=PLANE('',#4637);
#4195=PLANE('',#4638);
#4196=PLANE('',#4639);
#4197=PLANE('',#4640);
#4198=PLANE('',#4641);
#4199=PLANE('',#4642);
#4200=PLANE('',#4643);
#4201=PLANE('',#4644);
#4202=PLANE('',#4645);
#4203=PLANE('',#4655);
#4204=PLANE('',#4656);
#4205=PLANE('',#4660);
#4206=PLANE('',#4661);
#4207=PLANE('',#4662);
#4208=PLANE('',#4663);
#4209=PLANE('',#4664);
#4210=PLANE('',#4665);
#4211=PLANE('',#4666);
#4212=PLANE('',#4667);
#4213=PLANE('',#4668);
#4214=PLANE('',#4669);
#4215=PLANE('',#4670);
#4216=PLANE('',#4671);
#4217=PLANE('',#4672);
#4218=PLANE('',#4673);
#4219=PLANE('',#4674);
#4220=PLANE('',#4675);
#4221=PLANE('',#4676);
#4222=PLANE('',#4677);
#4223=PLANE('',#4678);
#4224=PLANE('',#4679);
#4225=PLANE('',#4680);
#4226=PLANE('',#4681);
#4227=PLANE('',#4682);
#4228=PLANE('',#4683);
#4229=PLANE('',#4684);
#4230=PLANE('',#4685);
#4231=PLANE('',#4686);
#4232=PLANE('',#4687);
#4233=PLANE('',#4688);
#4234=PLANE('',#4689);
#4235=PLANE('',#4690);
#4236=PLANE('',#4691);
#4237=PLANE('',#4692);
#4238=PLANE('',#4693);
#4239=PLANE('',#4694);
#4240=PLANE('',#4695);
#4241=PLANE('',#4696);
#4242=PLANE('',#4697);
#4243=PLANE('',#4698);
#4244=PLANE('',#4699);
#4245=PLANE('',#4700);
#4246=PLANE('',#4701);
#4247=PLANE('',#4702);
#4248=PLANE('',#4703);
#4249=PLANE('',#4704);
#4250=PLANE('',#4705);
#4251=PLANE('',#4706);
#4252=PLANE('',#4707);
#4253=PLANE('',#4708);
#4254=PLANE('',#4709);
#4255=PLANE('',#4710);
#4256=PLANE('',#4711);
#4257=PLANE('',#4712);
#4258=PLANE('',#4713);
#4259=PLANE('',#4714);
#4260=PLANE('',#4715);
#4261=PLANE('',#4716);
#4262=PLANE('',#4717);
#4263=PLANE('',#4718);
#4264=PLANE('',#4719);
#4265=PLANE('',#4720);
#4266=PLANE('',#4721);
#4267=PLANE('',#4722);
#4268=PLANE('',#4723);
#4269=PLANE('',#4724);
#4270=PLANE('',#4725);
#4271=PLANE('',#4726);
#4272=PLANE('',#4727);
#4273=PLANE('',#4728);
#4274=PLANE('',#4729);
#4275=PLANE('',#4730);
#4276=PLANE('',#4731);
#4277=PLANE('',#4732);
#4278=PLANE('',#4733);
#4279=PLANE('',#4734);
#4280=PLANE('',#4735);
#4281=ADVANCED_FACE('',(#35),#4069,.T.);
#4282=ADVANCED_FACE('',(#36),#4070,.T.);
#4283=ADVANCED_FACE('',(#37),#4071,.F.);
#4284=ADVANCED_FACE('',(#38),#4072,.F.);
#4285=ADVANCED_FACE('',(#39),#4073,.F.);
#4286=ADVANCED_FACE('',(#40),#4074,.F.);
#4287=ADVANCED_FACE('',(#41),#4075,.F.);
#4288=ADVANCED_FACE('',(#42),#4076,.F.);
#4289=ADVANCED_FACE('',(#43),#4077,.F.);
#4290=ADVANCED_FACE('',(#44),#4078,.F.);
#4291=ADVANCED_FACE('',(#45),#4079,.F.);
#4292=ADVANCED_FACE('',(#46),#4080,.F.);
#4293=ADVANCED_FACE('',(#47),#4081,.F.);
#4294=ADVANCED_FACE('',(#48),#4082,.F.);
#4295=ADVANCED_FACE('',(#49),#4083,.F.);
#4296=ADVANCED_FACE('',(#50),#4084,.F.);
#4297=ADVANCED_FACE('',(#51),#4085,.F.);
#4298=ADVANCED_FACE('',(#52),#4086,.F.);
#4299=ADVANCED_FACE('',(#53),#4087,.F.);
#4300=ADVANCED_FACE('',(#54),#4088,.F.);
#4301=ADVANCED_FACE('',(#55),#4089,.F.);
#4302=ADVANCED_FACE('',(#56),#4090,.F.);
#4303=ADVANCED_FACE('',(#57),#4091,.F.);
#4304=ADVANCED_FACE('',(#58),#4092,.F.);
#4305=ADVANCED_FACE('',(#59),#4093,.F.);
#4306=ADVANCED_FACE('',(#60),#4094,.F.);
#4307=ADVANCED_FACE('',(#61),#4095,.F.);
#4308=ADVANCED_FACE('',(#62),#4096,.F.);
#4309=ADVANCED_FACE('',(#63),#4097,.F.);
#4310=ADVANCED_FACE('',(#64),#4098,.F.);
#4311=ADVANCED_FACE('',(#65),#4099,.F.);
#4312=ADVANCED_FACE('',(#66),#4100,.F.);
#4313=ADVANCED_FACE('',(#67),#4101,.F.);
#4314=ADVANCED_FACE('',(#68),#4102,.F.);
#4315=ADVANCED_FACE('',(#69),#4103,.F.);
#4316=ADVANCED_FACE('',(#70),#4104,.F.);
#4317=ADVANCED_FACE('',(#71),#4105,.F.);
#4318=ADVANCED_FACE('',(#72),#4106,.F.);
#4319=ADVANCED_FACE('',(#73),#4107,.F.);
#4320=ADVANCED_FACE('',(#74),#4108,.F.);
#4321=ADVANCED_FACE('',(#75),#4109,.F.);
#4322=ADVANCED_FACE('',(#76),#4110,.F.);
#4323=ADVANCED_FACE('',(#77),#4111,.F.);
#4324=ADVANCED_FACE('',(#78),#4112,.F.);
#4325=ADVANCED_FACE('',(#79),#4113,.F.);
#4326=ADVANCED_FACE('',(#80),#4114,.F.);
#4327=ADVANCED_FACE('',(#81),#4115,.F.);
#4328=ADVANCED_FACE('',(#82),#4116,.F.);
#4329=ADVANCED_FACE('',(#83),#4117,.F.);
#4330=ADVANCED_FACE('',(#84),#4118,.F.);
#4331=ADVANCED_FACE('',(#85),#4119,.F.);
#4332=ADVANCED_FACE('',(#86),#4120,.F.);
#4333=ADVANCED_FACE('',(#87),#4121,.T.);
#4334=ADVANCED_FACE('',(#88),#4122,.T.);
#4335=ADVANCED_FACE('',(#89),#4123,.T.);
#4336=ADVANCED_FACE('',(#90),#4124,.T.);
#4337=ADVANCED_FACE('',(#91),#4125,.T.);
#4338=ADVANCED_FACE('',(#92),#4126,.T.);
#4339=ADVANCED_FACE('',(#93),#4127,.T.);
#4340=ADVANCED_FACE('',(#94),#4128,.T.);
#4341=ADVANCED_FACE('',(#95),#4129,.T.);
#4342=ADVANCED_FACE('',(#96),#4130,.T.);
#4343=ADVANCED_FACE('',(#97),#4131,.T.);
#4344=ADVANCED_FACE('',(#98),#4132,.T.);
#4345=ADVANCED_FACE('',(#99),#4133,.T.);
#4346=ADVANCED_FACE('',(#100),#4134,.T.);
#4347=ADVANCED_FACE('',(#101),#4135,.T.);
#4348=ADVANCED_FACE('',(#102),#4136,.T.);
#4349=ADVANCED_FACE('',(#103),#4137,.T.);
#4350=ADVANCED_FACE('',(#104),#4138,.T.);
#4351=ADVANCED_FACE('',(#105),#4139,.T.);
#4352=ADVANCED_FACE('',(#106),#4140,.T.);
#4353=ADVANCED_FACE('',(#107),#4141,.T.);
#4354=ADVANCED_FACE('',(#108),#4142,.T.);
#4355=ADVANCED_FACE('',(#109),#4143,.T.);
#4356=ADVANCED_FACE('',(#110),#4144,.T.);
#4357=ADVANCED_FACE('',(#111),#4145,.T.);
#4358=ADVANCED_FACE('',(#112),#4146,.T.);
#4359=ADVANCED_FACE('',(#113),#4147,.T.);
#4360=ADVANCED_FACE('',(#114),#4148,.T.);
#4361=ADVANCED_FACE('',(#115),#4149,.T.);
#4362=ADVANCED_FACE('',(#116),#4150,.T.);
#4363=ADVANCED_FACE('',(#117),#4151,.T.);
#4364=ADVANCED_FACE('',(#118),#4152,.T.);
#4365=ADVANCED_FACE('',(#119),#4153,.T.);
#4366=ADVANCED_FACE('',(#120),#4154,.T.);
#4367=ADVANCED_FACE('',(#121),#4155,.T.);
#4368=ADVANCED_FACE('',(#122),#4156,.T.);
#4369=ADVANCED_FACE('',(#123),#4157,.T.);
#4370=ADVANCED_FACE('',(#124),#4158,.T.);
#4371=ADVANCED_FACE('',(#125),#4159,.T.);
#4372=ADVANCED_FACE('',(#126),#4160,.T.);
#4373=ADVANCED_FACE('',(#127),#4161,.T.);
#4374=ADVANCED_FACE('',(#128),#4162,.T.);
#4375=ADVANCED_FACE('',(#129),#4163,.T.);
#4376=ADVANCED_FACE('',(#130),#4164,.T.);
#4377=ADVANCED_FACE('',(#131),#4165,.T.);
#4378=ADVANCED_FACE('',(#132),#4166,.T.);
#4379=ADVANCED_FACE('',(#133),#4167,.T.);
#4380=ADVANCED_FACE('',(#134),#4168,.T.);
#4381=ADVANCED_FACE('',(#135),#4169,.T.);
#4382=ADVANCED_FACE('',(#136),#4170,.T.);
#4383=ADVANCED_FACE('',(#137),#4171,.T.);
#4384=ADVANCED_FACE('',(#138),#4172,.T.);
#4385=ADVANCED_FACE('',(#139),#4173,.T.);
#4386=ADVANCED_FACE('',(#140),#4174,.T.);
#4387=ADVANCED_FACE('',(#141),#4175,.T.);
#4388=ADVANCED_FACE('',(#142),#4176,.T.);
#4389=ADVANCED_FACE('',(#143),#4177,.T.);
#4390=ADVANCED_FACE('',(#144),#4178,.T.);
#4391=ADVANCED_FACE('',(#145),#4179,.T.);
#4392=ADVANCED_FACE('',(#146),#4180,.T.);
#4393=ADVANCED_FACE('',(#147),#4181,.T.);
#4394=ADVANCED_FACE('',(#148),#4182,.T.);
#4395=ADVANCED_FACE('',(#149),#4183,.T.);
#4396=ADVANCED_FACE('',(#150),#4184,.T.);
#4397=ADVANCED_FACE('',(#151),#4185,.T.);
#4398=ADVANCED_FACE('',(#152),#4186,.T.);
#4399=ADVANCED_FACE('',(#153),#4187,.T.);
#4400=ADVANCED_FACE('',(#154),#4188,.T.);
#4401=ADVANCED_FACE('',(#155),#4189,.T.);
#4402=ADVANCED_FACE('',(#156),#4190,.T.);
#4403=ADVANCED_FACE('',(#157),#4191,.T.);
#4404=ADVANCED_FACE('',(#158),#4192,.T.);
#4405=ADVANCED_FACE('',(#159),#4193,.T.);
#4406=ADVANCED_FACE('',(#160),#4194,.T.);
#4407=ADVANCED_FACE('',(#161),#4195,.T.);
#4408=ADVANCED_FACE('',(#162),#4196,.T.);
#4409=ADVANCED_FACE('',(#163),#4197,.T.);
#4410=ADVANCED_FACE('',(#164),#4198,.T.);
#4411=ADVANCED_FACE('',(#165),#4199,.T.);
#4412=ADVANCED_FACE('',(#166),#4200,.T.);
#4413=ADVANCED_FACE('',(#167),#4201,.T.);
#4414=ADVANCED_FACE('',(#168),#4202,.T.);
#4415=ADVANCED_FACE('',(#169),#31,.F.);
#4416=ADVANCED_FACE('',(#170),#32,.F.);
#4417=ADVANCED_FACE('',(#171),#33,.T.);
#4418=ADVANCED_FACE('',(#172),#4203,.T.);
#4419=ADVANCED_FACE('',(#173,#19,#20),#4204,.T.);
#4420=ADVANCED_FACE('',(#174),#34,.T.);
#4421=ADVANCED_FACE('',(#175,#21,#22),#4205,.T.);
#4422=ADVANCED_FACE('',(#176),#4206,.T.);
#4423=ADVANCED_FACE('',(#177),#4207,.T.);
#4424=ADVANCED_FACE('',(#178),#4208,.T.);
#4425=ADVANCED_FACE('',(#179),#4209,.T.);
#4426=ADVANCED_FACE('',(#180),#4210,.T.);
#4427=ADVANCED_FACE('',(#181),#4211,.T.);
#4428=ADVANCED_FACE('',(#182),#4212,.T.);
#4429=ADVANCED_FACE('',(#183),#4213,.T.);
#4430=ADVANCED_FACE('',(#184),#4214,.T.);
#4431=ADVANCED_FACE('',(#185),#4215,.T.);
#4432=ADVANCED_FACE('',(#186),#4216,.T.);
#4433=ADVANCED_FACE('',(#187),#4217,.T.);
#4434=ADVANCED_FACE('',(#188),#4218,.T.);
#4435=ADVANCED_FACE('',(#189),#4219,.T.);
#4436=ADVANCED_FACE('',(#190),#4220,.T.);
#4437=ADVANCED_FACE('',(#191),#4221,.T.);
#4438=ADVANCED_FACE('',(#192),#4222,.T.);
#4439=ADVANCED_FACE('',(#193),#4223,.T.);
#4440=ADVANCED_FACE('',(#194),#4224,.T.);
#4441=ADVANCED_FACE('',(#195),#4225,.T.);
#4442=ADVANCED_FACE('',(#196),#4226,.T.);
#4443=ADVANCED_FACE('',(#197),#4227,.T.);
#4444=ADVANCED_FACE('',(#198),#4228,.T.);
#4445=ADVANCED_FACE('',(#199),#4229,.T.);
#4446=ADVANCED_FACE('',(#200),#4230,.T.);
#4447=ADVANCED_FACE('',(#201),#4231,.T.);
#4448=ADVANCED_FACE('',(#202),#4232,.T.);
#4449=ADVANCED_FACE('',(#203),#4233,.T.);
#4450=ADVANCED_FACE('',(#204),#4234,.T.);
#4451=ADVANCED_FACE('',(#205),#4235,.T.);
#4452=ADVANCED_FACE('',(#206),#4236,.T.);
#4453=ADVANCED_FACE('',(#207),#4237,.T.);
#4454=ADVANCED_FACE('',(#208),#4238,.T.);
#4455=ADVANCED_FACE('',(#209),#4239,.T.);
#4456=ADVANCED_FACE('',(#210),#4240,.T.);
#4457=ADVANCED_FACE('',(#211),#4241,.T.);
#4458=ADVANCED_FACE('',(#212),#4242,.T.);
#4459=ADVANCED_FACE('',(#213),#4243,.T.);
#4460=ADVANCED_FACE('',(#214),#4244,.T.);
#4461=ADVANCED_FACE('',(#215),#4245,.T.);
#4462=ADVANCED_FACE('',(#216),#4246,.T.);
#4463=ADVANCED_FACE('',(#217),#4247,.T.);
#4464=ADVANCED_FACE('',(#218),#4248,.T.);
#4465=ADVANCED_FACE('',(#219),#4249,.T.);
#4466=ADVANCED_FACE('',(#220),#4250,.T.);
#4467=ADVANCED_FACE('',(#221),#4251,.T.);
#4468=ADVANCED_FACE('',(#222),#4252,.T.);
#4469=ADVANCED_FACE('',(#223),#4253,.T.);
#4470=ADVANCED_FACE('',(#224),#4254,.T.);
#4471=ADVANCED_FACE('',(#225),#4255,.T.);
#4472=ADVANCED_FACE('',(#226),#4256,.T.);
#4473=ADVANCED_FACE('',(#227),#4257,.T.);
#4474=ADVANCED_FACE('',(#228),#4258,.T.);
#4475=ADVANCED_FACE('',(#229),#4259,.T.);
#4476=ADVANCED_FACE('',(#230),#4260,.T.);
#4477=ADVANCED_FACE('',(#231),#4261,.T.);
#4478=ADVANCED_FACE('',(#232),#4262,.T.);
#4479=ADVANCED_FACE('',(#233),#4263,.T.);
#4480=ADVANCED_FACE('',(#234),#4264,.T.);
#4481=ADVANCED_FACE('',(#235),#4265,.T.);
#4482=ADVANCED_FACE('',(#236),#4266,.T.);
#4483=ADVANCED_FACE('',(#237),#4267,.T.);
#4484=ADVANCED_FACE('',(#238),#4268,.T.);
#4485=ADVANCED_FACE('',(#239),#4269,.T.);
#4486=ADVANCED_FACE('',(#240),#4270,.T.);
#4487=ADVANCED_FACE('',(#241),#4271,.T.);
#4488=ADVANCED_FACE('',(#242),#4272,.T.);
#4489=ADVANCED_FACE('',(#243),#4273,.T.);
#4490=ADVANCED_FACE('',(#244),#4274,.T.);
#4491=ADVANCED_FACE('',(#245),#4275,.T.);
#4492=ADVANCED_FACE('',(#246),#4276,.T.);
#4493=ADVANCED_FACE('',(#247),#4277,.T.);
#4494=ADVANCED_FACE('',(#248),#4278,.T.);
#4495=ADVANCED_FACE('',(#249),#4279,.F.);
#4496=ADVANCED_FACE('',(#250),#4280,.T.);
#4497=CLOSED_SHELL('',(#4281,#4282,#4283,#4284,#4285,#4286,#4287,#4288,
#4289,#4290,#4291,#4292,#4293,#4294,#4295,#4296,#4297,#4298,#4299,#4300,
#4301,#4302,#4303,#4304,#4305,#4306,#4307,#4308,#4309,#4310,#4311,#4312,
#4313,#4314,#4315,#4316,#4317,#4318,#4319,#4320,#4321,#4322,#4323,#4324,
#4325,#4326,#4327,#4328,#4329,#4330,#4331,#4332,#4333,#4334,#4335,#4336,
#4337,#4338,#4339,#4340,#4341,#4342,#4343,#4344,#4345,#4346,#4347,#4348,
#4349,#4350,#4351,#4352,#4353,#4354,#4355,#4356,#4357,#4358,#4359,#4360,
#4361,#4362,#4363,#4364,#4365,#4366,#4367,#4368,#4369,#4370,#4371,#4372,
#4373,#4374,#4375,#4376,#4377,#4378,#4379,#4380,#4381,#4382,#4383,#4384,
#4385,#4386,#4387,#4388,#4389,#4390,#4391,#4392,#4393,#4394,#4395,#4396,
#4397,#4398,#4399,#4400,#4401,#4402,#4403,#4404,#4405,#4406,#4407,#4408,
#4409,#4410,#4411,#4412,#4413,#4414,#4415,#4416,#4417,#4418,#4419,#4420,
#4421,#4422,#4423,#4424,#4425,#4426,#4427,#4428,#4429,#4430,#4431,#4432,
#4433,#4434,#4435,#4436,#4437,#4438,#4439,#4440,#4441,#4442,#4443,#4444,
#4445,#4446,#4447,#4448,#4449,#4450,#4451,#4452,#4453,#4454,#4455,#4456,
#4457,#4458,#4459,#4460,#4461,#4462,#4463,#4464,#4465,#4466,#4467,#4468,
#4469,#4470,#4471,#4472,#4473,#4474,#4475,#4476,#4477,#4478,#4479,#4480,
#4481,#4482,#4483,#4484,#4485,#4486,#4487,#4488,#4489,#4490,#4491,#4492,
#4493,#4494,#4495,#4496));
#4498=DERIVED_UNIT_ELEMENT(#4500,1.);
#4499=DERIVED_UNIT_ELEMENT(#7109,-3.);
#4500=(
MASS_UNIT()
NAMED_UNIT(*)
SI_UNIT(.KILO.,.GRAM.)
);
#4501=DERIVED_UNIT((#4498,#4499));
#4502=MEASURE_REPRESENTATION_ITEM('density measure',
POSITIVE_RATIO_MEASURE(7850.),#4501);
#4503=PROPERTY_DEFINITION_REPRESENTATION(#4508,#4505);
#4504=PROPERTY_DEFINITION_REPRESENTATION(#4509,#4506);
#4505=REPRESENTATION('material name',(#4507),#7106);
#4506=REPRESENTATION('density',(#4502),#7106);
#4507=DESCRIPTIVE_REPRESENTATION_ITEM('Steel','Steel');
#4508=PROPERTY_DEFINITION('material property','material name',#7121);
#4509=PROPERTY_DEFINITION('material property','density of part',#7121);
#4510=AXIS2_PLACEMENT_3D('',#5821,#4737,#4738);
#4511=AXIS2_PLACEMENT_3D('',#5822,#4739,#4740);
#4512=AXIS2_PLACEMENT_3D('',#5823,#4741,#4742);
#4513=AXIS2_PLACEMENT_3D('',#5832,#4747,#4748);
#4514=AXIS2_PLACEMENT_3D('',#5838,#4752,#4753);
#4515=AXIS2_PLACEMENT_3D('',#5847,#4758,#4759);
#4516=AXIS2_PLACEMENT_3D('',#5856,#4764,#4765);
#4517=AXIS2_PLACEMENT_3D('',#5865,#4770,#4771);
#4518=AXIS2_PLACEMENT_3D('',#5874,#4776,#4777);
#4519=AXIS2_PLACEMENT_3D('',#5883,#4782,#4783);
#4520=AXIS2_PLACEMENT_3D('',#5892,#4788,#4789);
#4521=AXIS2_PLACEMENT_3D('',#5901,#4794,#4795);
#4522=AXIS2_PLACEMENT_3D('',#5910,#4800,#4801);
#4523=AXIS2_PLACEMENT_3D('',#5919,#4806,#4807);
#4524=AXIS2_PLACEMENT_3D('',#5928,#4812,#4813);
#4525=AXIS2_PLACEMENT_3D('',#5937,#4818,#4819);
#4526=AXIS2_PLACEMENT_3D('',#5946,#4824,#4825);
#4527=AXIS2_PLACEMENT_3D('',#5955,#4830,#4831);
#4528=AXIS2_PLACEMENT_3D('',#5964,#4836,#4837);
#4529=AXIS2_PLACEMENT_3D('',#5973,#4842,#4843);
#4530=AXIS2_PLACEMENT_3D('',#5982,#4848,#4849);
#4531=AXIS2_PLACEMENT_3D('',#5991,#4854,#4855);
#4532=AXIS2_PLACEMENT_3D('',#6000,#4860,#4861);
#4533=AXIS2_PLACEMENT_3D('',#6009,#4866,#4867);
#4534=AXIS2_PLACEMENT_3D('',#6018,#4872,#4873);
#4535=AXIS2_PLACEMENT_3D('',#6027,#4878,#4879);
#4536=AXIS2_PLACEMENT_3D('',#6036,#4884,#4885);
#4537=AXIS2_PLACEMENT_3D('',#6045,#4890,#4891);
#4538=AXIS2_PLACEMENT_3D('',#6054,#4896,#4897);
#4539=AXIS2_PLACEMENT_3D('',#6063,#4902,#4903);
#4540=AXIS2_PLACEMENT_3D('',#6072,#4908,#4909);
#4541=AXIS2_PLACEMENT_3D('',#6081,#4914,#4915);
#4542=AXIS2_PLACEMENT_3D('',#6090,#4920,#4921);
#4543=AXIS2_PLACEMENT_3D('',#6099,#4926,#4927);
#4544=AXIS2_PLACEMENT_3D('',#6108,#4932,#4933);
#4545=AXIS2_PLACEMENT_3D('',#6117,#4938,#4939);
#4546=AXIS2_PLACEMENT_3D('',#6126,#4944,#4945);
#4547=AXIS2_PLACEMENT_3D('',#6135,#4950,#4951);
#4548=AXIS2_PLACEMENT_3D('',#6144,#4956,#4957);
#4549=AXIS2_PLACEMENT_3D('',#6153,#4962,#4963);
#4550=AXIS2_PLACEMENT_3D('',#6162,#4968,#4969);
#4551=AXIS2_PLACEMENT_3D('',#6171,#4974,#4975);
#4552=AXIS2_PLACEMENT_3D('',#6180,#4980,#4981);
#4553=AXIS2_PLACEMENT_3D('',#6189,#4986,#4987);
#4554=AXIS2_PLACEMENT_3D('',#6198,#4992,#4993);
#4555=AXIS2_PLACEMENT_3D('',#6207,#4998,#4999);
#4556=AXIS2_PLACEMENT_3D('',#6216,#5004,#5005);
#4557=AXIS2_PLACEMENT_3D('',#6225,#5010,#5011);
#4558=AXIS2_PLACEMENT_3D('',#6234,#5016,#5017);
#4559=AXIS2_PLACEMENT_3D('',#6243,#5022,#5023);
#4560=AXIS2_PLACEMENT_3D('',#6252,#5028,#5029);
#4561=AXIS2_PLACEMENT_3D('',#6261,#5034,#5035);
#4562=AXIS2_PLACEMENT_3D('',#6270,#5040,#5041);
#4563=AXIS2_PLACEMENT_3D('',#6279,#5046,#5047);
#4564=AXIS2_PLACEMENT_3D('',#6288,#5052,#5053);
#4565=AXIS2_PLACEMENT_3D('',#6294,#5057,#5058);
#4566=AXIS2_PLACEMENT_3D('',#6298,#5061,#5062);
#4567=AXIS2_PLACEMENT_3D('',#6304,#5066,#5067);
#4568=AXIS2_PLACEMENT_3D('',#6310,#5071,#5072);
#4569=AXIS2_PLACEMENT_3D('',#6314,#5075,#5076);
#4570=AXIS2_PLACEMENT_3D('',#6320,#5080,#5081);
#4571=AXIS2_PLACEMENT_3D('',#6326,#5085,#5086);
#4572=AXIS2_PLACEMENT_3D('',#6330,#5089,#5090);
#4573=AXIS2_PLACEMENT_3D('',#6336,#5094,#5095);
#4574=AXIS2_PLACEMENT_3D('',#6342,#5099,#5100);
#4575=AXIS2_PLACEMENT_3D('',#6346,#5103,#5104);
#4576=AXIS2_PLACEMENT_3D('',#6352,#5108,#5109);
#4577=AXIS2_PLACEMENT_3D('',#6358,#5113,#5114);
#4578=AXIS2_PLACEMENT_3D('',#6362,#5117,#5118);
#4579=AXIS2_PLACEMENT_3D('',#6368,#5122,#5123);
#4580=AXIS2_PLACEMENT_3D('',#6374,#5127,#5128);
#4581=AXIS2_PLACEMENT_3D('',#6378,#5131,#5132);
#4582=AXIS2_PLACEMENT_3D('',#6384,#5136,#5137);
#4583=AXIS2_PLACEMENT_3D('',#6390,#5141,#5142);
#4584=AXIS2_PLACEMENT_3D('',#6394,#5145,#5146);
#4585=AXIS2_PLACEMENT_3D('',#6400,#5150,#5151);
#4586=AXIS2_PLACEMENT_3D('',#6406,#5155,#5156);
#4587=AXIS2_PLACEMENT_3D('',#6410,#5159,#5160);
#4588=AXIS2_PLACEMENT_3D('',#6416,#5164,#5165);
#4589=AXIS2_PLACEMENT_3D('',#6422,#5169,#5170);
#4590=AXIS2_PLACEMENT_3D('',#6426,#5173,#5174);
#4591=AXIS2_PLACEMENT_3D('',#6432,#5178,#5179);
#4592=AXIS2_PLACEMENT_3D('',#6438,#5183,#5184);
#4593=AXIS2_PLACEMENT_3D('',#6442,#5187,#5188);
#4594=AXIS2_PLACEMENT_3D('',#6448,#5192,#5193);
#4595=AXIS2_PLACEMENT_3D('',#6454,#5197,#5198);
#4596=AXIS2_PLACEMENT_3D('',#6458,#5201,#5202);
#4597=AXIS2_PLACEMENT_3D('',#6464,#5206,#5207);
#4598=AXIS2_PLACEMENT_3D('',#6470,#5211,#5212);
#4599=AXIS2_PLACEMENT_3D('',#6474,#5215,#5216);
#4600=AXIS2_PLACEMENT_3D('',#6480,#5220,#5221);
#4601=AXIS2_PLACEMENT_3D('',#6486,#5225,#5226);
#4602=AXIS2_PLACEMENT_3D('',#6490,#5229,#5230);
#4603=AXIS2_PLACEMENT_3D('',#6496,#5234,#5235);
#4604=AXIS2_PLACEMENT_3D('',#6502,#5239,#5240);
#4605=AXIS2_PLACEMENT_3D('',#6506,#5243,#5244);
#4606=AXIS2_PLACEMENT_3D('',#6512,#5248,#5249);
#4607=AXIS2_PLACEMENT_3D('',#6518,#5253,#5254);
#4608=AXIS2_PLACEMENT_3D('',#6522,#5257,#5258);
#4609=AXIS2_PLACEMENT_3D('',#6528,#5262,#5263);
#4610=AXIS2_PLACEMENT_3D('',#6534,#5267,#5268);
#4611=AXIS2_PLACEMENT_3D('',#6538,#5271,#5272);
#4612=AXIS2_PLACEMENT_3D('',#6544,#5276,#5277);
#4613=AXIS2_PLACEMENT_3D('',#6550,#5281,#5282);
#4614=AXIS2_PLACEMENT_3D('',#6554,#5285,#5286);
#4615=AXIS2_PLACEMENT_3D('',#6560,#5290,#5291);
#4616=AXIS2_PLACEMENT_3D('',#6566,#5295,#5296);
#4617=AXIS2_PLACEMENT_3D('',#6570,#5299,#5300);
#4618=AXIS2_PLACEMENT_3D('',#6576,#5304,#5305);
#4619=AXIS2_PLACEMENT_3D('',#6582,#5309,#5310);
#4620=AXIS2_PLACEMENT_3D('',#6586,#5313,#5314);
#4621=AXIS2_PLACEMENT_3D('',#6592,#5318,#5319);
#4622=AXIS2_PLACEMENT_3D('',#6598,#5323,#5324);
#4623=AXIS2_PLACEMENT_3D('',#6602,#5327,#5328);
#4624=AXIS2_PLACEMENT_3D('',#6608,#5332,#5333);
#4625=AXIS2_PLACEMENT_3D('',#6614,#5337,#5338);
#4626=AXIS2_PLACEMENT_3D('',#6618,#5341,#5342);
#4627=AXIS2_PLACEMENT_3D('',#6624,#5346,#5347);
#4628=AXIS2_PLACEMENT_3D('',#6630,#5351,#5352);
#4629=AXIS2_PLACEMENT_3D('',#6634,#5355,#5356);
#4630=AXIS2_PLACEMENT_3D('',#6640,#5360,#5361);
#4631=AXIS2_PLACEMENT_3D('',#6646,#5365,#5366);
#4632=AXIS2_PLACEMENT_3D('',#6650,#5369,#5370);
#4633=AXIS2_PLACEMENT_3D('',#6656,#5374,#5375);
#4634=AXIS2_PLACEMENT_3D('',#6662,#5379,#5380);
#4635=AXIS2_PLACEMENT_3D('',#6666,#5383,#5384);
#4636=AXIS2_PLACEMENT_3D('',#6672,#5388,#5389);
#4637=AXIS2_PLACEMENT_3D('',#6678,#5393,#5394);
#4638=AXIS2_PLACEMENT_3D('',#6682,#5397,#5398);
#4639=AXIS2_PLACEMENT_3D('',#6688,#5402,#5403);
#4640=AXIS2_PLACEMENT_3D('',#6692,#5406,#5407);
#4641=AXIS2_PLACEMENT_3D('',#6701,#5412,#5413);
#4642=AXIS2_PLACEMENT_3D('',#6707,#5417,#5418);
#4643=AXIS2_PLACEMENT_3D('',#6710,#5421,#5422);
#4644=AXIS2_PLACEMENT_3D('',#6713,#5425,#5426);
#4645=AXIS2_PLACEMENT_3D('',#6714,#5427,#5428);
#4646=AXIS2_PLACEMENT_3D('',#6720,#5432,#5433);
#4647=AXIS2_PLACEMENT_3D('',#6722,#5434,#5435);
#4648=AXIS2_PLACEMENT_3D('',#6725,#5437,#5438);
#4649=AXIS2_PLACEMENT_3D('',#6726,#5439,#5440);
#4650=AXIS2_PLACEMENT_3D('',#6728,#5441,#5442);
#4651=AXIS2_PLACEMENT_3D('',#6731,#5444,#5445);
#4652=AXIS2_PLACEMENT_3D('',#6732,#5446,#5447);
#4653=AXIS2_PLACEMENT_3D('',#6735,#5448,#5449);
#4654=AXIS2_PLACEMENT_3D('',#6739,#5451,#5452);
#4655=AXIS2_PLACEMENT_3D('',#6741,#5454,#5455);
#4656=AXIS2_PLACEMENT_3D('',#6744,#5458,#5459);
#4657=AXIS2_PLACEMENT_3D('',#6747,#5461,#5462);
#4658=AXIS2_PLACEMENT_3D('',#6748,#5463,#5464);
#4659=AXIS2_PLACEMENT_3D('',#6751,#5466,#5467);
#4660=AXIS2_PLACEMENT_3D('',#6752,#5468,#5469);
#4661=AXIS2_PLACEMENT_3D('',#6904,#5571,#5572);
#4662=AXIS2_PLACEMENT_3D('',#6906,#5574,#5575);
#4663=AXIS2_PLACEMENT_3D('',#6908,#5577,#5578);
#4664=AXIS2_PLACEMENT_3D('',#6910,#5580,#5581);
#4665=AXIS2_PLACEMENT_3D('',#6912,#5583,#5584);
#4666=AXIS2_PLACEMENT_3D('',#6914,#5586,#5587);
#4667=AXIS2_PLACEMENT_3D('',#6916,#5589,#5590);
#4668=AXIS2_PLACEMENT_3D('',#6918,#5592,#5593);
#4669=AXIS2_PLACEMENT_3D('',#6920,#5595,#5596);
#4670=AXIS2_PLACEMENT_3D('',#6922,#5598,#5599);
#4671=AXIS2_PLACEMENT_3D('',#6924,#5601,#5602);
#4672=AXIS2_PLACEMENT_3D('',#6926,#5604,#5605);
#4673=AXIS2_PLACEMENT_3D('',#6928,#5607,#5608);
#4674=AXIS2_PLACEMENT_3D('',#6930,#5610,#5611);
#4675=AXIS2_PLACEMENT_3D('',#6934,#5614,#5615);
#4676=AXIS2_PLACEMENT_3D('',#6936,#5617,#5618);
#4677=AXIS2_PLACEMENT_3D('',#6940,#5621,#5622);
#4678=AXIS2_PLACEMENT_3D('',#6942,#5624,#5625);
#4679=AXIS2_PLACEMENT_3D('',#6946,#5628,#5629);
#4680=AXIS2_PLACEMENT_3D('',#6948,#5631,#5632);
#4681=AXIS2_PLACEMENT_3D('',#6952,#5635,#5636);
#4682=AXIS2_PLACEMENT_3D('',#6954,#5638,#5639);
#4683=AXIS2_PLACEMENT_3D('',#6958,#5642,#5643);
#4684=AXIS2_PLACEMENT_3D('',#6960,#5645,#5646);
#4685=AXIS2_PLACEMENT_3D('',#6964,#5649,#5650);
#4686=AXIS2_PLACEMENT_3D('',#6966,#5652,#5653);
#4687=AXIS2_PLACEMENT_3D('',#6970,#5656,#5657);
#4688=AXIS2_PLACEMENT_3D('',#6972,#5659,#5660);
#4689=AXIS2_PLACEMENT_3D('',#6976,#5663,#5664);
#4690=AXIS2_PLACEMENT_3D('',#6978,#5666,#5667);
#4691=AXIS2_PLACEMENT_3D('',#6982,#5670,#5671);
#4692=AXIS2_PLACEMENT_3D('',#6984,#5673,#5674);
#4693=AXIS2_PLACEMENT_3D('',#6988,#5677,#5678);
#4694=AXIS2_PLACEMENT_3D('',#6990,#5680,#5681);
#4695=AXIS2_PLACEMENT_3D('',#6994,#5684,#5685);
#4696=AXIS2_PLACEMENT_3D('',#6996,#5687,#5688);
#4697=AXIS2_PLACEMENT_3D('',#7000,#5691,#5692);
#4698=AXIS2_PLACEMENT_3D('',#7002,#5694,#5695);
#4699=AXIS2_PLACEMENT_3D('',#7006,#5698,#5699);
#4700=AXIS2_PLACEMENT_3D('',#7008,#5701,#5702);
#4701=AXIS2_PLACEMENT_3D('',#7012,#5705,#5706);
#4702=AXIS2_PLACEMENT_3D('',#7014,#5708,#5709);
#4703=AXIS2_PLACEMENT_3D('',#7018,#5712,#5713);
#4704=AXIS2_PLACEMENT_3D('',#7020,#5715,#5716);
#4705=AXIS2_PLACEMENT_3D('',#7024,#5719,#5720);
#4706=AXIS2_PLACEMENT_3D('',#7026,#5722,#5723);
#4707=AXIS2_PLACEMENT_3D('',#7030,#5726,#5727);
#4708=AXIS2_PLACEMENT_3D('',#7032,#5729,#5730);
#4709=AXIS2_PLACEMENT_3D('',#7036,#5733,#5734);
#4710=AXIS2_PLACEMENT_3D('',#7038,#5736,#5737);
#4711=AXIS2_PLACEMENT_3D('',#7042,#5740,#5741);
#4712=AXIS2_PLACEMENT_3D('',#7044,#5743,#5744);
#4713=AXIS2_PLACEMENT_3D('',#7048,#5747,#5748);
#4714=AXIS2_PLACEMENT_3D('',#7050,#5750,#5751);
#4715=AXIS2_PLACEMENT_3D('',#7054,#5754,#5755);
#4716=AXIS2_PLACEMENT_3D('',#7056,#5757,#5758);
#4717=AXIS2_PLACEMENT_3D('',#7060,#5761,#5762);
#4718=AXIS2_PLACEMENT_3D('',#7062,#5764,#5765);
#4719=AXIS2_PLACEMENT_3D('',#7066,#5768,#5769);
#4720=AXIS2_PLACEMENT_3D('',#7068,#5771,#5772);
#4721=AXIS2_PLACEMENT_3D('',#7072,#5775,#5776);
#4722=AXIS2_PLACEMENT_3D('',#7074,#5778,#5779);
#4723=AXIS2_PLACEMENT_3D('',#7076,#5781,#5782);
#4724=AXIS2_PLACEMENT_3D('',#7078,#5784,#5785);
#4725=AXIS2_PLACEMENT_3D('',#7080,#5787,#5788);
#4726=AXIS2_PLACEMENT_3D('',#7082,#5790,#5791);
#4727=AXIS2_PLACEMENT_3D('',#7084,#5793,#5794);
#4728=AXIS2_PLACEMENT_3D('',#7086,#5796,#5797);
#4729=AXIS2_PLACEMENT_3D('',#7088,#5799,#5800);
#4730=AXIS2_PLACEMENT_3D('',#7090,#5802,#5803);
#4731=AXIS2_PLACEMENT_3D('',#7092,#5805,#5806);
#4732=AXIS2_PLACEMENT_3D('',#7094,#5808,#5809);
#4733=AXIS2_PLACEMENT_3D('',#7096,#5811,#5812);
#4734=AXIS2_PLACEMENT_3D('',#7098,#5814,#5815);
#4735=AXIS2_PLACEMENT_3D('',#7100,#5817,#5818);
#4736=AXIS2_PLACEMENT_3D('',#7101,#5819,#5820);
#4737=DIRECTION('axis',(0.,0.,1.));
#4738=DIRECTION('refdir',(1.,0.,0.));
#4739=DIRECTION('axis',(0.,0.,1.));
#4740=DIRECTION('refdir',(1.,0.,0.));
#4741=DIRECTION('center_axis',(0.,1.,0.));
#4742=DIRECTION('ref_axis',(-1.,0.,0.));
#4743=DIRECTION('',(1.,0.,0.));
#4744=DIRECTION('',(0.,0.,1.));
#4745=DIRECTION('',(-1.,0.,0.));
#4746=DIRECTION('',(0.,0.,1.));
#4747=DIRECTION('center_axis',(0.,0.,1.));
#4748=DIRECTION('ref_axis',(1.,0.,0.));
#4749=DIRECTION('',(1.,0.,0.));
#4750=DIRECTION('',(0.,1.,0.));
#4751=DIRECTION('',(0.,-1.,0.));
#4752=DIRECTION('center_axis',(0.,1.,0.));
#4753=DIRECTION('ref_axis',(0.,0.,-1.));
#4754=DIRECTION('',(0.250380004054441,0.,0.968147640378108));
#4755=DIRECTION('',(-1.,0.,0.));
#4756=DIRECTION('',(0.250380004054441,0.,-0.968147640378108));
#4757=DIRECTION('',(1.,0.,0.));
#4758=DIRECTION('center_axis',(0.,1.,0.));
#4759=DIRECTION('ref_axis',(0.,0.,-1.));
#4760=DIRECTION('',(0.250380004054441,0.,0.968147640378108));
#4761=DIRECTION('',(-1.,0.,0.));
#4762=DIRECTION('',(0.250380004054441,0.,-0.968147640378108));
#4763=DIRECTION('',(1.,0.,0.));
#4764=DIRECTION('center_axis',(0.,1.,0.));
#4765=DIRECTION('ref_axis',(0.,0.,-1.));
#4766=DIRECTION('',(0.250380004054441,0.,0.968147640378108));
#4767=DIRECTION('',(-1.,0.,0.));
#4768=DIRECTION('',(0.250380004054441,0.,-0.968147640378108));
#4769=DIRECTION('',(1.,0.,0.));
#4770=DIRECTION('center_axis',(0.,1.,0.));
#4771=DIRECTION('ref_axis',(0.,0.,-1.));
#4772=DIRECTION('',(0.250380004054441,0.,-0.968147640378108));
#4773=DIRECTION('',(1.,0.,0.));
#4774=DIRECTION('',(0.250380004054441,0.,0.968147640378108));
#4775=DIRECTION('',(-1.,0.,0.));
#4776=DIRECTION('center_axis',(0.,1.,0.));
#4777=DIRECTION('ref_axis',(0.,0.,-1.));
#4778=DIRECTION('',(0.250380004054441,0.,0.968147640378108));
#4779=DIRECTION('',(-1.,0.,0.));
#4780=DIRECTION('',(0.250380004054441,0.,-0.968147640378108));
#4781=DIRECTION('',(1.,0.,0.));
#4782=DIRECTION('center_axis',(0.,1.,0.));
#4783=DIRECTION('ref_axis',(0.,0.,-1.));
#4784=DIRECTION('',(0.250380004054441,0.,-0.968147640378108));
#4785=DIRECTION('',(1.,0.,0.));
#4786=DIRECTION('',(0.250380004054441,0.,0.968147640378108));
#4787=DIRECTION('',(-1.,0.,0.));
#4788=DIRECTION('center_axis',(0.,1.,0.));
#4789=DIRECTION('ref_axis',(0.,0.,-1.));
#4790=DIRECTION('',(0.250380004054441,0.,0.968147640378108));
#4791=DIRECTION('',(-1.,0.,0.));
#4792=DIRECTION('',(0.250380004054441,0.,-0.968147640378108));
#4793=DIRECTION('',(1.,0.,0.));
#4794=DIRECTION('center_axis',(0.,1.,0.));
#4795=DIRECTION('ref_axis',(0.,0.,-1.));
#4796=DIRECTION('',(0.250380004054441,0.,-0.968147640378108));
#4797=DIRECTION('',(1.,0.,0.));
#4798=DIRECTION('',(0.250380004054441,0.,0.968147640378108));
#4799=DIRECTION('',(-1.,0.,0.));
#4800=DIRECTION('center_axis',(0.,1.,0.));
#4801=DIRECTION('ref_axis',(0.,0.,-1.));
#4802=DIRECTION('',(0.250380004054441,0.,0.968147640378108));
#4803=DIRECTION('',(-1.,0.,0.));
#4804=DIRECTION('',(0.250380004054441,0.,-0.968147640378108));
#4805=DIRECTION('',(1.,0.,0.));
#4806=DIRECTION('center_axis',(0.,1.,0.));
#4807=DIRECTION('ref_axis',(0.,0.,-1.));
#4808=DIRECTION('',(0.250380004054441,0.,-0.968147640378108));
#4809=DIRECTION('',(1.,0.,0.));
#4810=DIRECTION('',(0.250380004054441,0.,0.968147640378108));
#4811=DIRECTION('',(-1.,0.,0.));
#4812=DIRECTION('center_axis',(0.,1.,0.));
#4813=DIRECTION('ref_axis',(0.,0.,-1.));
#4814=DIRECTION('',(0.250380004054441,0.,0.968147640378108));
#4815=DIRECTION('',(-1.,0.,0.));
#4816=DIRECTION('',(0.250380004054441,0.,-0.968147640378108));
#4817=DIRECTION('',(1.,0.,0.));
#4818=DIRECTION('center_axis',(0.,1.,0.));
#4819=DIRECTION('ref_axis',(0.,0.,-1.));
#4820=DIRECTION('',(0.250380004054441,0.,-0.968147640378108));
#4821=DIRECTION('',(1.,0.,0.));
#4822=DIRECTION('',(0.250380004054441,0.,0.968147640378108));
#4823=DIRECTION('',(-1.,0.,0.));
#4824=DIRECTION('center_axis',(0.,1.,0.));
#4825=DIRECTION('ref_axis',(0.,0.,-1.));
#4826=DIRECTION('',(0.250380004054441,0.,0.968147640378108));
#4827=DIRECTION('',(-1.,0.,0.));
#4828=DIRECTION('',(0.250380004054441,0.,-0.968147640378108));
#4829=DIRECTION('',(1.,0.,0.));
#4830=DIRECTION('center_axis',(0.,1.,0.));
#4831=DIRECTION('ref_axis',(0.,0.,-1.));
#4832=DIRECTION('',(0.250380004054441,0.,-0.968147640378108));
#4833=DIRECTION('',(1.,0.,0.));
#4834=DIRECTION('',(0.250380004054441,0.,0.968147640378108));
#4835=DIRECTION('',(-1.,0.,0.));
#4836=DIRECTION('center_axis',(0.,1.,0.));
#4837=DIRECTION('ref_axis',(0.,0.,-1.));
#4838=DIRECTION('',(0.250380004054441,0.,0.968147640378108));
#4839=DIRECTION('',(-1.,0.,0.));
#4840=DIRECTION('',(0.250380004054441,0.,-0.968147640378108));
#4841=DIRECTION('',(1.,0.,0.));
#4842=DIRECTION('center_axis',(0.,1.,0.));
#4843=DIRECTION('ref_axis',(0.,0.,-1.));
#4844=DIRECTION('',(0.250380004054441,0.,-0.968147640378108));
#4845=DIRECTION('',(1.,0.,0.));
#4846=DIRECTION('',(0.250380004054441,0.,0.968147640378108));
#4847=DIRECTION('',(-1.,0.,0.));
#4848=DIRECTION('center_axis',(0.,1.,0.));
#4849=DIRECTION('ref_axis',(0.,0.,-1.));
#4850=DIRECTION('',(0.250380004054441,0.,0.968147640378108));
#4851=DIRECTION('',(-1.,0.,0.));
#4852=DIRECTION('',(0.250380004054441,0.,-0.968147640378108));
#4853=DIRECTION('',(1.,0.,0.));
#4854=DIRECTION('center_axis',(0.,1.,0.));
#4855=DIRECTION('ref_axis',(0.,0.,-1.));
#4856=DIRECTION('',(0.250380004054441,0.,-0.968147640378108));
#4857=DIRECTION('',(1.,0.,0.));
#4858=DIRECTION('',(0.250380004054441,0.,0.968147640378108));
#4859=DIRECTION('',(-1.,0.,0.));
#4860=DIRECTION('center_axis',(0.,1.,0.));
#4861=DIRECTION('ref_axis',(0.,0.,-1.));
#4862=DIRECTION('',(0.250380004054441,0.,0.968147640378108));
#4863=DIRECTION('',(-1.,0.,0.));
#4864=DIRECTION('',(0.250380004054441,0.,-0.968147640378108));
#4865=DIRECTION('',(1.,0.,0.));
#4866=DIRECTION('center_axis',(0.,1.,0.));
#4867=DIRECTION('ref_axis',(0.,0.,-1.));
#4868=DIRECTION('',(0.250380004054441,0.,-0.968147640378108));
#4869=DIRECTION('',(1.,0.,0.));
#4870=DIRECTION('',(0.250380004054441,0.,0.968147640378108));
#4871=DIRECTION('',(-1.,0.,0.));
#4872=DIRECTION('center_axis',(0.,1.,0.));
#4873=DIRECTION('ref_axis',(0.,0.,-1.));
#4874=DIRECTION('',(0.250380004054441,0.,0.968147640378108));
#4875=DIRECTION('',(-1.,0.,0.));
#4876=DIRECTION('',(0.250380004054441,0.,-0.968147640378108));
#4877=DIRECTION('',(1.,0.,0.));
#4878=DIRECTION('center_axis',(0.,1.,0.));
#4879=DIRECTION('ref_axis',(0.,0.,-1.));
#4880=DIRECTION('',(0.250380004054441,0.,-0.968147640378108));
#4881=DIRECTION('',(1.,0.,0.));
#4882=DIRECTION('',(0.250380004054441,0.,0.968147640378108));
#4883=DIRECTION('',(-1.,0.,0.));
#4884=DIRECTION('center_axis',(0.,1.,0.));
#4885=DIRECTION('ref_axis',(0.,0.,-1.));
#4886=DIRECTION('',(0.250380004054441,0.,0.968147640378108));
#4887=DIRECTION('',(-1.,0.,0.));
#4888=DIRECTION('',(0.250380004054441,0.,-0.968147640378108));
#4889=DIRECTION('',(1.,0.,0.));
#4890=DIRECTION('center_axis',(0.,1.,0.));
#4891=DIRECTION('ref_axis',(0.,0.,-1.));
#4892=DIRECTION('',(0.250380004054441,0.,-0.968147640378108));
#4893=DIRECTION('',(1.,0.,0.));
#4894=DIRECTION('',(0.250380004054441,0.,0.968147640378108));
#4895=DIRECTION('',(-1.,0.,0.));
#4896=DIRECTION('center_axis',(0.,1.,0.));
#4897=DIRECTION('ref_axis',(0.,0.,-1.));
#4898=DIRECTION('',(0.250380004054441,0.,0.968147640378108));
#4899=DIRECTION('',(-1.,0.,0.));
#4900=DIRECTION('',(0.250380004054441,0.,-0.968147640378108));
#4901=DIRECTION('',(1.,0.,0.));
#4902=DIRECTION('center_axis',(0.,1.,0.));
#4903=DIRECTION('ref_axis',(0.,0.,-1.));
#4904=DIRECTION('',(0.250380004054441,0.,-0.968147640378108));
#4905=DIRECTION('',(1.,0.,0.));
#4906=DIRECTION('',(0.250380004054441,0.,0.968147640378108));
#4907=DIRECTION('',(-1.,0.,0.));
#4908=DIRECTION('center_axis',(0.,1.,0.));
#4909=DIRECTION('ref_axis',(0.,0.,-1.));
#4910=DIRECTION('',(0.250380004054441,0.,0.968147640378108));
#4911=DIRECTION('',(-1.,0.,0.));
#4912=DIRECTION('',(0.250380004054441,0.,-0.968147640378108));
#4913=DIRECTION('',(1.,0.,0.));
#4914=DIRECTION('center_axis',(0.,1.,0.));
#4915=DIRECTION('ref_axis',(0.,0.,-1.));
#4916=DIRECTION('',(0.250380004054441,0.,-0.968147640378108));
#4917=DIRECTION('',(1.,0.,0.));
#4918=DIRECTION('',(0.250380004054441,0.,0.968147640378108));
#4919=DIRECTION('',(-1.,0.,0.));
#4920=DIRECTION('center_axis',(0.,1.,0.));
#4921=DIRECTION('ref_axis',(0.,0.,-1.));
#4922=DIRECTION('',(0.250380004054441,0.,0.968147640378108));
#4923=DIRECTION('',(-1.,0.,0.));
#4924=DIRECTION('',(0.250380004054441,0.,-0.968147640378108));
#4925=DIRECTION('',(1.,0.,0.));
#4926=DIRECTION('center_axis',(0.,1.,0.));
#4927=DIRECTION('ref_axis',(0.,0.,-1.));
#4928=DIRECTION('',(0.250380004054441,0.,-0.968147640378108));
#4929=DIRECTION('',(1.,0.,0.));
#4930=DIRECTION('',(0.250380004054441,0.,0.968147640378108));
#4931=DIRECTION('',(-1.,0.,0.));
#4932=DIRECTION('center_axis',(0.,1.,0.));
#4933=DIRECTION('ref_axis',(0.,0.,-1.));
#4934=DIRECTION('',(0.250380004054441,0.,0.968147640378108));
#4935=DIRECTION('',(-1.,0.,0.));
#4936=DIRECTION('',(0.250380004054441,0.,-0.968147640378108));
#4937=DIRECTION('',(1.,0.,0.));
#4938=DIRECTION('center_axis',(0.,1.,0.));
#4939=DIRECTION('ref_axis',(0.,0.,-1.));
#4940=DIRECTION('',(0.250380004054441,0.,-0.968147640378108));
#4941=DIRECTION('',(1.,0.,0.));
#4942=DIRECTION('',(0.250380004054441,0.,0.968147640378108));
#4943=DIRECTION('',(-1.,0.,0.));
#4944=DIRECTION('center_axis',(0.,1.,0.));
#4945=DIRECTION('ref_axis',(0.,0.,-1.));
#4946=DIRECTION('',(0.250380004054441,0.,0.968147640378108));
#4947=DIRECTION('',(-1.,0.,0.));
#4948=DIRECTION('',(0.250380004054441,0.,-0.968147640378108));
#4949=DIRECTION('',(1.,0.,0.));
#4950=DIRECTION('center_axis',(0.,1.,0.));
#4951=DIRECTION('ref_axis',(0.,0.,-1.));
#4952=DIRECTION('',(0.250380004054441,0.,-0.968147640378108));
#4953=DIRECTION('',(1.,0.,0.));
#4954=DIRECTION('',(0.250380004054441,0.,0.968147640378108));
#4955=DIRECTION('',(-1.,0.,0.));
#4956=DIRECTION('center_axis',(0.,1.,0.));
#4957=DIRECTION('ref_axis',(0.,0.,-1.));
#4958=DIRECTION('',(0.250380004054441,0.,0.968147640378108));
#4959=DIRECTION('',(-1.,0.,0.));
#4960=DIRECTION('',(0.250380004054441,0.,-0.968147640378108));
#4961=DIRECTION('',(1.,0.,0.));
#4962=DIRECTION('center_axis',(0.,1.,0.));
#4963=DIRECTION('ref_axis',(0.,0.,-1.));
#4964=DIRECTION('',(0.250380004054441,0.,-0.968147640378108));
#4965=DIRECTION('',(1.,0.,0.));
#4966=DIRECTION('',(0.250380004054441,0.,0.968147640378108));
#4967=DIRECTION('',(-1.,0.,0.));
#4968=DIRECTION('center_axis',(0.,1.,0.));
#4969=DIRECTION('ref_axis',(0.,0.,-1.));
#4970=DIRECTION('',(0.250380004054441,0.,0.968147640378108));
#4971=DIRECTION('',(-1.,0.,0.));
#4972=DIRECTION('',(0.250380004054441,0.,-0.968147640378108));
#4973=DIRECTION('',(1.,0.,0.));
#4974=DIRECTION('center_axis',(0.,1.,0.));
#4975=DIRECTION('ref_axis',(0.,0.,-1.));
#4976=DIRECTION('',(0.250380004054441,0.,-0.968147640378108));
#4977=DIRECTION('',(1.,0.,0.));
#4978=DIRECTION('',(0.250380004054441,0.,0.968147640378108));
#4979=DIRECTION('',(-1.,0.,0.));
#4980=DIRECTION('center_axis',(0.,1.,0.));
#4981=DIRECTION('ref_axis',(0.,0.,-1.));
#4982=DIRECTION('',(0.250380004054441,0.,0.968147640378108));
#4983=DIRECTION('',(-1.,0.,0.));
#4984=DIRECTION('',(0.250380004054441,0.,-0.968147640378108));
#4985=DIRECTION('',(1.,0.,0.));
#4986=DIRECTION('center_axis',(0.,1.,0.));
#4987=DIRECTION('ref_axis',(0.,0.,-1.));
#4988=DIRECTION('',(0.250380004054441,0.,-0.968147640378108));
#4989=DIRECTION('',(1.,0.,0.));
#4990=DIRECTION('',(0.250380004054441,0.,0.968147640378108));
#4991=DIRECTION('',(-1.,0.,0.));
#4992=DIRECTION('center_axis',(0.,1.,0.));
#4993=DIRECTION('ref_axis',(0.,0.,-1.));
#4994=DIRECTION('',(0.250380004054441,0.,0.968147640378108));
#4995=DIRECTION('',(-1.,0.,0.));
#4996=DIRECTION('',(0.250380004054441,0.,-0.968147640378108));
#4997=DIRECTION('',(1.,0.,0.));
#4998=DIRECTION('center_axis',(0.,1.,0.));
#4999=DIRECTION('ref_axis',(0.,0.,-1.));
#5000=DIRECTION('',(0.250380004054441,0.,-0.968147640378108));
#5001=DIRECTION('',(1.,0.,0.));
#5002=DIRECTION('',(0.250380004054441,0.,0.968147640378108));
#5003=DIRECTION('',(-1.,0.,0.));
#5004=DIRECTION('center_axis',(0.,1.,0.));
#5005=DIRECTION('ref_axis',(0.,0.,-1.));
#5006=DIRECTION('',(0.250380004054441,0.,0.968147640378108));
#5007=DIRECTION('',(-1.,0.,0.));
#5008=DIRECTION('',(0.250380004054441,0.,-0.968147640378108));
#5009=DIRECTION('',(1.,0.,0.));
#5010=DIRECTION('center_axis',(0.,1.,0.));
#5011=DIRECTION('ref_axis',(0.,0.,-1.));
#5012=DIRECTION('',(0.250380004054441,0.,-0.968147640378108));
#5013=DIRECTION('',(1.,0.,0.));
#5014=DIRECTION('',(0.250380004054441,0.,0.968147640378108));
#5015=DIRECTION('',(-1.,0.,0.));
#5016=DIRECTION('center_axis',(0.,1.,0.));
#5017=DIRECTION('ref_axis',(0.,0.,-1.));
#5018=DIRECTION('',(0.250380004054441,0.,0.968147640378108));
#5019=DIRECTION('',(-1.,0.,0.));
#5020=DIRECTION('',(0.250380004054441,0.,-0.968147640378108));
#5021=DIRECTION('',(1.,0.,0.));
#5022=DIRECTION('center_axis',(0.,1.,0.));
#5023=DIRECTION('ref_axis',(0.,0.,-1.));
#5024=DIRECTION('',(0.250380004054441,0.,-0.968147640378108));
#5025=DIRECTION('',(1.,0.,0.));
#5026=DIRECTION('',(0.250380004054441,0.,0.968147640378108));
#5027=DIRECTION('',(-1.,0.,0.));
#5028=DIRECTION('center_axis',(0.,1.,0.));
#5029=DIRECTION('ref_axis',(0.,0.,-1.));
#5030=DIRECTION('',(0.250380004054441,0.,0.968147640378108));
#5031=DIRECTION('',(-1.,0.,0.));
#5032=DIRECTION('',(0.250380004054441,0.,-0.968147640378108));
#5033=DIRECTION('',(1.,0.,0.));
#5034=DIRECTION('center_axis',(0.,1.,0.));
#5035=DIRECTION('ref_axis',(0.,0.,-1.));
#5036=DIRECTION('',(0.250380004054441,0.,-0.968147640378108));
#5037=DIRECTION('',(1.,0.,0.));
#5038=DIRECTION('',(0.250380004054441,0.,0.968147640378108));
#5039=DIRECTION('',(-1.,0.,0.));
#5040=DIRECTION('center_axis',(0.,1.,0.));
#5041=DIRECTION('ref_axis',(0.,0.,-1.));
#5042=DIRECTION('',(0.250380004054441,0.,-0.968147640378108));
#5043=DIRECTION('',(1.,0.,0.));
#5044=DIRECTION('',(0.250380004054441,0.,0.968147640378108));
#5045=DIRECTION('',(-1.,0.,0.));
#5046=DIRECTION('center_axis',(0.,1.,0.));
#5047=DIRECTION('ref_axis',(0.,0.,-1.));
#5048=DIRECTION('',(0.250380004054441,0.,0.968147640378108));
#5049=DIRECTION('',(-1.,0.,0.));
#5050=DIRECTION('',(0.250380004054441,0.,-0.968147640378108));
#5051=DIRECTION('',(1.,0.,0.));
#5052=DIRECTION('center_axis',(-0.968147640378108,-1.14877474525952E-16,
0.250380004054441));
#5053=DIRECTION('ref_axis',(-0.250380004054441,2.14971960316858E-16,-0.968147640378108));
#5054=DIRECTION('',(6.12323399573677E-17,-1.,-2.22044604925031E-16));
#5055=DIRECTION('',(0.250380004054441,-2.14971960316858E-16,0.968147640378108));
#5056=DIRECTION('',(6.12323399573677E-17,-1.,-2.22044604925031E-16));
#5057=DIRECTION('center_axis',(0.,-2.22044604925031E-16,1.));
#5058=DIRECTION('ref_axis',(-1.,0.,0.));
#5059=DIRECTION('',(6.12323399573677E-17,-1.,-2.22044604925031E-16));
#5060=DIRECTION('',(1.,0.,0.));
#5061=DIRECTION('center_axis',(-0.968147640378108,-1.14877474525952E-16,
0.250380004054441));
#5062=DIRECTION('ref_axis',(-0.250380004054441,2.14971960316858E-16,-0.968147640378108));
#5063=DIRECTION('',(6.12323399573677E-17,-1.,-2.22044604925031E-16));
#5064=DIRECTION('',(0.250380004054441,-2.14971960316858E-16,0.968147640378108));
#5065=DIRECTION('',(6.12323399573677E-17,-1.,-2.22044604925031E-16));
#5066=DIRECTION('center_axis',(-0.968147640378108,-1.14877474525952E-16,
0.250380004054441));
#5067=DIRECTION('ref_axis',(-0.250380004054441,2.14971960316858E-16,-0.968147640378108));
#5068=DIRECTION('',(6.12323399573677E-17,-1.,-2.22044604925031E-16));
#5069=DIRECTION('',(0.250380004054441,-2.14971960316858E-16,0.968147640378108));
#5070=DIRECTION('',(6.12323399573677E-17,-1.,-2.22044604925031E-16));
#5071=DIRECTION('center_axis',(0.,-2.22044604925031E-16,1.));
#5072=DIRECTION('ref_axis',(-1.,0.,0.));
#5073=DIRECTION('',(6.12323399573677E-17,-1.,-2.22044604925031E-16));
#5074=DIRECTION('',(1.,0.,0.));
#5075=DIRECTION('center_axis',(-0.968147640378108,-1.14877474525952E-16,
0.250380004054441));
#5076=DIRECTION('ref_axis',(-0.250380004054441,2.14971960316858E-16,-0.968147640378108));
#5077=DIRECTION('',(6.12323399573677E-17,-1.,-2.22044604925031E-16));
#5078=DIRECTION('',(0.250380004054441,-2.14971960316858E-16,0.968147640378108));
#5079=DIRECTION('',(6.12323399573677E-17,-1.,-2.22044604925031E-16));
#5080=DIRECTION('center_axis',(-0.968147640378108,-1.14877474525952E-16,
0.250380004054441));
#5081=DIRECTION('ref_axis',(-0.250380004054441,2.14971960316858E-16,-0.968147640378108));
#5082=DIRECTION('',(6.12323399573677E-17,-1.,-2.22044604925031E-16));
#5083=DIRECTION('',(0.250380004054441,-2.14971960316858E-16,0.968147640378108));
#5084=DIRECTION('',(6.12323399573677E-17,-1.,-2.22044604925031E-16));
#5085=DIRECTION('center_axis',(0.,-2.22044604925031E-16,1.));
#5086=DIRECTION('ref_axis',(-1.,0.,0.));
#5087=DIRECTION('',(6.12323399573677E-17,-1.,-2.22044604925031E-16));
#5088=DIRECTION('',(1.,0.,0.));
#5089=DIRECTION('center_axis',(-0.968147640378108,-1.14877474525952E-16,
0.250380004054441));
#5090=DIRECTION('ref_axis',(-0.250380004054441,2.14971960316858E-16,-0.968147640378108));
#5091=DIRECTION('',(6.12323399573677E-17,-1.,-2.22044604925031E-16));
#5092=DIRECTION('',(0.250380004054441,-2.14971960316858E-16,0.968147640378108));
#5093=DIRECTION('',(6.12323399573677E-17,-1.,-2.22044604925031E-16));
#5094=DIRECTION('center_axis',(-0.968147640378108,-1.14877474525952E-16,
0.250380004054441));
#5095=DIRECTION('ref_axis',(-0.250380004054441,2.14971960316858E-16,-0.968147640378108));
#5096=DIRECTION('',(6.12323399573677E-17,-1.,-2.22044604925031E-16));
#5097=DIRECTION('',(0.250380004054441,-2.14971960316858E-16,0.968147640378108));
#5098=DIRECTION('',(6.12323399573677E-17,-1.,-2.22044604925031E-16));
#5099=DIRECTION('center_axis',(0.,-2.22044604925031E-16,1.));
#5100=DIRECTION('ref_axis',(-1.,0.,0.));
#5101=DIRECTION('',(6.12323399573677E-17,-1.,-2.22044604925031E-16));
#5102=DIRECTION('',(1.,0.,0.));
#5103=DIRECTION('center_axis',(-0.968147640378108,-1.14877474525952E-16,
0.250380004054441));
#5104=DIRECTION('ref_axis',(-0.250380004054441,2.14971960316858E-16,-0.968147640378108));
#5105=DIRECTION('',(6.12323399573677E-17,-1.,-2.22044604925031E-16));
#5106=DIRECTION('',(0.250380004054441,-2.14971960316858E-16,0.968147640378108));
#5107=DIRECTION('',(6.12323399573677E-17,-1.,-2.22044604925031E-16));
#5108=DIRECTION('center_axis',(-0.968147640378108,-1.14877474525952E-16,
0.250380004054441));
#5109=DIRECTION('ref_axis',(-0.250380004054441,2.14971960316858E-16,-0.968147640378108));
#5110=DIRECTION('',(6.12323399573677E-17,-1.,-2.22044604925031E-16));
#5111=DIRECTION('',(0.250380004054441,-2.14971960316858E-16,0.968147640378108));
#5112=DIRECTION('',(6.12323399573677E-17,-1.,-2.22044604925031E-16));
#5113=DIRECTION('center_axis',(0.,-2.22044604925031E-16,1.));
#5114=DIRECTION('ref_axis',(-1.,0.,0.));
#5115=DIRECTION('',(6.12323399573677E-17,-1.,-2.22044604925031E-16));
#5116=DIRECTION('',(1.,0.,0.));
#5117=DIRECTION('center_axis',(-0.968147640378108,-1.14877474525952E-16,
0.250380004054441));
#5118=DIRECTION('ref_axis',(-0.250380004054441,2.14971960316858E-16,-0.968147640378108));
#5119=DIRECTION('',(6.12323399573677E-17,-1.,-2.22044604925031E-16));
#5120=DIRECTION('',(0.250380004054441,-2.14971960316858E-16,0.968147640378108));
#5121=DIRECTION('',(6.12323399573677E-17,-1.,-2.22044604925031E-16));
#5122=DIRECTION('center_axis',(-0.968147640378108,-1.14877474525952E-16,
0.250380004054441));
#5123=DIRECTION('ref_axis',(-0.250380004054441,2.14971960316858E-16,-0.968147640378108));
#5124=DIRECTION('',(6.12323399573677E-17,-1.,-2.22044604925031E-16));
#5125=DIRECTION('',(0.250380004054441,-2.14971960316858E-16,0.968147640378108));
#5126=DIRECTION('',(6.12323399573677E-17,-1.,-2.22044604925031E-16));
#5127=DIRECTION('center_axis',(0.,-2.22044604925031E-16,1.));
#5128=DIRECTION('ref_axis',(-1.,0.,0.));
#5129=DIRECTION('',(6.12323399573677E-17,-1.,-2.22044604925031E-16));
#5130=DIRECTION('',(1.,0.,0.));
#5131=DIRECTION('center_axis',(-0.968147640378108,-1.14877474525952E-16,
0.250380004054441));
#5132=DIRECTION('ref_axis',(-0.250380004054441,2.14971960316858E-16,-0.968147640378108));
#5133=DIRECTION('',(6.12323399573677E-17,-1.,-2.22044604925031E-16));
#5134=DIRECTION('',(0.250380004054441,-2.14971960316858E-16,0.968147640378108));
#5135=DIRECTION('',(6.12323399573677E-17,-1.,-2.22044604925031E-16));
#5136=DIRECTION('center_axis',(-0.968147640378108,-1.14877474525952E-16,
0.250380004054441));
#5137=DIRECTION('ref_axis',(-0.250380004054441,2.14971960316858E-16,-0.968147640378108));
#5138=DIRECTION('',(6.12323399573677E-17,-1.,-2.22044604925031E-16));
#5139=DIRECTION('',(0.250380004054441,-2.14971960316858E-16,0.968147640378108));
#5140=DIRECTION('',(6.12323399573677E-17,-1.,-2.22044604925031E-16));
#5141=DIRECTION('center_axis',(0.,-2.22044604925031E-16,1.));
#5142=DIRECTION('ref_axis',(-1.,0.,0.));
#5143=DIRECTION('',(6.12323399573677E-17,-1.,-2.22044604925031E-16));
#5144=DIRECTION('',(1.,0.,0.));
#5145=DIRECTION('center_axis',(-0.968147640378108,-1.14877474525952E-16,
0.250380004054441));
#5146=DIRECTION('ref_axis',(-0.250380004054441,2.14971960316858E-16,-0.968147640378108));
#5147=DIRECTION('',(6.12323399573677E-17,-1.,-2.22044604925031E-16));
#5148=DIRECTION('',(0.250380004054441,-2.14971960316858E-16,0.968147640378108));
#5149=DIRECTION('',(6.12323399573677E-17,-1.,-2.22044604925031E-16));
#5150=DIRECTION('center_axis',(-0.968147640378108,-1.14877474525952E-16,
0.250380004054441));
#5151=DIRECTION('ref_axis',(-0.250380004054441,2.14971960316858E-16,-0.968147640378108));
#5152=DIRECTION('',(6.12323399573677E-17,-1.,-2.22044604925031E-16));
#5153=DIRECTION('',(0.250380004054441,-2.14971960316858E-16,0.968147640378108));
#5154=DIRECTION('',(6.12323399573677E-17,-1.,-2.22044604925031E-16));
#5155=DIRECTION('center_axis',(0.,-2.22044604925031E-16,1.));
#5156=DIRECTION('ref_axis',(-1.,0.,0.));
#5157=DIRECTION('',(6.12323399573677E-17,-1.,-2.22044604925031E-16));
#5158=DIRECTION('',(1.,0.,0.));
#5159=DIRECTION('center_axis',(-0.968147640378108,-1.14877474525952E-16,
0.250380004054441));
#5160=DIRECTION('ref_axis',(-0.250380004054441,2.14971960316858E-16,-0.968147640378108));
#5161=DIRECTION('',(6.12323399573677E-17,-1.,-2.22044604925031E-16));
#5162=DIRECTION('',(0.250380004054441,-2.14971960316858E-16,0.968147640378108));
#5163=DIRECTION('',(6.12323399573677E-17,-1.,-2.22044604925031E-16));
#5164=DIRECTION('center_axis',(-0.968147640378108,-1.14877474525952E-16,
0.250380004054441));
#5165=DIRECTION('ref_axis',(-0.250380004054441,2.14971960316858E-16,-0.968147640378108));
#5166=DIRECTION('',(6.12323399573677E-17,-1.,-2.22044604925031E-16));
#5167=DIRECTION('',(0.250380004054441,-2.14971960316858E-16,0.968147640378108));
#5168=DIRECTION('',(6.12323399573677E-17,-1.,-2.22044604925031E-16));
#5169=DIRECTION('center_axis',(0.,-2.22044604925031E-16,1.));
#5170=DIRECTION('ref_axis',(-1.,0.,0.));
#5171=DIRECTION('',(6.12323399573677E-17,-1.,-2.22044604925031E-16));
#5172=DIRECTION('',(1.,0.,0.));
#5173=DIRECTION('center_axis',(-0.968147640378108,-1.14877474525952E-16,
0.250380004054441));
#5174=DIRECTION('ref_axis',(-0.250380004054441,2.14971960316858E-16,-0.968147640378108));
#5175=DIRECTION('',(6.12323399573677E-17,-1.,-2.22044604925031E-16));
#5176=DIRECTION('',(0.250380004054441,-2.14971960316858E-16,0.968147640378108));
#5177=DIRECTION('',(6.12323399573677E-17,-1.,-2.22044604925031E-16));
#5178=DIRECTION('center_axis',(-0.968147640378108,-1.14877474525952E-16,
0.250380004054441));
#5179=DIRECTION('ref_axis',(-0.250380004054441,2.14971960316858E-16,-0.968147640378108));
#5180=DIRECTION('',(6.12323399573677E-17,-1.,-2.22044604925031E-16));
#5181=DIRECTION('',(0.250380004054441,-2.14971960316858E-16,0.968147640378108));
#5182=DIRECTION('',(6.12323399573677E-17,-1.,-2.22044604925031E-16));
#5183=DIRECTION('center_axis',(0.,-2.22044604925031E-16,1.));
#5184=DIRECTION('ref_axis',(-1.,0.,0.));
#5185=DIRECTION('',(6.12323399573677E-17,-1.,-2.22044604925031E-16));
#5186=DIRECTION('',(1.,0.,0.));
#5187=DIRECTION('center_axis',(-0.968147640378108,-1.14877474525952E-16,
0.250380004054441));
#5188=DIRECTION('ref_axis',(-0.250380004054441,2.14971960316858E-16,-0.968147640378108));
#5189=DIRECTION('',(6.12323399573677E-17,-1.,-2.22044604925031E-16));
#5190=DIRECTION('',(0.250380004054441,-2.14971960316858E-16,0.968147640378108));
#5191=DIRECTION('',(6.12323399573677E-17,-1.,-2.22044604925031E-16));
#5192=DIRECTION('center_axis',(-0.968147640378108,-1.14877474525952E-16,
0.250380004054441));
#5193=DIRECTION('ref_axis',(-0.250380004054441,2.14971960316858E-16,-0.968147640378108));
#5194=DIRECTION('',(6.12323399573677E-17,-1.,-2.22044604925031E-16));
#5195=DIRECTION('',(0.250380004054441,-2.14971960316858E-16,0.968147640378108));
#5196=DIRECTION('',(6.12323399573677E-17,-1.,-2.22044604925031E-16));
#5197=DIRECTION('center_axis',(0.,-2.22044604925031E-16,1.));
#5198=DIRECTION('ref_axis',(-1.,0.,0.));
#5199=DIRECTION('',(6.12323399573677E-17,-1.,-2.22044604925031E-16));
#5200=DIRECTION('',(1.,0.,0.));
#5201=DIRECTION('center_axis',(-0.968147640378108,-1.14877474525952E-16,
0.250380004054441));
#5202=DIRECTION('ref_axis',(-0.250380004054441,2.14971960316858E-16,-0.968147640378108));
#5203=DIRECTION('',(6.12323399573677E-17,-1.,-2.22044604925031E-16));
#5204=DIRECTION('',(0.250380004054441,-2.14971960316858E-16,0.968147640378108));
#5205=DIRECTION('',(6.12323399573677E-17,-1.,-2.22044604925031E-16));
#5206=DIRECTION('center_axis',(-0.968147640378108,-1.14877474525952E-16,
0.250380004054441));
#5207=DIRECTION('ref_axis',(-0.250380004054441,2.14971960316858E-16,-0.968147640378108));
#5208=DIRECTION('',(6.12323399573677E-17,-1.,-2.22044604925031E-16));
#5209=DIRECTION('',(0.250380004054441,-2.14971960316858E-16,0.968147640378108));
#5210=DIRECTION('',(6.12323399573677E-17,-1.,-2.22044604925031E-16));
#5211=DIRECTION('center_axis',(0.,-2.22044604925031E-16,1.));
#5212=DIRECTION('ref_axis',(-1.,0.,0.));
#5213=DIRECTION('',(6.12323399573677E-17,-1.,-2.22044604925031E-16));
#5214=DIRECTION('',(1.,0.,0.));
#5215=DIRECTION('center_axis',(-0.968147640378108,-1.14877474525952E-16,
0.250380004054441));
#5216=DIRECTION('ref_axis',(-0.250380004054441,2.14971960316858E-16,-0.968147640378108));
#5217=DIRECTION('',(6.12323399573677E-17,-1.,-2.22044604925031E-16));
#5218=DIRECTION('',(0.250380004054441,-2.14971960316858E-16,0.968147640378108));
#5219=DIRECTION('',(6.12323399573677E-17,-1.,-2.22044604925031E-16));
#5220=DIRECTION('center_axis',(-0.968147640378108,-1.14877474525952E-16,
0.250380004054441));
#5221=DIRECTION('ref_axis',(-0.250380004054441,2.14971960316858E-16,-0.968147640378108));
#5222=DIRECTION('',(6.12323399573677E-17,-1.,-2.22044604925031E-16));
#5223=DIRECTION('',(0.250380004054441,-2.14971960316858E-16,0.968147640378108));
#5224=DIRECTION('',(6.12323399573677E-17,-1.,-2.22044604925031E-16));
#5225=DIRECTION('center_axis',(0.,-2.22044604925031E-16,1.));
#5226=DIRECTION('ref_axis',(-1.,0.,0.));
#5227=DIRECTION('',(6.12323399573677E-17,-1.,-2.22044604925031E-16));
#5228=DIRECTION('',(1.,0.,0.));
#5229=DIRECTION('center_axis',(-0.968147640378108,-1.14877474525952E-16,
0.250380004054441));
#5230=DIRECTION('ref_axis',(-0.250380004054441,2.14971960316858E-16,-0.968147640378108));
#5231=DIRECTION('',(6.12323399573677E-17,-1.,-2.22044604925031E-16));
#5232=DIRECTION('',(0.250380004054441,-2.14971960316858E-16,0.968147640378108));
#5233=DIRECTION('',(6.12323399573677E-17,-1.,-2.22044604925031E-16));
#5234=DIRECTION('center_axis',(-0.968147640378108,-1.14877474525952E-16,
0.250380004054441));
#5235=DIRECTION('ref_axis',(-0.250380004054441,2.14971960316858E-16,-0.968147640378108));
#5236=DIRECTION('',(6.12323399573677E-17,-1.,-2.22044604925031E-16));
#5237=DIRECTION('',(0.250380004054441,-2.14971960316858E-16,0.968147640378108));
#5238=DIRECTION('',(6.12323399573677E-17,-1.,-2.22044604925031E-16));
#5239=DIRECTION('center_axis',(0.,-2.22044604925031E-16,1.));
#5240=DIRECTION('ref_axis',(-1.,0.,0.));
#5241=DIRECTION('',(6.12323399573677E-17,-1.,-2.22044604925031E-16));
#5242=DIRECTION('',(1.,0.,0.));
#5243=DIRECTION('center_axis',(-0.968147640378108,-1.14877474525952E-16,
0.250380004054441));
#5244=DIRECTION('ref_axis',(-0.250380004054441,2.14971960316858E-16,-0.968147640378108));
#5245=DIRECTION('',(6.12323399573677E-17,-1.,-2.22044604925031E-16));
#5246=DIRECTION('',(0.250380004054441,-2.14971960316858E-16,0.968147640378108));
#5247=DIRECTION('',(6.12323399573677E-17,-1.,-2.22044604925031E-16));
#5248=DIRECTION('center_axis',(-0.968147640378108,-1.14877474525952E-16,
0.250380004054441));
#5249=DIRECTION('ref_axis',(-0.250380004054441,2.14971960316858E-16,-0.968147640378108));
#5250=DIRECTION('',(6.12323399573677E-17,-1.,-2.22044604925031E-16));
#5251=DIRECTION('',(0.250380004054441,-2.14971960316858E-16,0.968147640378108));
#5252=DIRECTION('',(6.12323399573677E-17,-1.,-2.22044604925031E-16));
#5253=DIRECTION('center_axis',(0.,-2.22044604925031E-16,1.));
#5254=DIRECTION('ref_axis',(-1.,0.,0.));
#5255=DIRECTION('',(6.12323399573677E-17,-1.,-2.22044604925031E-16));
#5256=DIRECTION('',(1.,0.,0.));
#5257=DIRECTION('center_axis',(-0.968147640378108,-1.14877474525952E-16,
0.250380004054441));
#5258=DIRECTION('ref_axis',(-0.250380004054441,2.14971960316858E-16,-0.968147640378108));
#5259=DIRECTION('',(6.12323399573677E-17,-1.,-2.22044604925031E-16));
#5260=DIRECTION('',(0.250380004054441,-2.14971960316858E-16,0.968147640378108));
#5261=DIRECTION('',(6.12323399573677E-17,-1.,-2.22044604925031E-16));
#5262=DIRECTION('center_axis',(-0.968147640378108,-1.14877474525952E-16,
0.250380004054441));
#5263=DIRECTION('ref_axis',(-0.250380004054441,2.14971960316858E-16,-0.968147640378108));
#5264=DIRECTION('',(6.12323399573677E-17,-1.,-2.22044604925031E-16));
#5265=DIRECTION('',(0.250380004054441,-2.14971960316858E-16,0.968147640378108));
#5266=DIRECTION('',(6.12323399573677E-17,-1.,-2.22044604925031E-16));
#5267=DIRECTION('center_axis',(0.,-2.22044604925031E-16,1.));
#5268=DIRECTION('ref_axis',(-1.,0.,0.));
#5269=DIRECTION('',(6.12323399573677E-17,-1.,-2.22044604925031E-16));
#5270=DIRECTION('',(1.,0.,0.));
#5271=DIRECTION('center_axis',(-0.968147640378108,-1.14877474525952E-16,
0.250380004054441));
#5272=DIRECTION('ref_axis',(-0.250380004054441,2.14971960316858E-16,-0.968147640378108));
#5273=DIRECTION('',(6.12323399573677E-17,-1.,-2.22044604925031E-16));
#5274=DIRECTION('',(0.250380004054441,-2.14971960316858E-16,0.968147640378108));
#5275=DIRECTION('',(6.12323399573677E-17,-1.,-2.22044604925031E-16));
#5276=DIRECTION('center_axis',(-0.968147640378108,-1.14877474525952E-16,
0.250380004054441));
#5277=DIRECTION('ref_axis',(-0.250380004054441,2.14971960316858E-16,-0.968147640378108));
#5278=DIRECTION('',(6.12323399573677E-17,-1.,-2.22044604925031E-16));
#5279=DIRECTION('',(0.250380004054441,-2.14971960316858E-16,0.968147640378108));
#5280=DIRECTION('',(6.12323399573677E-17,-1.,-2.22044604925031E-16));
#5281=DIRECTION('center_axis',(0.,-2.22044604925031E-16,1.));
#5282=DIRECTION('ref_axis',(-1.,0.,0.));
#5283=DIRECTION('',(6.12323399573677E-17,-1.,-2.22044604925031E-16));
#5284=DIRECTION('',(1.,0.,0.));
#5285=DIRECTION('center_axis',(-0.968147640378108,-1.14877474525952E-16,
0.250380004054441));
#5286=DIRECTION('ref_axis',(-0.250380004054441,2.14971960316858E-16,-0.968147640378108));
#5287=DIRECTION('',(6.12323399573677E-17,-1.,-2.22044604925031E-16));
#5288=DIRECTION('',(0.250380004054441,-2.14971960316858E-16,0.968147640378108));
#5289=DIRECTION('',(6.12323399573677E-17,-1.,-2.22044604925031E-16));
#5290=DIRECTION('center_axis',(-0.968147640378108,-1.14877474525952E-16,
0.250380004054441));
#5291=DIRECTION('ref_axis',(-0.250380004054441,2.14971960316858E-16,-0.968147640378108));
#5292=DIRECTION('',(6.12323399573677E-17,-1.,-2.22044604925031E-16));
#5293=DIRECTION('',(0.250380004054441,-2.14971960316858E-16,0.968147640378108));
#5294=DIRECTION('',(6.12323399573677E-17,-1.,-2.22044604925031E-16));
#5295=DIRECTION('center_axis',(0.,-2.22044604925031E-16,1.));
#5296=DIRECTION('ref_axis',(-1.,0.,0.));
#5297=DIRECTION('',(6.12323399573677E-17,-1.,-2.22044604925031E-16));
#5298=DIRECTION('',(1.,0.,0.));
#5299=DIRECTION('center_axis',(-0.968147640378108,-1.14877474525952E-16,
0.250380004054441));
#5300=DIRECTION('ref_axis',(-0.250380004054441,2.14971960316858E-16,-0.968147640378108));
#5301=DIRECTION('',(6.12323399573677E-17,-1.,-2.22044604925031E-16));
#5302=DIRECTION('',(0.250380004054441,-2.14971960316858E-16,0.968147640378108));
#5303=DIRECTION('',(6.12323399573677E-17,-1.,-2.22044604925031E-16));
#5304=DIRECTION('center_axis',(-0.968147640378108,-1.14877474525952E-16,
0.250380004054441));
#5305=DIRECTION('ref_axis',(-0.250380004054441,2.14971960316858E-16,-0.968147640378108));
#5306=DIRECTION('',(6.12323399573677E-17,-1.,-2.22044604925031E-16));
#5307=DIRECTION('',(0.250380004054441,-2.14971960316858E-16,0.968147640378108));
#5308=DIRECTION('',(6.12323399573677E-17,-1.,-2.22044604925031E-16));
#5309=DIRECTION('center_axis',(0.,-2.22044604925031E-16,1.));
#5310=DIRECTION('ref_axis',(-1.,0.,0.));
#5311=DIRECTION('',(6.12323399573677E-17,-1.,-2.22044604925031E-16));
#5312=DIRECTION('',(1.,0.,0.));
#5313=DIRECTION('center_axis',(-0.968147640378108,-1.14877474525952E-16,
0.250380004054441));
#5314=DIRECTION('ref_axis',(-0.250380004054441,2.14971960316858E-16,-0.968147640378108));
#5315=DIRECTION('',(6.12323399573677E-17,-1.,-2.22044604925031E-16));
#5316=DIRECTION('',(0.250380004054441,-2.14971960316858E-16,0.968147640378108));
#5317=DIRECTION('',(6.12323399573677E-17,-1.,-2.22044604925031E-16));
#5318=DIRECTION('center_axis',(-0.968147640378108,-1.14877474525952E-16,
0.250380004054441));
#5319=DIRECTION('ref_axis',(-0.250380004054441,2.14971960316858E-16,-0.968147640378108));
#5320=DIRECTION('',(6.12323399573677E-17,-1.,-2.22044604925031E-16));
#5321=DIRECTION('',(0.250380004054441,-2.14971960316858E-16,0.968147640378108));
#5322=DIRECTION('',(6.12323399573677E-17,-1.,-2.22044604925031E-16));
#5323=DIRECTION('center_axis',(0.,-2.22044604925031E-16,1.));
#5324=DIRECTION('ref_axis',(-1.,0.,0.));
#5325=DIRECTION('',(6.12323399573677E-17,-1.,-2.22044604925031E-16));
#5326=DIRECTION('',(1.,0.,0.));
#5327=DIRECTION('center_axis',(-0.968147640378108,-1.14877474525952E-16,
0.250380004054441));
#5328=DIRECTION('ref_axis',(-0.250380004054441,2.14971960316858E-16,-0.968147640378108));
#5329=DIRECTION('',(6.12323399573677E-17,-1.,-2.22044604925031E-16));
#5330=DIRECTION('',(0.250380004054441,-2.14971960316858E-16,0.968147640378108));
#5331=DIRECTION('',(6.12323399573677E-17,-1.,-2.22044604925031E-16));
#5332=DIRECTION('center_axis',(-0.968147640378108,-1.14877474525952E-16,
0.250380004054441));
#5333=DIRECTION('ref_axis',(-0.250380004054441,2.14971960316858E-16,-0.968147640378108));
#5334=DIRECTION('',(6.12323399573677E-17,-1.,-2.22044604925031E-16));
#5335=DIRECTION('',(0.250380004054441,-2.14971960316858E-16,0.968147640378108));
#5336=DIRECTION('',(6.12323399573677E-17,-1.,-2.22044604925031E-16));
#5337=DIRECTION('center_axis',(0.,-2.22044604925031E-16,1.));
#5338=DIRECTION('ref_axis',(-1.,0.,0.));
#5339=DIRECTION('',(6.12323399573677E-17,-1.,-2.22044604925031E-16));
#5340=DIRECTION('',(1.,0.,0.));
#5341=DIRECTION('center_axis',(-0.968147640378108,-1.14877474525952E-16,
0.250380004054441));
#5342=DIRECTION('ref_axis',(-0.250380004054441,2.14971960316858E-16,-0.968147640378108));
#5343=DIRECTION('',(6.12323399573677E-17,-1.,-2.22044604925031E-16));
#5344=DIRECTION('',(0.250380004054441,-2.14971960316858E-16,0.968147640378108));
#5345=DIRECTION('',(6.12323399573677E-17,-1.,-2.22044604925031E-16));
#5346=DIRECTION('center_axis',(-0.968147640378108,-1.14877474525952E-16,
0.250380004054441));
#5347=DIRECTION('ref_axis',(-0.250380004054441,2.14971960316858E-16,-0.968147640378108));
#5348=DIRECTION('',(6.12323399573677E-17,-1.,-2.22044604925031E-16));
#5349=DIRECTION('',(0.250380004054441,-2.14971960316858E-16,0.968147640378108));
#5350=DIRECTION('',(6.12323399573677E-17,-1.,-2.22044604925031E-16));
#5351=DIRECTION('center_axis',(0.,-2.22044604925031E-16,1.));
#5352=DIRECTION('ref_axis',(-1.,0.,0.));
#5353=DIRECTION('',(6.12323399573677E-17,-1.,-2.22044604925031E-16));
#5354=DIRECTION('',(1.,0.,0.));
#5355=DIRECTION('center_axis',(-0.968147640378108,-1.14877474525952E-16,
0.250380004054441));
#5356=DIRECTION('ref_axis',(-0.250380004054441,2.14971960316858E-16,-0.968147640378108));
#5357=DIRECTION('',(6.12323399573677E-17,-1.,-2.22044604925031E-16));
#5358=DIRECTION('',(0.250380004054441,-2.14971960316858E-16,0.968147640378108));
#5359=DIRECTION('',(6.12323399573677E-17,-1.,-2.22044604925031E-16));
#5360=DIRECTION('center_axis',(-0.968147640378108,-1.14877474525952E-16,
0.250380004054441));
#5361=DIRECTION('ref_axis',(-0.250380004054441,2.14971960316858E-16,-0.968147640378108));
#5362=DIRECTION('',(6.12323399573677E-17,-1.,-2.22044604925031E-16));
#5363=DIRECTION('',(0.250380004054441,-2.14971960316858E-16,0.968147640378108));
#5364=DIRECTION('',(6.12323399573677E-17,-1.,-2.22044604925031E-16));
#5365=DIRECTION('center_axis',(0.,-2.22044604925031E-16,1.));
#5366=DIRECTION('ref_axis',(-1.,0.,0.));
#5367=DIRECTION('',(6.12323399573677E-17,-1.,-2.22044604925031E-16));
#5368=DIRECTION('',(1.,0.,0.));
#5369=DIRECTION('center_axis',(-0.968147640378108,-1.14877474525952E-16,
0.250380004054441));
#5370=DIRECTION('ref_axis',(-0.250380004054441,2.14971960316858E-16,-0.968147640378108));
#5371=DIRECTION('',(6.12323399573677E-17,-1.,-2.22044604925031E-16));
#5372=DIRECTION('',(0.250380004054441,-2.14971960316858E-16,0.968147640378108));
#5373=DIRECTION('',(6.12323399573677E-17,-1.,-2.22044604925031E-16));
#5374=DIRECTION('center_axis',(-0.968147640378108,-1.14877474525952E-16,
0.250380004054441));
#5375=DIRECTION('ref_axis',(-0.250380004054441,2.14971960316858E-16,-0.968147640378108));
#5376=DIRECTION('',(6.12323399573677E-17,-1.,-2.22044604925031E-16));
#5377=DIRECTION('',(0.250380004054441,-2.14971960316858E-16,0.968147640378108));
#5378=DIRECTION('',(6.12323399573677E-17,-1.,-2.22044604925031E-16));
#5379=DIRECTION('center_axis',(0.,-2.22044604925031E-16,1.));
#5380=DIRECTION('ref_axis',(-1.,0.,0.));
#5381=DIRECTION('',(6.12323399573677E-17,-1.,-2.22044604925031E-16));
#5382=DIRECTION('',(1.,0.,0.));
#5383=DIRECTION('center_axis',(-0.968147640378108,-1.14877474525952E-16,
0.250380004054441));
#5384=DIRECTION('ref_axis',(-0.250380004054441,2.14971960316858E-16,-0.968147640378108));
#5385=DIRECTION('',(6.12323399573677E-17,-1.,-2.22044604925031E-16));
#5386=DIRECTION('',(0.250380004054441,-2.14971960316858E-16,0.968147640378108));
#5387=DIRECTION('',(6.12323399573677E-17,-1.,-2.22044604925031E-16));
#5388=DIRECTION('center_axis',(-0.968147640378108,-1.14877474525952E-16,
0.250380004054441));
#5389=DIRECTION('ref_axis',(-0.250380004054441,2.14971960316858E-16,-0.968147640378108));
#5390=DIRECTION('',(6.12323399573677E-17,-1.,-2.22044604925031E-16));
#5391=DIRECTION('',(0.250380004054441,-2.14971960316858E-16,0.968147640378108));
#5392=DIRECTION('',(6.12323399573677E-17,-1.,-2.22044604925031E-16));
#5393=DIRECTION('center_axis',(0.,-2.22044604925031E-16,1.));
#5394=DIRECTION('ref_axis',(-1.,0.,0.));
#5395=DIRECTION('',(6.12323399573677E-17,-1.,-2.22044604925031E-16));
#5396=DIRECTION('',(1.,0.,0.));
#5397=DIRECTION('center_axis',(-0.968147640378108,-1.14877474525952E-16,
0.250380004054441));
#5398=DIRECTION('ref_axis',(-0.250380004054441,2.14971960316858E-16,-0.968147640378108));
#5399=DIRECTION('',(6.12323399573677E-17,-1.,-2.22044604925031E-16));
#5400=DIRECTION('',(0.250380004054441,-2.14971960316858E-16,0.968147640378108));
#5401=DIRECTION('',(6.12323399573677E-17,-1.,-2.22044604925031E-16));
#5402=DIRECTION('center_axis',(0.,-2.22044604925031E-16,1.));
#5403=DIRECTION('ref_axis',(-1.,0.,0.));
#5404=DIRECTION('',(6.12323399573677E-17,-1.,-2.22044604925031E-16));
#5405=DIRECTION('',(1.,0.,0.));
#5406=DIRECTION('center_axis',(0.,1.,0.));
#5407=DIRECTION('ref_axis',(1.,0.,0.));
#5408=DIRECTION('',(-1.,0.,0.));
#5409=DIRECTION('',(-1.40214755720271E-48,0.,-1.));
#5410=DIRECTION('',(1.,0.,0.));
#5411=DIRECTION('',(-1.40214755720271E-48,0.,-1.));
#5412=DIRECTION('center_axis',(-1.40214755720271E-48,0.,-1.));
#5413=DIRECTION('ref_axis',(-1.,0.,1.40214755720271E-48));
#5414=DIRECTION('',(0.,1.,0.));
#5415=DIRECTION('',(0.,-1.,0.));
#5416=DIRECTION('',(-1.,0.,0.));
#5417=DIRECTION('center_axis',(-1.,0.,0.));
#5418=DIRECTION('ref_axis',(0.,0.,-1.));
#5419=DIRECTION('',(0.,-2.22044604925031E-16,1.));
#5420=DIRECTION('',(0.,0.,-1.));
#5421=DIRECTION('center_axis',(1.,0.,0.));
#5422=DIRECTION('ref_axis',(0.,0.,1.));
#5423=DIRECTION('',(-1.40214755720271E-48,0.,-1.));
#5424=DIRECTION('',(0.,2.22044604925031E-16,-1.));
#5425=DIRECTION('center_axis',(0.,-1.,0.));
#5426=DIRECTION('ref_axis',(0.,0.,-1.));
#5427=DIRECTION('center_axis',(6.12323399573677E-17,-1.,-2.22044604925031E-16));
#5428=DIRECTION('ref_axis',(1.,6.12323399573677E-17,1.35963107344689E-32));
#5429=DIRECTION('',(-1.,-7.40148683083438E-17,0.));
#5430=DIRECTION('',(2.73691106313441E-48,2.22044604925031E-16,-1.));
#5431=DIRECTION('',(1.,7.40148683083438E-17,1.64346021921044E-32));
#5432=DIRECTION('center_axis',(0.,0.,-1.));
#5433=DIRECTION('ref_axis',(-1.,0.,0.));
#5434=DIRECTION('center_axis',(-1.64346021921044E-32,2.22044604925031E-16,
-1.));
#5435=DIRECTION('ref_axis',(-1.,0.,0.));
#5436=DIRECTION('',(0.,0.,-1.));
#5437=DIRECTION('center_axis',(0.,-2.22044604925031E-16,1.));
#5438=DIRECTION('ref_axis',(-1.,0.,0.));
#5439=DIRECTION('center_axis',(0.,0.,-1.));
#5440=DIRECTION('ref_axis',(-1.,0.,0.));
#5441=DIRECTION('center_axis',(2.73691106313441E-48,2.22044604925031E-16,
-1.));
#5442=DIRECTION('ref_axis',(-1.,0.,0.));
#5443=DIRECTION('',(0.,0.,-1.));
#5444=DIRECTION('center_axis',(0.,-2.22044604925031E-16,1.));
#5445=DIRECTION('ref_axis',(-1.,0.,0.));
#5446=DIRECTION('center_axis',(1.64346021921044E-32,-2.22044604925031E-16,
1.));
#5447=DIRECTION('ref_axis',(-0.707106781186547,-0.707106781186548,-1.57009245868378E-16));
#5448=DIRECTION('center_axis',(-1.64346021921044E-32,2.22044604925031E-16,
-1.));
#5449=DIRECTION('ref_axis',(-0.707106781186547,0.707106781186548,1.57009245868378E-16));
#5450=DIRECTION('',(-1.64346021921044E-32,2.22044604925031E-16,-1.));
#5451=DIRECTION('center_axis',(0.,-2.22044604925031E-16,1.));
#5452=DIRECTION('ref_axis',(-0.707106781186547,-0.707106781186548,-1.57009245868378E-16));
#5453=DIRECTION('',(1.64346021921044E-32,-2.22044604925031E-16,1.));
#5454=DIRECTION('center_axis',(6.12323399573677E-17,-1.,-2.22044604925031E-16));
#5455=DIRECTION('ref_axis',(1.,6.12323399573677E-17,1.35963107344689E-32));
#5456=DIRECTION('',(-1.,-7.40148683083438E-17,0.));
#5457=DIRECTION('',(-1.,-7.40148683083438E-17,0.));
#5458=DIRECTION('center_axis',(0.,2.22044604925031E-16,-1.));
#5459=DIRECTION('ref_axis',(1.,0.,0.));
#5460=DIRECTION('',(-1.,-7.40148683083438E-17,0.));
#5461=DIRECTION('center_axis',(0.,-2.22044604925031E-16,1.));
#5462=DIRECTION('ref_axis',(0.707106781186547,0.707106781186547,1.57009245868377E-16));
#5463=DIRECTION('center_axis',(2.73691106313441E-48,2.22044604925031E-16,
-1.));
#5464=DIRECTION('ref_axis',(0.707106781186548,-0.707106781186547,-1.57009245868378E-16));
#5465=DIRECTION('',(-2.73691106313441E-48,-2.22044604925031E-16,1.));
#5466=DIRECTION('center_axis',(2.73691106313441E-48,2.22044604925031E-16,
-1.));
#5467=DIRECTION('ref_axis',(0.707106781186548,-0.707106781186547,-1.57009245868378E-16));
#5468=DIRECTION('center_axis',(0.,-2.22044604925031E-16,1.));
#5469=DIRECTION('ref_axis',(-1.,0.,0.));
#5470=DIRECTION('',(1.,7.40148683083438E-17,1.64346021921044E-32));
#5471=DIRECTION('',(6.12323399573677E-17,-1.,-2.22044604925031E-16));
#5472=DIRECTION('',(1.,0.,0.));
#5473=DIRECTION('',(6.12323399573677E-17,-1.,-2.22044604925031E-16));
#5474=DIRECTION('',(1.,0.,0.));
#5475=DIRECTION('',(6.12323399573677E-17,-1.,-2.22044604925031E-16));
#5476=DIRECTION('',(1.,0.,0.));
#5477=DIRECTION('',(6.12323399573677E-17,-1.,-2.22044604925031E-16));
#5478=DIRECTION('',(1.,0.,0.));
#5479=DIRECTION('',(6.12323399573677E-17,-1.,-2.22044604925031E-16));
#5480=DIRECTION('',(1.,0.,0.));
#5481=DIRECTION('',(6.12323399573677E-17,-1.,-2.22044604925031E-16));
#5482=DIRECTION('',(1.,0.,0.));
#5483=DIRECTION('',(6.12323399573677E-17,-1.,-2.22044604925031E-16));
#5484=DIRECTION('',(1.,0.,0.));
#5485=DIRECTION('',(6.12323399573677E-17,-1.,-2.22044604925031E-16));
#5486=DIRECTION('',(1.,0.,0.));
#5487=DIRECTION('',(6.12323399573677E-17,-1.,-2.22044604925031E-16));
#5488=DIRECTION('',(1.,0.,0.));
#5489=DIRECTION('',(6.12323399573677E-17,-1.,-2.22044604925031E-16));
#5490=DIRECTION('',(1.,0.,0.));
#5491=DIRECTION('',(6.12323399573677E-17,-1.,-2.22044604925031E-16));
#5492=DIRECTION('',(1.,0.,0.));
#5493=DIRECTION('',(6.12323399573677E-17,-1.,-2.22044604925031E-16));
#5494=DIRECTION('',(1.,0.,0.));
#5495=DIRECTION('',(6.12323399573677E-17,-1.,-2.22044604925031E-16));
#5496=DIRECTION('',(1.,0.,0.));
#5497=DIRECTION('',(6.12323399573677E-17,-1.,-2.22044604925031E-16));
#5498=DIRECTION('',(1.,0.,0.));
#5499=DIRECTION('',(6.12323399573677E-17,-1.,-2.22044604925031E-16));
#5500=DIRECTION('',(1.,0.,0.));
#5501=DIRECTION('',(6.12323399573677E-17,-1.,-2.22044604925031E-16));
#5502=DIRECTION('',(1.,0.,0.));
#5503=DIRECTION('',(6.12323399573677E-17,-1.,-2.22044604925031E-16));
#5504=DIRECTION('',(1.,0.,0.));
#5505=DIRECTION('',(6.12323399573677E-17,-1.,-2.22044604925031E-16));
#5506=DIRECTION('',(1.,0.,0.));
#5507=DIRECTION('',(6.12323399573677E-17,-1.,-2.22044604925031E-16));
#5508=DIRECTION('',(1.,0.,0.));
#5509=DIRECTION('',(6.12323399573677E-17,-1.,-2.22044604925031E-16));
#5510=DIRECTION('',(1.,0.,0.));
#5511=DIRECTION('',(6.12323399573677E-17,-1.,-2.22044604925031E-16));
#5512=DIRECTION('',(1.,0.,0.));
#5513=DIRECTION('',(6.12323399573677E-17,-1.,-2.22044604925031E-16));
#5514=DIRECTION('',(1.,0.,0.));
#5515=DIRECTION('',(6.12323399573677E-17,-1.,-2.22044604925031E-16));
#5516=DIRECTION('',(1.,0.,0.));
#5517=DIRECTION('',(6.12323399573677E-17,-1.,-2.22044604925031E-16));
#5518=DIRECTION('',(1.,0.,0.));
#5519=DIRECTION('',(6.12323399573677E-17,-1.,-2.22044604925031E-16));
#5520=DIRECTION('',(1.,0.,0.));
#5521=DIRECTION('',(6.12323399573677E-17,-1.,-2.22044604925031E-16));
#5522=DIRECTION('',(1.,0.,0.));
#5523=DIRECTION('',(6.12323399573677E-17,-1.,-2.22044604925031E-16));
#5524=DIRECTION('',(1.,0.,0.));
#5525=DIRECTION('',(6.12323399573677E-17,-1.,-2.22044604925031E-16));
#5526=DIRECTION('',(1.,0.,0.));
#5527=DIRECTION('',(6.12323399573677E-17,-1.,-2.22044604925031E-16));
#5528=DIRECTION('',(1.,0.,0.));
#5529=DIRECTION('',(6.12323399573677E-17,-1.,-2.22044604925031E-16));
#5530=DIRECTION('',(1.,0.,0.));
#5531=DIRECTION('',(6.12323399573677E-17,-1.,-2.22044604925031E-16));
#5532=DIRECTION('',(1.,0.,0.));
#5533=DIRECTION('',(6.12323399573677E-17,-1.,-2.22044604925031E-16));
#5534=DIRECTION('',(1.,0.,0.));
#5535=DIRECTION('',(6.12323399573677E-17,-1.,-2.22044604925031E-16));
#5536=DIRECTION('',(1.,0.,0.));
#5537=DIRECTION('',(6.12323399573677E-17,-1.,-2.22044604925031E-16));
#5538=DIRECTION('',(1.,0.,0.));
#5539=DIRECTION('',(6.12323399573677E-17,-1.,-2.22044604925031E-16));
#5540=DIRECTION('',(1.,0.,0.));
#5541=DIRECTION('',(6.12323399573677E-17,-1.,-2.22044604925031E-16));
#5542=DIRECTION('',(1.,0.,0.));
#5543=DIRECTION('',(6.12323399573677E-17,-1.,-2.22044604925031E-16));
#5544=DIRECTION('',(1.,0.,0.));
#5545=DIRECTION('',(6.12323399573677E-17,-1.,-2.22044604925031E-16));
#5546=DIRECTION('',(1.,0.,0.));
#5547=DIRECTION('',(6.12323399573677E-17,-1.,-2.22044604925031E-16));
#5548=DIRECTION('',(1.,0.,0.));
#5549=DIRECTION('',(6.12323399573677E-17,-1.,-2.22044604925031E-16));
#5550=DIRECTION('',(1.,0.,0.));
#5551=DIRECTION('',(6.12323399573677E-17,-1.,-2.22044604925031E-16));
#5552=DIRECTION('',(1.,0.,0.));
#5553=DIRECTION('',(6.12323399573677E-17,-1.,-2.22044604925031E-16));
#5554=DIRECTION('',(1.,0.,0.));
#5555=DIRECTION('',(6.12323399573677E-17,-1.,-2.22044604925031E-16));
#5556=DIRECTION('',(1.,0.,0.));
#5557=DIRECTION('',(6.12323399573677E-17,-1.,-2.22044604925031E-16));
#5558=DIRECTION('',(1.,0.,0.));
#5559=DIRECTION('',(6.12323399573677E-17,-1.,-2.22044604925031E-16));
#5560=DIRECTION('',(1.,0.,0.));
#5561=DIRECTION('',(6.12323399573677E-17,-1.,-2.22044604925031E-16));
#5562=DIRECTION('',(1.,0.,0.));
#5563=DIRECTION('',(6.12323399573677E-17,-1.,-2.22044604925031E-16));
#5564=DIRECTION('',(1.,0.,0.));
#5565=DIRECTION('',(6.12323399573677E-17,-1.,-2.22044604925031E-16));
#5566=DIRECTION('',(1.,0.,0.));
#5567=DIRECTION('',(6.12323399573677E-17,-1.,-2.22044604925031E-16));
#5568=DIRECTION('',(1.,0.,0.));
#5569=DIRECTION('',(6.12323399573677E-17,-1.,-2.22044604925031E-16));
#5570=DIRECTION('',(-1.,-7.40148683083438E-17,0.));
#5571=DIRECTION('center_axis',(0.968147640378108,3.6864163631595E-18,0.250380004054441));
#5572=DIRECTION('ref_axis',(-0.250380004054441,-2.14971960316858E-16,0.968147640378108));
#5573=DIRECTION('',(0.250380004054441,2.14971960316858E-16,-0.968147640378108));
#5574=DIRECTION('center_axis',(0.968147640378108,3.6864163631595E-18,0.250380004054441));
#5575=DIRECTION('ref_axis',(-0.250380004054441,-2.14971960316858E-16,0.968147640378108));
#5576=DIRECTION('',(0.250380004054441,2.14971960316858E-16,-0.968147640378108));
#5577=DIRECTION('center_axis',(0.968147640378108,3.6864163631595E-18,0.250380004054441));
#5578=DIRECTION('ref_axis',(-0.250380004054441,-2.14971960316858E-16,0.968147640378108));
#5579=DIRECTION('',(0.250380004054441,2.14971960316858E-16,-0.968147640378108));
#5580=DIRECTION('center_axis',(0.968147640378108,3.6864163631595E-18,0.250380004054441));
#5581=DIRECTION('ref_axis',(-0.250380004054441,-2.14971960316858E-16,0.968147640378108));
#5582=DIRECTION('',(0.250380004054441,2.14971960316858E-16,-0.968147640378108));
#5583=DIRECTION('center_axis',(0.968147640378108,3.6864163631595E-18,0.250380004054441));
#5584=DIRECTION('ref_axis',(-0.250380004054441,-2.14971960316858E-16,0.968147640378108));
#5585=DIRECTION('',(0.250380004054441,2.14971960316858E-16,-0.968147640378108));
#5586=DIRECTION('center_axis',(0.968147640378108,3.6864163631595E-18,0.250380004054441));
#5587=DIRECTION('ref_axis',(-0.250380004054441,-2.14971960316858E-16,0.968147640378108));
#5588=DIRECTION('',(0.250380004054441,2.14971960316858E-16,-0.968147640378108));
#5589=DIRECTION('center_axis',(0.968147640378108,3.6864163631595E-18,0.250380004054441));
#5590=DIRECTION('ref_axis',(-0.250380004054441,-2.14971960316858E-16,0.968147640378108));
#5591=DIRECTION('',(0.250380004054441,2.14971960316858E-16,-0.968147640378108));
#5592=DIRECTION('center_axis',(0.968147640378108,3.6864163631595E-18,0.250380004054441));
#5593=DIRECTION('ref_axis',(-0.250380004054441,-2.14971960316858E-16,0.968147640378108));
#5594=DIRECTION('',(0.250380004054441,2.14971960316858E-16,-0.968147640378108));
#5595=DIRECTION('center_axis',(0.968147640378108,3.6864163631595E-18,0.250380004054441));
#5596=DIRECTION('ref_axis',(-0.250380004054441,-2.14971960316858E-16,0.968147640378108));
#5597=DIRECTION('',(0.250380004054441,2.14971960316858E-16,-0.968147640378108));
#5598=DIRECTION('center_axis',(0.968147640378108,3.6864163631595E-18,0.250380004054441));
#5599=DIRECTION('ref_axis',(-0.250380004054441,-2.14971960316858E-16,0.968147640378108));
#5600=DIRECTION('',(0.250380004054441,2.14971960316858E-16,-0.968147640378108));
#5601=DIRECTION('center_axis',(0.968147640378108,3.6864163631595E-18,0.250380004054441));
#5602=DIRECTION('ref_axis',(-0.250380004054441,-2.14971960316858E-16,0.968147640378108));
#5603=DIRECTION('',(0.250380004054441,2.14971960316858E-16,-0.968147640378108));
#5604=DIRECTION('center_axis',(0.968147640378108,3.6864163631595E-18,0.250380004054441));
#5605=DIRECTION('ref_axis',(-0.250380004054441,-2.14971960316858E-16,0.968147640378108));
#5606=DIRECTION('',(0.250380004054441,2.14971960316858E-16,-0.968147640378108));
#5607=DIRECTION('center_axis',(0.968147640378108,3.6864163631595E-18,0.250380004054441));
#5608=DIRECTION('ref_axis',(-0.250380004054441,-2.14971960316858E-16,0.968147640378108));
#5609=DIRECTION('',(0.250380004054441,2.14971960316858E-16,-0.968147640378108));
#5610=DIRECTION('center_axis',(0.,-2.22044604925031E-16,1.));
#5611=DIRECTION('ref_axis',(-1.,0.,0.));
#5612=DIRECTION('',(6.12323399573677E-17,-1.,-2.22044604925031E-16));
#5613=DIRECTION('',(1.,0.,0.));
#5614=DIRECTION('center_axis',(0.968147640378108,3.6864163631595E-18,0.250380004054441));
#5615=DIRECTION('ref_axis',(-0.250380004054441,-2.14971960316858E-16,0.968147640378108));
#5616=DIRECTION('',(0.250380004054441,2.14971960316858E-16,-0.968147640378108));
#5617=DIRECTION('center_axis',(0.,-2.22044604925031E-16,1.));
#5618=DIRECTION('ref_axis',(-1.,0.,0.));
#5619=DIRECTION('',(6.12323399573677E-17,-1.,-2.22044604925031E-16));
#5620=DIRECTION('',(1.,0.,0.));
#5621=DIRECTION('center_axis',(0.968147640378108,3.6864163631595E-18,0.250380004054441));
#5622=DIRECTION('ref_axis',(-0.250380004054441,-2.14971960316858E-16,0.968147640378108));
#5623=DIRECTION('',(0.250380004054441,2.14971960316858E-16,-0.968147640378108));
#5624=DIRECTION('center_axis',(0.,-2.22044604925031E-16,1.));
#5625=DIRECTION('ref_axis',(-1.,0.,0.));
#5626=DIRECTION('',(6.12323399573677E-17,-1.,-2.22044604925031E-16));
#5627=DIRECTION('',(1.,0.,0.));
#5628=DIRECTION('center_axis',(0.968147640378108,3.6864163631595E-18,0.250380004054441));
#5629=DIRECTION('ref_axis',(-0.250380004054441,-2.14971960316858E-16,0.968147640378108));
#5630=DIRECTION('',(0.250380004054441,2.14971960316858E-16,-0.968147640378108));
#5631=DIRECTION('center_axis',(0.,-2.22044604925031E-16,1.));
#5632=DIRECTION('ref_axis',(-1.,0.,0.));
#5633=DIRECTION('',(6.12323399573677E-17,-1.,-2.22044604925031E-16));
#5634=DIRECTION('',(1.,0.,0.));
#5635=DIRECTION('center_axis',(0.968147640378108,3.6864163631595E-18,0.250380004054441));
#5636=DIRECTION('ref_axis',(-0.250380004054441,-2.14971960316858E-16,0.968147640378108));
#5637=DIRECTION('',(0.250380004054441,2.14971960316858E-16,-0.968147640378108));
#5638=DIRECTION('center_axis',(0.,-2.22044604925031E-16,1.));
#5639=DIRECTION('ref_axis',(-1.,0.,0.));
#5640=DIRECTION('',(6.12323399573677E-17,-1.,-2.22044604925031E-16));
#5641=DIRECTION('',(1.,0.,0.));
#5642=DIRECTION('center_axis',(0.968147640378108,3.6864163631595E-18,0.250380004054441));
#5643=DIRECTION('ref_axis',(-0.250380004054441,-2.14971960316858E-16,0.968147640378108));
#5644=DIRECTION('',(0.250380004054441,2.14971960316858E-16,-0.968147640378108));
#5645=DIRECTION('center_axis',(0.,-2.22044604925031E-16,1.));
#5646=DIRECTION('ref_axis',(-1.,0.,0.));
#5647=DIRECTION('',(6.12323399573677E-17,-1.,-2.22044604925031E-16));
#5648=DIRECTION('',(1.,0.,0.));
#5649=DIRECTION('center_axis',(0.968147640378108,3.6864163631595E-18,0.250380004054441));
#5650=DIRECTION('ref_axis',(-0.250380004054441,-2.14971960316858E-16,0.968147640378108));
#5651=DIRECTION('',(0.250380004054441,2.14971960316858E-16,-0.968147640378108));
#5652=DIRECTION('center_axis',(0.,-2.22044604925031E-16,1.));
#5653=DIRECTION('ref_axis',(-1.,0.,0.));
#5654=DIRECTION('',(6.12323399573677E-17,-1.,-2.22044604925031E-16));
#5655=DIRECTION('',(1.,0.,0.));
#5656=DIRECTION('center_axis',(0.968147640378108,3.6864163631595E-18,0.250380004054441));
#5657=DIRECTION('ref_axis',(-0.250380004054441,-2.14971960316858E-16,0.968147640378108));
#5658=DIRECTION('',(0.250380004054441,2.14971960316858E-16,-0.968147640378108));
#5659=DIRECTION('center_axis',(0.,-2.22044604925031E-16,1.));
#5660=DIRECTION('ref_axis',(-1.,0.,0.));
#5661=DIRECTION('',(6.12323399573677E-17,-1.,-2.22044604925031E-16));
#5662=DIRECTION('',(1.,0.,0.));
#5663=DIRECTION('center_axis',(0.968147640378108,3.6864163631595E-18,0.250380004054441));
#5664=DIRECTION('ref_axis',(-0.250380004054441,-2.14971960316858E-16,0.968147640378108));
#5665=DIRECTION('',(0.250380004054441,2.14971960316858E-16,-0.968147640378108));
#5666=DIRECTION('center_axis',(0.,-2.22044604925031E-16,1.));
#5667=DIRECTION('ref_axis',(-1.,0.,0.));
#5668=DIRECTION('',(6.12323399573677E-17,-1.,-2.22044604925031E-16));
#5669=DIRECTION('',(1.,0.,0.));
#5670=DIRECTION('center_axis',(0.968147640378108,3.6864163631595E-18,0.250380004054441));
#5671=DIRECTION('ref_axis',(-0.250380004054441,-2.14971960316858E-16,0.968147640378108));
#5672=DIRECTION('',(0.250380004054441,2.14971960316858E-16,-0.968147640378108));
#5673=DIRECTION('center_axis',(0.,-2.22044604925031E-16,1.));
#5674=DIRECTION('ref_axis',(-1.,0.,0.));
#5675=DIRECTION('',(6.12323399573677E-17,-1.,-2.22044604925031E-16));
#5676=DIRECTION('',(1.,0.,0.));
#5677=DIRECTION('center_axis',(0.968147640378108,3.6864163631595E-18,0.250380004054441));
#5678=DIRECTION('ref_axis',(-0.250380004054441,-2.14971960316858E-16,0.968147640378108));
#5679=DIRECTION('',(0.250380004054441,2.14971960316858E-16,-0.968147640378108));
#5680=DIRECTION('center_axis',(0.,-2.22044604925031E-16,1.));
#5681=DIRECTION('ref_axis',(-1.,0.,0.));
#5682=DIRECTION('',(6.12323399573677E-17,-1.,-2.22044604925031E-16));
#5683=DIRECTION('',(1.,0.,0.));
#5684=DIRECTION('center_axis',(0.968147640378108,3.6864163631595E-18,0.250380004054441));
#5685=DIRECTION('ref_axis',(-0.250380004054441,-2.14971960316858E-16,0.968147640378108));
#5686=DIRECTION('',(0.250380004054441,2.14971960316858E-16,-0.968147640378108));
#5687=DIRECTION('center_axis',(0.,-2.22044604925031E-16,1.));
#5688=DIRECTION('ref_axis',(-1.,0.,0.));
#5689=DIRECTION('',(6.12323399573677E-17,-1.,-2.22044604925031E-16));
#5690=DIRECTION('',(1.,0.,0.));
#5691=DIRECTION('center_axis',(0.968147640378108,3.6864163631595E-18,0.250380004054441));
#5692=DIRECTION('ref_axis',(-0.250380004054441,-2.14971960316858E-16,0.968147640378108));
#5693=DIRECTION('',(0.250380004054441,2.14971960316858E-16,-0.968147640378108));
#5694=DIRECTION('center_axis',(0.,-2.22044604925031E-16,1.));
#5695=DIRECTION('ref_axis',(-1.,0.,0.));
#5696=DIRECTION('',(6.12323399573677E-17,-1.,-2.22044604925031E-16));
#5697=DIRECTION('',(1.,0.,0.));
#5698=DIRECTION('center_axis',(0.968147640378108,3.6864163631595E-18,0.250380004054441));
#5699=DIRECTION('ref_axis',(-0.250380004054441,-2.14971960316858E-16,0.968147640378108));
#5700=DIRECTION('',(0.250380004054441,2.14971960316858E-16,-0.968147640378108));
#5701=DIRECTION('center_axis',(0.,-2.22044604925031E-16,1.));
#5702=DIRECTION('ref_axis',(-1.,0.,0.));
#5703=DIRECTION('',(6.12323399573677E-17,-1.,-2.22044604925031E-16));
#5704=DIRECTION('',(1.,0.,0.));
#5705=DIRECTION('center_axis',(0.968147640378108,3.6864163631595E-18,0.250380004054441));
#5706=DIRECTION('ref_axis',(-0.250380004054441,-2.14971960316858E-16,0.968147640378108));
#5707=DIRECTION('',(0.250380004054441,2.14971960316858E-16,-0.968147640378108));
#5708=DIRECTION('center_axis',(0.,-2.22044604925031E-16,1.));
#5709=DIRECTION('ref_axis',(-1.,0.,0.));
#5710=DIRECTION('',(6.12323399573677E-17,-1.,-2.22044604925031E-16));
#5711=DIRECTION('',(1.,0.,0.));
#5712=DIRECTION('center_axis',(0.968147640378108,3.6864163631595E-18,0.250380004054441));
#5713=DIRECTION('ref_axis',(-0.250380004054441,-2.14971960316858E-16,0.968147640378108));
#5714=DIRECTION('',(0.250380004054441,2.14971960316858E-16,-0.968147640378108));
#5715=DIRECTION('center_axis',(0.,-2.22044604925031E-16,1.));
#5716=DIRECTION('ref_axis',(-1.,0.,0.));
#5717=DIRECTION('',(6.12323399573677E-17,-1.,-2.22044604925031E-16));
#5718=DIRECTION('',(1.,0.,0.));
#5719=DIRECTION('center_axis',(0.968147640378108,3.6864163631595E-18,0.250380004054441));
#5720=DIRECTION('ref_axis',(-0.250380004054441,-2.14971960316858E-16,0.968147640378108));
#5721=DIRECTION('',(0.250380004054441,2.14971960316858E-16,-0.968147640378108));
#5722=DIRECTION('center_axis',(0.,-2.22044604925031E-16,1.));
#5723=DIRECTION('ref_axis',(-1.,0.,0.));
#5724=DIRECTION('',(6.12323399573677E-17,-1.,-2.22044604925031E-16));
#5725=DIRECTION('',(1.,0.,0.));
#5726=DIRECTION('center_axis',(0.968147640378108,3.6864163631595E-18,0.250380004054441));
#5727=DIRECTION('ref_axis',(-0.250380004054441,-2.14971960316858E-16,0.968147640378108));
#5728=DIRECTION('',(0.250380004054441,2.14971960316858E-16,-0.968147640378108));
#5729=DIRECTION('center_axis',(0.,-2.22044604925031E-16,1.));
#5730=DIRECTION('ref_axis',(-1.,0.,0.));
#5731=DIRECTION('',(6.12323399573677E-17,-1.,-2.22044604925031E-16));
#5732=DIRECTION('',(1.,0.,0.));
#5733=DIRECTION('center_axis',(0.968147640378108,3.6864163631595E-18,0.250380004054441));
#5734=DIRECTION('ref_axis',(-0.250380004054441,-2.14971960316858E-16,0.968147640378108));
#5735=DIRECTION('',(0.250380004054441,2.14971960316858E-16,-0.968147640378108));
#5736=DIRECTION('center_axis',(0.,-2.22044604925031E-16,1.));
#5737=DIRECTION('ref_axis',(-1.,0.,0.));
#5738=DIRECTION('',(6.12323399573677E-17,-1.,-2.22044604925031E-16));
#5739=DIRECTION('',(1.,0.,0.));
#5740=DIRECTION('center_axis',(0.968147640378108,3.6864163631595E-18,0.250380004054441));
#5741=DIRECTION('ref_axis',(-0.250380004054441,-2.14971960316858E-16,0.968147640378108));
#5742=DIRECTION('',(0.250380004054441,2.14971960316858E-16,-0.968147640378108));
#5743=DIRECTION('center_axis',(0.,-2.22044604925031E-16,1.));
#5744=DIRECTION('ref_axis',(-1.,0.,0.));
#5745=DIRECTION('',(6.12323399573677E-17,-1.,-2.22044604925031E-16));
#5746=DIRECTION('',(1.,0.,0.));
#5747=DIRECTION('center_axis',(0.968147640378108,3.6864163631595E-18,0.250380004054441));
#5748=DIRECTION('ref_axis',(-0.250380004054441,-2.14971960316858E-16,0.968147640378108));
#5749=DIRECTION('',(0.250380004054441,2.14971960316858E-16,-0.968147640378108));
#5750=DIRECTION('center_axis',(0.,-2.22044604925031E-16,1.));
#5751=DIRECTION('ref_axis',(-1.,0.,0.));
#5752=DIRECTION('',(6.12323399573677E-17,-1.,-2.22044604925031E-16));
#5753=DIRECTION('',(1.,0.,0.));
#5754=DIRECTION('center_axis',(0.968147640378108,3.6864163631595E-18,0.250380004054441));
#5755=DIRECTION('ref_axis',(-0.250380004054441,-2.14971960316858E-16,0.968147640378108));
#5756=DIRECTION('',(0.250380004054441,2.14971960316858E-16,-0.968147640378108));
#5757=DIRECTION('center_axis',(0.,-2.22044604925031E-16,1.));
#5758=DIRECTION('ref_axis',(-1.,0.,0.));
#5759=DIRECTION('',(6.12323399573677E-17,-1.,-2.22044604925031E-16));
#5760=DIRECTION('',(1.,0.,0.));
#5761=DIRECTION('center_axis',(0.968147640378108,3.6864163631595E-18,0.250380004054441));
#5762=DIRECTION('ref_axis',(-0.250380004054441,-2.14971960316858E-16,0.968147640378108));
#5763=DIRECTION('',(0.250380004054441,2.14971960316858E-16,-0.968147640378108));
#5764=DIRECTION('center_axis',(0.,-2.22044604925031E-16,1.));
#5765=DIRECTION('ref_axis',(-1.,0.,0.));
#5766=DIRECTION('',(6.12323399573677E-17,-1.,-2.22044604925031E-16));
#5767=DIRECTION('',(1.,0.,0.));
#5768=DIRECTION('center_axis',(0.968147640378108,3.6864163631595E-18,0.250380004054441));
#5769=DIRECTION('ref_axis',(-0.250380004054441,-2.14971960316858E-16,0.968147640378108));
#5770=DIRECTION('',(0.250380004054441,2.14971960316858E-16,-0.968147640378108));
#5771=DIRECTION('center_axis',(0.,-2.22044604925031E-16,1.));
#5772=DIRECTION('ref_axis',(-1.,0.,0.));
#5773=DIRECTION('',(6.12323399573677E-17,-1.,-2.22044604925031E-16));
#5774=DIRECTION('',(1.,0.,0.));
#5775=DIRECTION('center_axis',(0.968147640378108,3.6864163631595E-18,0.250380004054441));
#5776=DIRECTION('ref_axis',(-0.250380004054441,-2.14971960316858E-16,0.968147640378108));
#5777=DIRECTION('',(0.250380004054441,2.14971960316858E-16,-0.968147640378108));
#5778=DIRECTION('center_axis',(0.968147640378108,3.6864163631595E-18,0.250380004054441));
#5779=DIRECTION('ref_axis',(-0.250380004054441,-2.14971960316858E-16,0.968147640378108));
#5780=DIRECTION('',(0.250380004054441,2.14971960316858E-16,-0.968147640378108));
#5781=DIRECTION('center_axis',(0.968147640378108,3.6864163631595E-18,0.250380004054441));
#5782=DIRECTION('ref_axis',(-0.250380004054441,-2.14971960316858E-16,0.968147640378108));
#5783=DIRECTION('',(0.250380004054441,2.14971960316858E-16,-0.968147640378108));
#5784=DIRECTION('center_axis',(0.968147640378108,3.6864163631595E-18,0.250380004054441));
#5785=DIRECTION('ref_axis',(-0.250380004054441,-2.14971960316858E-16,0.968147640378108));
#5786=DIRECTION('',(0.250380004054441,2.14971960316858E-16,-0.968147640378108));
#5787=DIRECTION('center_axis',(0.968147640378108,3.6864163631595E-18,0.250380004054441));
#5788=DIRECTION('ref_axis',(-0.250380004054441,-2.14971960316858E-16,0.968147640378108));
#5789=DIRECTION('',(0.250380004054441,2.14971960316858E-16,-0.968147640378108));
#5790=DIRECTION('center_axis',(0.968147640378108,3.6864163631595E-18,0.250380004054441));
#5791=DIRECTION('ref_axis',(-0.250380004054441,-2.14971960316858E-16,0.968147640378108));
#5792=DIRECTION('',(0.250380004054441,2.14971960316858E-16,-0.968147640378108));
#5793=DIRECTION('center_axis',(0.968147640378108,3.6864163631595E-18,0.250380004054441));
#5794=DIRECTION('ref_axis',(-0.250380004054441,-2.14971960316858E-16,0.968147640378108));
#5795=DIRECTION('',(0.250380004054441,2.14971960316858E-16,-0.968147640378108));
#5796=DIRECTION('center_axis',(0.968147640378108,3.6864163631595E-18,0.250380004054441));
#5797=DIRECTION('ref_axis',(-0.250380004054441,-2.14971960316858E-16,0.968147640378108));
#5798=DIRECTION('',(0.250380004054441,2.14971960316858E-16,-0.968147640378108));
#5799=DIRECTION('center_axis',(0.968147640378108,3.6864163631595E-18,0.250380004054441));
#5800=DIRECTION('ref_axis',(-0.250380004054441,-2.14971960316858E-16,0.968147640378108));
#5801=DIRECTION('',(0.250380004054441,2.14971960316858E-16,-0.968147640378108));
#5802=DIRECTION('center_axis',(0.968147640378108,3.6864163631595E-18,0.250380004054441));
#5803=DIRECTION('ref_axis',(-0.250380004054441,-2.14971960316858E-16,0.968147640378108));
#5804=DIRECTION('',(0.250380004054441,2.14971960316858E-16,-0.968147640378108));
#5805=DIRECTION('center_axis',(0.968147640378108,3.6864163631595E-18,0.250380004054441));
#5806=DIRECTION('ref_axis',(-0.250380004054441,-2.14971960316858E-16,0.968147640378108));
#5807=DIRECTION('',(0.250380004054441,2.14971960316858E-16,-0.968147640378108));
#5808=DIRECTION('center_axis',(0.968147640378108,3.6864163631595E-18,0.250380004054441));
#5809=DIRECTION('ref_axis',(-0.250380004054441,-2.14971960316858E-16,0.968147640378108));
#5810=DIRECTION('',(0.250380004054441,2.14971960316858E-16,-0.968147640378108));
#5811=DIRECTION('center_axis',(0.968147640378108,3.6864163631595E-18,0.250380004054441));
#5812=DIRECTION('ref_axis',(-0.250380004054441,-2.14971960316858E-16,0.968147640378108));
#5813=DIRECTION('',(0.250380004054441,2.14971960316858E-16,-0.968147640378108));
#5814=DIRECTION('center_axis',(0.,-1.,-2.22044604925031E-16));
#5815=DIRECTION('ref_axis',(1.,0.,0.));
#5816=DIRECTION('',(0.250380004054441,2.14971960316858E-16,-0.968147640378108));
#5817=DIRECTION('center_axis',(0.968147640378108,3.6864163631595E-18,0.250380004054441));
#5818=DIRECTION('ref_axis',(-0.250380004054441,-2.14971960316858E-16,0.968147640378108));
#5819=DIRECTION('',(0.,0.,1.));
#5820=DIRECTION('',(1.,0.,0.));
#5821=CARTESIAN_POINT('',(0.,0.,0.));
#5822=CARTESIAN_POINT('',(0.,0.,0.));
#5823=CARTESIAN_POINT('Origin',(78.0776901567922,-15.,5.));
#5824=CARTESIAN_POINT('',(6.12323399573677E-16,-15.,5.));
#5825=CARTESIAN_POINT('',(78.0776901567922,-15.,5.));
#5826=CARTESIAN_POINT('',(78.0776901567922,-15.,5.));
#5827=CARTESIAN_POINT('',(0.,-15.,6.625));
#5828=CARTESIAN_POINT('',(0.,-15.,5.));
#5829=CARTESIAN_POINT('',(78.0776901567922,-15.,6.625));
#5830=CARTESIAN_POINT('',(0.,-15.,6.625));
#5831=CARTESIAN_POINT('',(78.0776901567922,-15.,5.));
#5832=CARTESIAN_POINT('Origin',(39.0388450783961,-17.5,6.625));
#5833=CARTESIAN_POINT('',(0.,-20.,6.625));
#5834=CARTESIAN_POINT('',(78.0776901567922,-20.,6.625));
#5835=CARTESIAN_POINT('',(78.0776901567922,-20.,6.625));
#5836=CARTESIAN_POINT('',(78.0776901567922,-15.,6.625));
#5837=CARTESIAN_POINT('',(0.,-20.,6.625));
#5838=CARTESIAN_POINT('Origin',(78.0776901567922,-10.,6.125));
#5839=CARTESIAN_POINT('',(76.9690200129499,-10.,5.));
#5840=CARTESIAN_POINT('',(77.2599647953503,-10.,6.125));
#5841=CARTESIAN_POINT('',(77.2855964566746,-10.,6.22411028048662));
#5842=CARTESIAN_POINT('',(78.0776901567922,-10.,5.));
#5843=CARTESIAN_POINT('',(78.0776901567922,-10.,5.));
#5844=CARTESIAN_POINT('',(77.7867453743919,-10.,6.125));
#5845=CARTESIAN_POINT('',(77.941337451098,-10.,5.52723679263296));
#5846=CARTESIAN_POINT('',(77.9322177655921,-10.,6.125));
#5847=CARTESIAN_POINT('Origin',(78.0776901567922,-10.,6.125));
#5848=CARTESIAN_POINT('',(75.398223686155,-10.,5.));
#5849=CARTESIAN_POINT('',(75.6891684685554,-10.,6.125));
#5850=CARTESIAN_POINT('',(75.7640368557492,-10.,6.41449457315606));
#5851=CARTESIAN_POINT('',(76.5068938299974,-10.,5.));
#5852=CARTESIAN_POINT('',(78.0776901567922,-10.,5.));
#5853=CARTESIAN_POINT('',(76.215949047597,-10.,6.125));
#5854=CARTESIAN_POINT('',(76.4197778501726,-10.,5.33685249996351));
#5855=CARTESIAN_POINT('',(77.1468196021946,-10.,6.125));
#5856=CARTESIAN_POINT('Origin',(78.0776901567922,-10.,6.125));
#5857=CARTESIAN_POINT('',(73.8274273593601,-10.,5.));
#5858=CARTESIAN_POINT('',(74.1183721417605,-10.,6.125));
#5859=CARTESIAN_POINT('',(74.2424772548238,-10.,6.6048788658255));
#5860=CARTESIAN_POINT('',(74.9360975032024,-10.,5.));
#5861=CARTESIAN_POINT('',(78.0776901567922,-10.,5.));
#5862=CARTESIAN_POINT('',(74.6451527208021,-10.,6.125));
#5863=CARTESIAN_POINT('',(74.8982182492471,-10.,5.14646820729407));
#5864=CARTESIAN_POINT('',(76.3614214387972,-10.,6.125));
#5865=CARTESIAN_POINT('Origin',(78.0776901567922,-10.,6.125));
#5866=CARTESIAN_POINT('',(0.817725361441935,-10.,6.125));
#5867=CARTESIAN_POINT('',(1.10867014384231,-10.,5.));
#5868=CARTESIAN_POINT('',(3.38491700575236,-10.,-3.80159354816978));
#5869=CARTESIAN_POINT('',(0.290944782400375,-10.,6.125));
#5870=CARTESIAN_POINT('',(39.4477077591171,-10.,6.125));
#5871=CARTESIAN_POINT('',(0.,-10.,5.));
#5872=CARTESIAN_POINT('',(2.729176011329,-10.,15.5529406212894));
#5873=CARTESIAN_POINT('',(78.0776901567922,-10.,5.));
#5874=CARTESIAN_POINT('Origin',(78.0776901567922,-10.,6.125));
#5875=CARTESIAN_POINT('',(72.2566310325653,-10.,5.));
#5876=CARTESIAN_POINT('',(72.5475758149656,-10.,6.125));
#5877=CARTESIAN_POINT('',(72.7209176538983,-10.,6.79526315849495));
#5878=CARTESIAN_POINT('',(73.3653011764076,-10.,5.));
#5879=CARTESIAN_POINT('',(78.0776901567922,-10.,5.));
#5880=CARTESIAN_POINT('',(73.0743563940072,-10.,6.125));
#5881=CARTESIAN_POINT('',(73.3766586483217,-10.,4.95608391462463));
#5882=CARTESIAN_POINT('',(75.5760232753997,-10.,6.125));
#5883=CARTESIAN_POINT('Origin',(78.0776901567922,-10.,6.125));
#5884=CARTESIAN_POINT('',(2.38852168823683,-10.,6.125));
#5885=CARTESIAN_POINT('',(2.67946647063721,-10.,5.));
#5886=CARTESIAN_POINT('',(4.90647660667778,-10.,-3.61120925550034));
#5887=CARTESIAN_POINT('',(1.86174110919527,-10.,6.125));
#5888=CARTESIAN_POINT('',(40.2331059225145,-10.,6.125));
#5889=CARTESIAN_POINT('',(1.5707963267949,-10.,5.));
#5890=CARTESIAN_POINT('',(4.25073561225442,-10.,15.3625563286199));
#5891=CARTESIAN_POINT('',(78.0776901567922,-10.,5.));
#5892=CARTESIAN_POINT('Origin',(78.0776901567922,-10.,6.125));
#5893=CARTESIAN_POINT('',(70.6858347057703,-10.,5.));
#5894=CARTESIAN_POINT('',(70.9767794881707,-10.,6.125));
#5895=CARTESIAN_POINT('',(71.1993580529729,-10.,6.98564745116439));
#5896=CARTESIAN_POINT('',(71.7945048496127,-10.,5.));
#5897=CARTESIAN_POINT('',(78.0776901567922,-10.,5.));
#5898=CARTESIAN_POINT('',(71.5035600672123,-10.,6.125));
#5899=CARTESIAN_POINT('',(71.8550990473963,-10.,4.76569962195518));
#5900=CARTESIAN_POINT('',(74.7906251120023,-10.,6.125));
#5901=CARTESIAN_POINT('Origin',(78.0776901567922,-10.,6.125));
#5902=CARTESIAN_POINT('',(3.95931801503173,-10.,6.125));
#5903=CARTESIAN_POINT('',(4.25026279743211,-10.,5.));
#5904=CARTESIAN_POINT('',(6.42803620760321,-10.,-3.42082496283089));
#5905=CARTESIAN_POINT('',(3.43253743599017,-10.,6.125));
#5906=CARTESIAN_POINT('',(41.018504085912,-10.,6.125));
#5907=CARTESIAN_POINT('',(3.14159265358979,-10.,5.));
#5908=CARTESIAN_POINT('',(5.77229521317984,-10.,15.1721720359505));
#5909=CARTESIAN_POINT('',(78.0776901567922,-10.,5.));
#5910=CARTESIAN_POINT('Origin',(78.0776901567922,-10.,6.125));
#5911=CARTESIAN_POINT('',(69.1150383789754,-10.,5.));
#5912=CARTESIAN_POINT('',(69.4059831613758,-10.,6.125));
#5913=CARTESIAN_POINT('',(69.6777984520475,-10.,7.17603174383383));
#5914=CARTESIAN_POINT('',(70.2237085228178,-10.,5.));
#5915=CARTESIAN_POINT('',(78.0776901567922,-10.,5.));
#5916=CARTESIAN_POINT('',(69.9327637404174,-10.,6.125));
#5917=CARTESIAN_POINT('',(70.3335394464709,-10.,4.57531532928574));
#5918=CARTESIAN_POINT('',(74.0052269486048,-10.,6.125));
#5919=CARTESIAN_POINT('Origin',(78.0776901567922,-10.,6.125));
#5920=CARTESIAN_POINT('',(5.53011434182662,-10.,6.125));
#5921=CARTESIAN_POINT('',(5.821059124227,-10.,5.));
#5922=CARTESIAN_POINT('',(7.94959580852863,-10.,-3.23044067016145));
#5923=CARTESIAN_POINT('',(5.00333376278506,-10.,6.125));
#5924=CARTESIAN_POINT('',(41.8039022493094,-10.,6.125));
#5925=CARTESIAN_POINT('',(4.71238898038469,-10.,5.));
#5926=CARTESIAN_POINT('',(7.29385481410526,-10.,14.981787743281));
#5927=CARTESIAN_POINT('',(78.0776901567922,-10.,5.));
#5928=CARTESIAN_POINT('Origin',(78.0776901567922,-10.,6.125));
#5929=CARTESIAN_POINT('',(67.5442420521806,-10.,5.));
#5930=CARTESIAN_POINT('',(67.8351868345809,-10.,6.125));
#5931=CARTESIAN_POINT('',(68.1562388511221,-10.,7.36641603650328));
#5932=CARTESIAN_POINT('',(68.6529121960229,-10.,5.));
#5933=CARTESIAN_POINT('',(78.0776901567922,-10.,5.));
#5934=CARTESIAN_POINT('',(68.3619674136225,-10.,6.125));
#5935=CARTESIAN_POINT('',(68.8119798455454,-10.,4.3849310366163));
#5936=CARTESIAN_POINT('',(73.2198287852074,-10.,6.125));
#5937=CARTESIAN_POINT('Origin',(78.0776901567922,-10.,6.125));
#5938=CARTESIAN_POINT('',(7.10091066862152,-10.,6.125));
#5939=CARTESIAN_POINT('',(7.3918554510219,-10.,5.));
#5940=CARTESIAN_POINT('',(9.47115540945405,-10.,-3.04005637749201));
#5941=CARTESIAN_POINT('',(6.57413008957996,-10.,6.125));
#5942=CARTESIAN_POINT('',(42.5893004127069,-10.,6.125));
#5943=CARTESIAN_POINT('',(6.28318530717958,-10.,5.));
#5944=CARTESIAN_POINT('',(8.81541441503068,-10.,14.7914034506116));
#5945=CARTESIAN_POINT('',(78.0776901567922,-10.,5.));
#5946=CARTESIAN_POINT('Origin',(78.0776901567922,-10.,6.125));
#5947=CARTESIAN_POINT('',(65.9734457253857,-10.,5.));
#5948=CARTESIAN_POINT('',(66.264390507786,-10.,6.125));
#5949=CARTESIAN_POINT('',(66.6346792501967,-10.,7.55680032917272));
#5950=CARTESIAN_POINT('',(67.082115869228,-10.,5.));
#5951=CARTESIAN_POINT('',(78.0776901567922,-10.,5.));
#5952=CARTESIAN_POINT('',(66.7911710868276,-10.,6.125));
#5953=CARTESIAN_POINT('',(67.29042024462,-10.,4.19454674394685));
#5954=CARTESIAN_POINT('',(72.4344306218099,-10.,6.125));
#5955=CARTESIAN_POINT('Origin',(78.0776901567922,-10.,6.125));
#5956=CARTESIAN_POINT('',(8.67170699541642,-10.,6.125));
#5957=CARTESIAN_POINT('',(8.9626517778168,-10.,5.));
#5958=CARTESIAN_POINT('',(10.9927150103795,-10.,-2.84967208482256));
#5959=CARTESIAN_POINT('',(8.14492641637486,-10.,6.125));
#5960=CARTESIAN_POINT('',(43.3746985761043,-10.,6.125));
#5961=CARTESIAN_POINT('',(7.85398163397448,-10.,5.));
#5962=CARTESIAN_POINT('',(10.3369740159561,-10.,14.6010191579421));
#5963=CARTESIAN_POINT('',(78.0776901567922,-10.,5.));
#5964=CARTESIAN_POINT('Origin',(78.0776901567922,-10.,6.125));
#5965=CARTESIAN_POINT('',(64.4026493985908,-10.,5.));
#5966=CARTESIAN_POINT('',(64.6935941809911,-10.,6.125));
#5967=CARTESIAN_POINT('',(65.1131196492712,-10.,7.74718462184216));
#5968=CARTESIAN_POINT('',(65.5113195424331,-10.,5.));
#5969=CARTESIAN_POINT('',(78.0776901567922,-10.,5.));
#5970=CARTESIAN_POINT('',(65.2203747600327,-10.,6.125));
#5971=CARTESIAN_POINT('',(65.7688606436946,-10.,4.00416245127741));
#5972=CARTESIAN_POINT('',(71.6490324584125,-10.,6.125));
#5973=CARTESIAN_POINT('Origin',(78.0776901567922,-10.,6.125));
#5974=CARTESIAN_POINT('',(10.2425033222113,-10.,6.125));
#5975=CARTESIAN_POINT('',(10.5334481046117,-10.,5.));
#5976=CARTESIAN_POINT('',(12.5142746113049,-10.,-2.65928779215312));
#5977=CARTESIAN_POINT('',(9.71572274316975,-10.,6.125));
#5978=CARTESIAN_POINT('',(44.1600967395018,-10.,6.125));
#5979=CARTESIAN_POINT('',(9.42477796076938,-10.,5.));
#5980=CARTESIAN_POINT('',(11.8585336168815,-10.,14.4106348652727));
#5981=CARTESIAN_POINT('',(78.0776901567922,-10.,5.));
#5982=CARTESIAN_POINT('Origin',(78.0776901567922,-10.,6.125));
#5983=CARTESIAN_POINT('',(62.8318530717959,-10.,5.));
#5984=CARTESIAN_POINT('',(63.1227978541962,-10.,6.125));
#5985=CARTESIAN_POINT('',(63.5915600483458,-10.,7.93756891451161));
#5986=CARTESIAN_POINT('',(63.9405232156382,-10.,5.));
#5987=CARTESIAN_POINT('',(78.0776901567922,-10.,5.));
#5988=CARTESIAN_POINT('',(63.6495784332378,-10.,6.125));
#5989=CARTESIAN_POINT('',(64.2473010427692,-10.,3.81377815860797));
#5990=CARTESIAN_POINT('',(70.863634295015,-10.,6.125));
#5991=CARTESIAN_POINT('Origin',(78.0776901567922,-10.,6.125));
#5992=CARTESIAN_POINT('',(11.8132996490062,-10.,6.125));
#5993=CARTESIAN_POINT('',(12.1042444314066,-10.,5.));
#5994=CARTESIAN_POINT('',(14.0358342122303,-10.,-2.46890349948367));
#5995=CARTESIAN_POINT('',(11.2865190699647,-10.,6.125));
#5996=CARTESIAN_POINT('',(44.9454949028992,-10.,6.125));
#5997=CARTESIAN_POINT('',(10.9955742875643,-10.,5.));
#5998=CARTESIAN_POINT('',(13.3800932178069,-10.,14.2202505726033));
#5999=CARTESIAN_POINT('',(78.0776901567922,-10.,5.));
#6000=CARTESIAN_POINT('Origin',(78.0776901567922,-10.,6.125));
#6001=CARTESIAN_POINT('',(61.261056745001,-10.,5.));
#6002=CARTESIAN_POINT('',(61.5520015274013,-10.,6.125));
#6003=CARTESIAN_POINT('',(62.0700004474204,-10.,8.12795320718105));
#6004=CARTESIAN_POINT('',(62.3697268888433,-10.,5.));
#6005=CARTESIAN_POINT('',(78.0776901567922,-10.,5.));
#6006=CARTESIAN_POINT('',(62.0787821064429,-10.,6.125));
#6007=CARTESIAN_POINT('',(62.7257414418438,-10.,3.62339386593852));
#6008=CARTESIAN_POINT('',(70.0782361316176,-10.,6.125));
#6009=CARTESIAN_POINT('Origin',(78.0776901567922,-10.,6.125));
#6010=CARTESIAN_POINT('',(13.3840959758011,-10.,6.125));
#6011=CARTESIAN_POINT('',(13.6750407582015,-10.,5.));
#6012=CARTESIAN_POINT('',(15.5573938131557,-10.,-2.27851920681423));
#6013=CARTESIAN_POINT('',(12.8573153967596,-10.,6.125));
#6014=CARTESIAN_POINT('',(45.7308930662967,-10.,6.125));
#6015=CARTESIAN_POINT('',(12.5663706143592,-10.,5.));
#6016=CARTESIAN_POINT('',(14.9016528187324,-10.,14.0298662799338));
#6017=CARTESIAN_POINT('',(78.0776901567922,-10.,5.));
#6018=CARTESIAN_POINT('Origin',(78.0776901567922,-10.,6.125));
#6019=CARTESIAN_POINT('',(59.6902604182061,-10.,5.));
#6020=CARTESIAN_POINT('',(59.9812052006064,-10.,6.125));
#6021=CARTESIAN_POINT('',(60.548440846495,-10.,8.3183374998505));
#6022=CARTESIAN_POINT('',(60.7989305620484,-10.,5.));
#6023=CARTESIAN_POINT('',(78.0776901567922,-10.,5.));
#6024=CARTESIAN_POINT('',(60.507985779648,-10.,6.125));
#6025=CARTESIAN_POINT('',(61.2041818409183,-10.,3.43300957326908));
#6026=CARTESIAN_POINT('',(69.2928379682201,-10.,6.125));
#6027=CARTESIAN_POINT('Origin',(78.0776901567922,-10.,6.125));
#6028=CARTESIAN_POINT('',(14.954892302596,-10.,6.125));
#6029=CARTESIAN_POINT('',(15.2458370849964,-10.,5.));
#6030=CARTESIAN_POINT('',(17.0789534140812,-10.,-2.08813491414478));
#6031=CARTESIAN_POINT('',(14.4281117235544,-10.,6.125));
#6032=CARTESIAN_POINT('',(46.5162912296941,-10.,6.125));
#6033=CARTESIAN_POINT('',(14.1371669411541,-10.,5.));
#6034=CARTESIAN_POINT('',(16.4232124196578,-10.,13.8394819872644));
#6035=CARTESIAN_POINT('',(78.0776901567922,-10.,5.));
#6036=CARTESIAN_POINT('Origin',(78.0776901567922,-10.,6.125));
#6037=CARTESIAN_POINT('',(58.1194640914112,-10.,5.));
#6038=CARTESIAN_POINT('',(58.4104088738115,-10.,6.125));
#6039=CARTESIAN_POINT('',(59.0268812455695,-10.,8.50872179251994));
#6040=CARTESIAN_POINT('',(59.2281342352535,-10.,5.));
#6041=CARTESIAN_POINT('',(78.0776901567922,-10.,5.));
#6042=CARTESIAN_POINT('',(58.9371894528531,-10.,6.125));
#6043=CARTESIAN_POINT('',(59.6826222399929,-10.,3.24262528059964));
#6044=CARTESIAN_POINT('',(68.5074398048227,-10.,6.125));
#6045=CARTESIAN_POINT('Origin',(78.0776901567922,-10.,6.125));
#6046=CARTESIAN_POINT('',(16.5256886293909,-10.,6.125));
#6047=CARTESIAN_POINT('',(16.8166334117913,-10.,5.));
#6048=CARTESIAN_POINT('',(18.6005130150066,-10.,-1.89775062147534));
#6049=CARTESIAN_POINT('',(15.9989080503493,-10.,6.125));
#6050=CARTESIAN_POINT('',(47.3016893930916,-10.,6.125));
#6051=CARTESIAN_POINT('',(15.707963267949,-10.,5.));
#6052=CARTESIAN_POINT('',(17.9447720205832,-10.,13.6490976945949));
#6053=CARTESIAN_POINT('',(78.0776901567922,-10.,5.));
#6054=CARTESIAN_POINT('Origin',(78.0776901567922,-10.,6.125));
#6055=CARTESIAN_POINT('',(56.5486677646163,-10.,5.));
#6056=CARTESIAN_POINT('',(56.8396125470166,-10.,6.125));
#6057=CARTESIAN_POINT('',(57.5053216446441,-10.,8.69910608518938));
#6058=CARTESIAN_POINT('',(57.6573379084586,-10.,5.));
#6059=CARTESIAN_POINT('',(78.0776901567922,-10.,5.));
#6060=CARTESIAN_POINT('',(57.3663931260582,-10.,6.125));
#6061=CARTESIAN_POINT('',(58.1610626390675,-10.,3.05224098793019));
#6062=CARTESIAN_POINT('',(67.7220416414252,-10.,6.125));
#6063=CARTESIAN_POINT('Origin',(78.0776901567922,-10.,6.125));
#6064=CARTESIAN_POINT('',(18.0964849561858,-10.,6.125));
#6065=CARTESIAN_POINT('',(18.3874297385862,-10.,5.));
#6066=CARTESIAN_POINT('',(20.122072615932,-10.,-1.7073663288059));
#6067=CARTESIAN_POINT('',(17.5697043771442,-10.,6.125));
#6068=CARTESIAN_POINT('',(48.087087556489,-10.,6.125));
#6069=CARTESIAN_POINT('',(17.2787595947439,-10.,5.));
#6070=CARTESIAN_POINT('',(19.4663316215086,-10.,13.4587134019255));
#6071=CARTESIAN_POINT('',(78.0776901567922,-10.,5.));
#6072=CARTESIAN_POINT('Origin',(78.0776901567922,-10.,6.125));
#6073=CARTESIAN_POINT('',(54.9778714378214,-10.,5.));
#6074=CARTESIAN_POINT('',(55.2688162202217,-10.,6.125));
#6075=CARTESIAN_POINT('',(55.9837620437187,-10.,8.88949037785883));
#6076=CARTESIAN_POINT('',(56.0865415816637,-10.,5.));
#6077=CARTESIAN_POINT('',(78.0776901567922,-10.,5.));
#6078=CARTESIAN_POINT('',(55.7955967992633,-10.,6.125));
#6079=CARTESIAN_POINT('',(56.6395030381421,-10.,2.86185669526075));
#6080=CARTESIAN_POINT('',(66.9366434780278,-10.,6.125));
#6081=CARTESIAN_POINT('Origin',(78.0776901567922,-10.,6.125));
#6082=CARTESIAN_POINT('',(19.6672812829807,-10.,6.125));
#6083=CARTESIAN_POINT('',(19.9582260653811,-10.,5.));
#6084=CARTESIAN_POINT('',(21.6436322168574,-10.,-1.51698203613645));
#6085=CARTESIAN_POINT('',(19.1405007039391,-10.,6.125));
#6086=CARTESIAN_POINT('',(48.8724857198865,-10.,6.125));
#6087=CARTESIAN_POINT('',(18.8495559215388,-10.,5.));
#6088=CARTESIAN_POINT('',(20.987891222434,-10.,13.268329109256));
#6089=CARTESIAN_POINT('',(78.0776901567922,-10.,5.));
#6090=CARTESIAN_POINT('Origin',(78.0776901567922,-10.,6.125));
#6091=CARTESIAN_POINT('',(53.4070751110265,-10.,5.));
#6092=CARTESIAN_POINT('',(53.6980198934269,-10.,6.125));
#6093=CARTESIAN_POINT('',(54.4622024427933,-10.,9.07987467052827));
#6094=CARTESIAN_POINT('',(54.5157452548688,-10.,5.));
#6095=CARTESIAN_POINT('',(78.0776901567922,-10.,5.));
#6096=CARTESIAN_POINT('',(54.2248004724684,-10.,6.125));
#6097=CARTESIAN_POINT('',(55.1179434372167,-10.,2.6714724025913));
#6098=CARTESIAN_POINT('',(66.1512453146303,-10.,6.125));
#6099=CARTESIAN_POINT('Origin',(78.0776901567922,-10.,6.125));
#6100=CARTESIAN_POINT('',(21.2380776097756,-10.,6.125));
#6101=CARTESIAN_POINT('',(21.529022392176,-10.,5.));
#6102=CARTESIAN_POINT('',(23.1651918177828,-10.,-1.32659774346701));
#6103=CARTESIAN_POINT('',(20.711297030734,-10.,6.125));
#6104=CARTESIAN_POINT('',(49.6578838832839,-10.,6.125));
#6105=CARTESIAN_POINT('',(20.4203522483337,-10.,5.));
#6106=CARTESIAN_POINT('',(22.5094508233595,-10.,13.0779448165866));
#6107=CARTESIAN_POINT('',(78.0776901567922,-10.,5.));
#6108=CARTESIAN_POINT('Origin',(78.0776901567922,-10.,6.125));
#6109=CARTESIAN_POINT('',(51.8362787842316,-10.,5.));
#6110=CARTESIAN_POINT('',(52.127223566632,-10.,6.125));
#6111=CARTESIAN_POINT('',(52.9406428418679,-10.,9.27025896319772));
#6112=CARTESIAN_POINT('',(52.9449489280739,-10.,5.));
#6113=CARTESIAN_POINT('',(78.0776901567922,-10.,5.));
#6114=CARTESIAN_POINT('',(52.6540041456735,-10.,6.125));
#6115=CARTESIAN_POINT('',(53.5963838362912,-10.,2.48108810992186));
#6116=CARTESIAN_POINT('',(65.3658471512329,-10.,6.125));
#6117=CARTESIAN_POINT('Origin',(78.0776901567922,-10.,6.125));
#6118=CARTESIAN_POINT('',(22.8088739365705,-10.,6.125));
#6119=CARTESIAN_POINT('',(23.0998187189709,-10.,5.));
#6120=CARTESIAN_POINT('',(24.6867514187083,-10.,-1.13621345079757));
#6121=CARTESIAN_POINT('',(22.2820933575289,-10.,6.125));
#6122=CARTESIAN_POINT('',(50.4432820466814,-10.,6.125));
#6123=CARTESIAN_POINT('',(21.9911485751286,-10.,5.));
#6124=CARTESIAN_POINT('',(24.0310104242849,-10.,12.8875605239171));
#6125=CARTESIAN_POINT('',(78.0776901567922,-10.,5.));
#6126=CARTESIAN_POINT('Origin',(78.0776901567922,-10.,6.125));
#6127=CARTESIAN_POINT('',(50.2654824574367,-10.,5.));
#6128=CARTESIAN_POINT('',(50.5564272398371,-10.,6.125));
#6129=CARTESIAN_POINT('',(51.4190832409425,-10.,9.46064325586716));
#6130=CARTESIAN_POINT('',(51.374152601279,-10.,5.));
#6131=CARTESIAN_POINT('',(78.0776901567922,-10.,5.));
#6132=CARTESIAN_POINT('',(51.0832078188786,-10.,6.125));
#6133=CARTESIAN_POINT('',(52.0748242353658,-10.,2.29070381725242));
#6134=CARTESIAN_POINT('',(64.5804489878354,-10.,6.125));
#6135=CARTESIAN_POINT('Origin',(78.0776901567922,-10.,6.125));
#6136=CARTESIAN_POINT('',(24.3796702633654,-10.,6.125));
#6137=CARTESIAN_POINT('',(24.6706150457658,-10.,5.));
#6138=CARTESIAN_POINT('',(26.2083110196337,-10.,-0.945829158128125));
#6139=CARTESIAN_POINT('',(23.8528896843238,-10.,6.125));
#6140=CARTESIAN_POINT('',(51.2286802100788,-10.,6.125));
#6141=CARTESIAN_POINT('',(23.5619449019234,-10.,5.));
#6142=CARTESIAN_POINT('',(25.5525700252103,-10.,12.6971762312477));
#6143=CARTESIAN_POINT('',(78.0776901567922,-10.,5.));
#6144=CARTESIAN_POINT('Origin',(78.0776901567922,-10.,6.125));
#6145=CARTESIAN_POINT('',(48.6946861306418,-10.,5.));
#6146=CARTESIAN_POINT('',(48.9856309130422,-10.,6.125));
#6147=CARTESIAN_POINT('',(49.897523640017,-10.,9.6510275485366));
#6148=CARTESIAN_POINT('',(49.8033562744841,-10.,5.));
#6149=CARTESIAN_POINT('',(78.0776901567922,-10.,5.));
#6150=CARTESIAN_POINT('',(49.5124114920837,-10.,6.125));
#6151=CARTESIAN_POINT('',(50.5532646344404,-10.,2.10031952458297));
#6152=CARTESIAN_POINT('',(63.795050824438,-10.,6.125));
#6153=CARTESIAN_POINT('Origin',(78.0776901567922,-10.,6.125));
#6154=CARTESIAN_POINT('',(25.9504665901603,-10.,6.125));
#6155=CARTESIAN_POINT('',(26.2414113725607,-10.,5.));
#6156=CARTESIAN_POINT('',(27.7298706205591,-10.,-0.755444865458681));
#6157=CARTESIAN_POINT('',(25.4236860111187,-10.,6.125));
#6158=CARTESIAN_POINT('',(52.0140783734763,-10.,6.125));
#6159=CARTESIAN_POINT('',(25.1327412287183,-10.,5.));
#6160=CARTESIAN_POINT('',(27.0741296261357,-10.,12.5067919385783));
#6161=CARTESIAN_POINT('',(78.0776901567922,-10.,5.));
#6162=CARTESIAN_POINT('Origin',(78.0776901567922,-10.,6.125));
#6163=CARTESIAN_POINT('',(47.1238898038469,-10.,5.));
#6164=CARTESIAN_POINT('',(47.4148345862473,-10.,6.125));
#6165=CARTESIAN_POINT('',(48.3759640390916,-10.,9.84141184120605));
#6166=CARTESIAN_POINT('',(48.2325599476892,-10.,5.));
#6167=CARTESIAN_POINT('',(78.0776901567922,-10.,5.));
#6168=CARTESIAN_POINT('',(47.9416151652888,-10.,6.125));
#6169=CARTESIAN_POINT('',(49.031705033515,-10.,1.90993523191353));
#6170=CARTESIAN_POINT('',(63.0096526610405,-10.,6.125));
#6171=CARTESIAN_POINT('Origin',(78.0776901567922,-10.,6.125));
#6172=CARTESIAN_POINT('',(27.5212629169552,-10.,6.125));
#6173=CARTESIAN_POINT('',(27.8122076993555,-10.,5.));
#6174=CARTESIAN_POINT('',(29.2514302214845,-10.,-0.565060572789237));
#6175=CARTESIAN_POINT('',(26.9944823379136,-10.,6.125));
#6176=CARTESIAN_POINT('',(52.7994765368737,-10.,6.125));
#6177=CARTESIAN_POINT('',(26.7035375555132,-10.,5.));
#6178=CARTESIAN_POINT('',(28.5956892270611,-10.,12.3164076459088));
#6179=CARTESIAN_POINT('',(78.0776901567922,-10.,5.));
#6180=CARTESIAN_POINT('Origin',(78.0776901567922,-10.,6.125));
#6181=CARTESIAN_POINT('',(45.553093477052,-10.,5.));
#6182=CARTESIAN_POINT('',(45.8440382594524,-10.,6.125));
#6183=CARTESIAN_POINT('',(46.8544044381662,-10.,10.0317961338755));
#6184=CARTESIAN_POINT('',(46.6617636208943,-10.,5.));
#6185=CARTESIAN_POINT('',(78.0776901567922,-10.,5.));
#6186=CARTESIAN_POINT('',(46.3708188384939,-10.,6.125));
#6187=CARTESIAN_POINT('',(47.5101454325896,-10.,1.71955093924409));
#6188=CARTESIAN_POINT('',(62.2242544976431,-10.,6.125));
#6189=CARTESIAN_POINT('Origin',(78.0776901567922,-10.,6.125));
#6190=CARTESIAN_POINT('',(29.0920592437501,-10.,6.125));
#6191=CARTESIAN_POINT('',(29.3830040261505,-10.,5.));
#6192=CARTESIAN_POINT('',(30.7729898224099,-10.,-0.374676280119796));
#6193=CARTESIAN_POINT('',(28.5652786647085,-10.,6.125));
#6194=CARTESIAN_POINT('',(53.5848747002712,-10.,6.125));
#6195=CARTESIAN_POINT('',(28.2743338823081,-10.,5.));
#6196=CARTESIAN_POINT('',(30.1172488279866,-10.,12.1260233532394));
#6197=CARTESIAN_POINT('',(78.0776901567922,-10.,5.));
#6198=CARTESIAN_POINT('Origin',(78.0776901567922,-10.,6.125));
#6199=CARTESIAN_POINT('',(43.9822971502571,-10.,5.));
#6200=CARTESIAN_POINT('',(44.2732419326575,-10.,6.125));
#6201=CARTESIAN_POINT('',(45.3328448372408,-10.,10.2221804265449));
#6202=CARTESIAN_POINT('',(45.0909672940994,-10.,5.));
#6203=CARTESIAN_POINT('',(78.0776901567922,-10.,5.));
#6204=CARTESIAN_POINT('',(44.800022511699,-10.,6.125));
#6205=CARTESIAN_POINT('',(45.9885858316641,-10.,1.52916664657464));
#6206=CARTESIAN_POINT('',(61.4388563342456,-10.,6.125));
#6207=CARTESIAN_POINT('Origin',(78.0776901567922,-10.,6.125));
#6208=CARTESIAN_POINT('',(30.662855570545,-10.,6.125));
#6209=CARTESIAN_POINT('',(30.9538003529453,-10.,5.));
#6210=CARTESIAN_POINT('',(32.2945494233353,-10.,-0.184291987450351));
#6211=CARTESIAN_POINT('',(30.1360749915034,-10.,6.125));
#6212=CARTESIAN_POINT('',(54.3702728636686,-10.,6.125));
#6213=CARTESIAN_POINT('',(29.845130209103,-10.,5.));
#6214=CARTESIAN_POINT('',(31.638808428912,-10.,11.9356390605699));
#6215=CARTESIAN_POINT('',(78.0776901567922,-10.,5.));
#6216=CARTESIAN_POINT('Origin',(78.0776901567922,-10.,6.125));
#6217=CARTESIAN_POINT('',(42.4115008234622,-10.,5.));
#6218=CARTESIAN_POINT('',(42.7024456058626,-10.,6.125));
#6219=CARTESIAN_POINT('',(43.8112852363153,-10.,10.4125647192144));
#6220=CARTESIAN_POINT('',(43.5201709673045,-10.,5.));
#6221=CARTESIAN_POINT('',(78.0776901567922,-10.,5.));
#6222=CARTESIAN_POINT('',(43.2292261849041,-10.,6.125));
#6223=CARTESIAN_POINT('',(44.4670262307387,-10.,1.3387823539052));
#6224=CARTESIAN_POINT('',(60.6534581708482,-10.,6.125));
#6225=CARTESIAN_POINT('Origin',(78.0776901567922,-10.,6.125));
#6226=CARTESIAN_POINT('',(32.2336518973399,-10.,6.125));
#6227=CARTESIAN_POINT('',(32.5245966797402,-10.,5.));
#6228=CARTESIAN_POINT('',(33.8161090242608,-10.,0.00609230521909199));
#6229=CARTESIAN_POINT('',(31.7068713182983,-10.,6.125));
#6230=CARTESIAN_POINT('',(55.155671027066,-10.,6.125));
#6231=CARTESIAN_POINT('',(31.4159265358979,-10.,5.));
#6232=CARTESIAN_POINT('',(33.1603680298374,-10.,11.7452547679005));
#6233=CARTESIAN_POINT('',(78.0776901567922,-10.,5.));
#6234=CARTESIAN_POINT('Origin',(78.0776901567922,-10.,6.125));
#6235=CARTESIAN_POINT('',(40.8407044966673,-10.,5.));
#6236=CARTESIAN_POINT('',(41.1316492790677,-10.,6.125));
#6237=CARTESIAN_POINT('',(42.2897256353899,-10.,10.6029490118838));
#6238=CARTESIAN_POINT('',(41.9493746405096,-10.,5.));
#6239=CARTESIAN_POINT('',(78.0776901567922,-10.,5.));
#6240=CARTESIAN_POINT('',(41.6584298581093,-10.,6.125));
#6241=CARTESIAN_POINT('',(42.9454666298133,-10.,1.14839806123575));
#6242=CARTESIAN_POINT('',(59.8680600074508,-10.,6.125));
#6243=CARTESIAN_POINT('Origin',(78.0776901567922,-10.,6.125));
#6244=CARTESIAN_POINT('',(33.8044482241348,-10.,6.125));
#6245=CARTESIAN_POINT('',(34.0953930065351,-10.,5.));
#6246=CARTESIAN_POINT('',(35.3376686251862,-10.,0.196476597888537));
#6247=CARTESIAN_POINT('',(33.2776676450932,-10.,6.125));
#6248=CARTESIAN_POINT('',(55.9410691904635,-10.,6.125));
#6249=CARTESIAN_POINT('',(32.9867228626928,-10.,5.));
#6250=CARTESIAN_POINT('',(34.6819276307628,-10.,11.554870475231));
#6251=CARTESIAN_POINT('',(78.0776901567922,-10.,5.));
#6252=CARTESIAN_POINT('Origin',(78.0776901567922,-10.,6.125));
#6253=CARTESIAN_POINT('',(39.2699081698724,-10.,5.));
#6254=CARTESIAN_POINT('',(39.5608529522728,-10.,6.125));
#6255=CARTESIAN_POINT('',(40.7681660344645,-10.,10.7933333045533));
#6256=CARTESIAN_POINT('',(40.3785783137147,-10.,5.));
#6257=CARTESIAN_POINT('',(78.0776901567922,-10.,5.));
#6258=CARTESIAN_POINT('',(40.0876335313144,-10.,6.125));
#6259=CARTESIAN_POINT('',(41.4239070288879,-10.,0.958013768566313));
#6260=CARTESIAN_POINT('',(59.0826618440533,-10.,6.125));
#6261=CARTESIAN_POINT('Origin',(78.0776901567922,-10.,6.125));
#6262=CARTESIAN_POINT('',(35.3752445509297,-10.,6.125));
#6263=CARTESIAN_POINT('',(35.66618933333,-10.,5.));
#6264=CARTESIAN_POINT('',(36.8592282261116,-10.,0.38686089055798));
#6265=CARTESIAN_POINT('',(34.8484639718881,-10.,6.125));
#6266=CARTESIAN_POINT('',(56.7264673538609,-10.,6.125));
#6267=CARTESIAN_POINT('',(34.5575191894877,-10.,5.));
#6268=CARTESIAN_POINT('',(36.2034872316882,-10.,11.3644861825616));
#6269=CARTESIAN_POINT('',(78.0776901567922,-10.,5.));
#6270=CARTESIAN_POINT('Origin',(78.0776901567922,-10.,6.125));
#6271=CARTESIAN_POINT('',(36.9460408777246,-10.,6.125));
#6272=CARTESIAN_POINT('',(37.2369856601249,-10.,5.));
#6273=CARTESIAN_POINT('',(38.380787827037,-10.,0.577245183227423));
#6274=CARTESIAN_POINT('',(36.419260298683,-10.,6.125));
#6275=CARTESIAN_POINT('',(57.5118655172584,-10.,6.125));
#6276=CARTESIAN_POINT('',(36.1283155162826,-10.,5.));
#6277=CARTESIAN_POINT('',(37.7250468326137,-10.,11.1741018898921));
#6278=CARTESIAN_POINT('',(78.0776901567922,-10.,5.));
#6279=CARTESIAN_POINT('Origin',(78.0776901567922,-10.,6.125));
#6280=CARTESIAN_POINT('',(37.6991118430775,-10.,5.));
#6281=CARTESIAN_POINT('',(37.9900566254779,-10.,6.125));
#6282=CARTESIAN_POINT('',(39.2466064335391,-10.,10.9837175972227));
#6283=CARTESIAN_POINT('',(38.8077819869198,-10.,5.));
#6284=CARTESIAN_POINT('',(78.0776901567922,-10.,5.));
#6285=CARTESIAN_POINT('',(38.5168372045195,-10.,6.125));
#6286=CARTESIAN_POINT('',(39.9023474279625,-10.,0.767629475896867));
#6287=CARTESIAN_POINT('',(58.2972636806558,-10.,6.125));
#6288=CARTESIAN_POINT('Origin',(37.9900566254779,-5.,6.125));
#6289=CARTESIAN_POINT('',(37.9900566254779,-5.,6.125));
#6290=CARTESIAN_POINT('',(37.9900566254779,-5.,6.125));
#6291=CARTESIAN_POINT('',(37.6991118430775,-5.,5.));
#6292=CARTESIAN_POINT('',(37.6991118430775,-5.,5.));
#6293=CARTESIAN_POINT('',(37.6991118430775,-5.,5.));
#6294=CARTESIAN_POINT('Origin',(38.5168372045195,-5.,6.125));
#6295=CARTESIAN_POINT('',(38.5168372045195,-5.,6.125));
#6296=CARTESIAN_POINT('',(38.5168372045195,-5.,6.125));
#6297=CARTESIAN_POINT('',(37.9900566254779,-5.,6.125));
#6298=CARTESIAN_POINT('Origin',(36.419260298683,-5.,6.125));
#6299=CARTESIAN_POINT('',(36.419260298683,-5.,6.125));
#6300=CARTESIAN_POINT('',(36.419260298683,-5.,6.125));
#6301=CARTESIAN_POINT('',(36.1283155162826,-5.,5.));
#6302=CARTESIAN_POINT('',(36.1283155162826,-5.,5.));
#6303=CARTESIAN_POINT('',(36.1283155162826,-5.,5.));
#6304=CARTESIAN_POINT('Origin',(39.5608529522728,-5.,6.125));
#6305=CARTESIAN_POINT('',(39.5608529522728,-5.,6.125));
#6306=CARTESIAN_POINT('',(39.5608529522728,-5.,6.125));
#6307=CARTESIAN_POINT('',(39.2699081698724,-5.,5.));
#6308=CARTESIAN_POINT('',(39.2699081698724,-5.,5.));
#6309=CARTESIAN_POINT('',(39.2699081698724,-5.,5.));
#6310=CARTESIAN_POINT('Origin',(40.0876335313144,-5.,6.125));
#6311=CARTESIAN_POINT('',(40.0876335313144,-5.,6.125));
#6312=CARTESIAN_POINT('',(40.0876335313144,-5.,6.125));
#6313=CARTESIAN_POINT('',(39.5608529522728,-5.,6.125));
#6314=CARTESIAN_POINT('Origin',(34.8484639718881,-5.,6.125));
#6315=CARTESIAN_POINT('',(34.8484639718881,-5.,6.125));
#6316=CARTESIAN_POINT('',(34.8484639718881,-5.,6.125));
#6317=CARTESIAN_POINT('',(34.5575191894877,-5.,5.));
#6318=CARTESIAN_POINT('',(34.5575191894877,-5.,5.));
#6319=CARTESIAN_POINT('',(34.5575191894877,-5.,5.));
#6320=CARTESIAN_POINT('Origin',(41.1316492790677,-5.,6.125));
#6321=CARTESIAN_POINT('',(41.1316492790677,-5.,6.125));
#6322=CARTESIAN_POINT('',(41.1316492790677,-5.,6.125));
#6323=CARTESIAN_POINT('',(40.8407044966673,-5.,5.));
#6324=CARTESIAN_POINT('',(40.8407044966673,-5.,5.));
#6325=CARTESIAN_POINT('',(40.8407044966673,-5.,5.));
#6326=CARTESIAN_POINT('Origin',(41.6584298581093,-5.,6.125));
#6327=CARTESIAN_POINT('',(41.6584298581093,-5.,6.125));
#6328=CARTESIAN_POINT('',(41.6584298581093,-5.,6.125));
#6329=CARTESIAN_POINT('',(41.1316492790677,-5.,6.125));
#6330=CARTESIAN_POINT('Origin',(33.2776676450932,-5.,6.125));
#6331=CARTESIAN_POINT('',(33.2776676450932,-5.,6.125));
#6332=CARTESIAN_POINT('',(33.2776676450932,-5.,6.125));
#6333=CARTESIAN_POINT('',(32.9867228626928,-5.,5.));
#6334=CARTESIAN_POINT('',(32.9867228626928,-5.,5.));
#6335=CARTESIAN_POINT('',(32.9867228626928,-5.,5.));
#6336=CARTESIAN_POINT('Origin',(42.7024456058626,-5.,6.125));
#6337=CARTESIAN_POINT('',(42.7024456058626,-5.,6.125));
#6338=CARTESIAN_POINT('',(42.7024456058626,-5.,6.125));
#6339=CARTESIAN_POINT('',(42.4115008234622,-5.,5.));
#6340=CARTESIAN_POINT('',(42.4115008234622,-5.,5.));
#6341=CARTESIAN_POINT('',(42.4115008234622,-5.,5.));
#6342=CARTESIAN_POINT('Origin',(43.2292261849041,-5.,6.125));
#6343=CARTESIAN_POINT('',(43.2292261849041,-5.,6.125));
#6344=CARTESIAN_POINT('',(43.2292261849041,-5.,6.125));
#6345=CARTESIAN_POINT('',(42.7024456058626,-5.,6.125));
#6346=CARTESIAN_POINT('Origin',(31.7068713182983,-5.,6.125));
#6347=CARTESIAN_POINT('',(31.7068713182983,-5.,6.125));
#6348=CARTESIAN_POINT('',(31.7068713182983,-5.,6.125));
#6349=CARTESIAN_POINT('',(31.4159265358979,-5.,5.));
#6350=CARTESIAN_POINT('',(31.4159265358979,-5.,5.));
#6351=CARTESIAN_POINT('',(31.4159265358979,-5.,5.));
#6352=CARTESIAN_POINT('Origin',(44.2732419326575,-5.,6.125));
#6353=CARTESIAN_POINT('',(44.2732419326575,-5.,6.125));
#6354=CARTESIAN_POINT('',(44.2732419326575,-5.,6.125));
#6355=CARTESIAN_POINT('',(43.9822971502571,-5.,5.));
#6356=CARTESIAN_POINT('',(43.9822971502571,-5.,5.));
#6357=CARTESIAN_POINT('',(43.9822971502571,-5.,5.));
#6358=CARTESIAN_POINT('Origin',(44.800022511699,-5.,6.125));
#6359=CARTESIAN_POINT('',(44.800022511699,-5.,6.125));
#6360=CARTESIAN_POINT('',(44.800022511699,-5.,6.125));
#6361=CARTESIAN_POINT('',(44.2732419326575,-5.,6.125));
#6362=CARTESIAN_POINT('Origin',(30.1360749915034,-5.,6.125));
#6363=CARTESIAN_POINT('',(30.1360749915034,-5.,6.125));
#6364=CARTESIAN_POINT('',(30.1360749915034,-5.,6.125));
#6365=CARTESIAN_POINT('',(29.845130209103,-5.,5.));
#6366=CARTESIAN_POINT('',(29.845130209103,-5.,5.));
#6367=CARTESIAN_POINT('',(29.845130209103,-5.,5.));
#6368=CARTESIAN_POINT('Origin',(45.8440382594524,-5.,6.125));
#6369=CARTESIAN_POINT('',(45.8440382594524,-5.,6.125));
#6370=CARTESIAN_POINT('',(45.8440382594524,-5.,6.125));
#6371=CARTESIAN_POINT('',(45.553093477052,-5.,5.));
#6372=CARTESIAN_POINT('',(45.553093477052,-5.,5.));
#6373=CARTESIAN_POINT('',(45.553093477052,-5.,5.));
#6374=CARTESIAN_POINT('Origin',(46.3708188384939,-5.,6.125));
#6375=CARTESIAN_POINT('',(46.3708188384939,-5.,6.125));
#6376=CARTESIAN_POINT('',(46.3708188384939,-5.,6.125));
#6377=CARTESIAN_POINT('',(45.8440382594524,-5.,6.125));
#6378=CARTESIAN_POINT('Origin',(28.5652786647085,-5.,6.125));
#6379=CARTESIAN_POINT('',(28.5652786647085,-5.,6.125));
#6380=CARTESIAN_POINT('',(28.5652786647085,-5.,6.125));
#6381=CARTESIAN_POINT('',(28.2743338823081,-5.,5.));
#6382=CARTESIAN_POINT('',(28.2743338823081,-5.,5.));
#6383=CARTESIAN_POINT('',(28.2743338823081,-5.,5.));
#6384=CARTESIAN_POINT('Origin',(47.4148345862473,-5.,6.125));
#6385=CARTESIAN_POINT('',(47.4148345862473,-5.,6.125));
#6386=CARTESIAN_POINT('',(47.4148345862473,-5.,6.125));
#6387=CARTESIAN_POINT('',(47.1238898038469,-5.,5.));
#6388=CARTESIAN_POINT('',(47.1238898038469,-5.,5.));
#6389=CARTESIAN_POINT('',(47.1238898038469,-5.,5.));
#6390=CARTESIAN_POINT('Origin',(47.9416151652888,-5.,6.125));
#6391=CARTESIAN_POINT('',(47.9416151652888,-5.,6.125));
#6392=CARTESIAN_POINT('',(47.9416151652888,-5.,6.125));
#6393=CARTESIAN_POINT('',(47.4148345862473,-5.,6.125));
#6394=CARTESIAN_POINT('Origin',(26.9944823379136,-5.,6.125));
#6395=CARTESIAN_POINT('',(26.9944823379136,-5.,6.125));
#6396=CARTESIAN_POINT('',(26.9944823379136,-5.,6.125));
#6397=CARTESIAN_POINT('',(26.7035375555132,-5.,5.));
#6398=CARTESIAN_POINT('',(26.7035375555132,-5.,5.));
#6399=CARTESIAN_POINT('',(26.7035375555132,-5.,5.));
#6400=CARTESIAN_POINT('Origin',(48.9856309130422,-5.,6.125));
#6401=CARTESIAN_POINT('',(48.9856309130422,-5.,6.125));
#6402=CARTESIAN_POINT('',(48.9856309130422,-5.,6.125));
#6403=CARTESIAN_POINT('',(48.6946861306418,-5.,5.));
#6404=CARTESIAN_POINT('',(48.6946861306418,-5.,5.));
#6405=CARTESIAN_POINT('',(48.6946861306418,-5.,5.));
#6406=CARTESIAN_POINT('Origin',(49.5124114920837,-5.,6.125));
#6407=CARTESIAN_POINT('',(49.5124114920837,-5.,6.125));
#6408=CARTESIAN_POINT('',(49.5124114920837,-5.,6.125));
#6409=CARTESIAN_POINT('',(48.9856309130422,-5.,6.125));
#6410=CARTESIAN_POINT('Origin',(25.4236860111187,-5.,6.125));
#6411=CARTESIAN_POINT('',(25.4236860111187,-5.,6.125));
#6412=CARTESIAN_POINT('',(25.4236860111187,-5.,6.125));
#6413=CARTESIAN_POINT('',(25.1327412287183,-5.,5.));
#6414=CARTESIAN_POINT('',(25.1327412287183,-5.,5.));
#6415=CARTESIAN_POINT('',(25.1327412287183,-5.,5.));
#6416=CARTESIAN_POINT('Origin',(50.5564272398371,-5.,6.125));
#6417=CARTESIAN_POINT('',(50.5564272398371,-5.,6.125));
#6418=CARTESIAN_POINT('',(50.5564272398371,-5.,6.125));
#6419=CARTESIAN_POINT('',(50.2654824574367,-5.,5.));
#6420=CARTESIAN_POINT('',(50.2654824574367,-5.,5.));
#6421=CARTESIAN_POINT('',(50.2654824574367,-5.,5.));
#6422=CARTESIAN_POINT('Origin',(51.0832078188786,-5.,6.125));
#6423=CARTESIAN_POINT('',(51.0832078188786,-5.,6.125));
#6424=CARTESIAN_POINT('',(51.0832078188786,-5.,6.125));
#6425=CARTESIAN_POINT('',(50.5564272398371,-5.,6.125));
#6426=CARTESIAN_POINT('Origin',(23.8528896843238,-5.,6.125));
#6427=CARTESIAN_POINT('',(23.8528896843238,-5.,6.125));
#6428=CARTESIAN_POINT('',(23.8528896843238,-5.,6.125));
#6429=CARTESIAN_POINT('',(23.5619449019234,-5.,5.));
#6430=CARTESIAN_POINT('',(23.5619449019234,-5.,5.));
#6431=CARTESIAN_POINT('',(23.5619449019234,-5.,5.));
#6432=CARTESIAN_POINT('Origin',(52.127223566632,-5.,6.125));
#6433=CARTESIAN_POINT('',(52.127223566632,-5.,6.125));
#6434=CARTESIAN_POINT('',(52.127223566632,-5.,6.125));
#6435=CARTESIAN_POINT('',(51.8362787842316,-5.,5.));
#6436=CARTESIAN_POINT('',(51.8362787842316,-5.,5.));
#6437=CARTESIAN_POINT('',(51.8362787842316,-5.,5.));
#6438=CARTESIAN_POINT('Origin',(52.6540041456735,-5.,6.125));
#6439=CARTESIAN_POINT('',(52.6540041456735,-5.,6.125));
#6440=CARTESIAN_POINT('',(52.6540041456735,-5.,6.125));
#6441=CARTESIAN_POINT('',(52.127223566632,-5.,6.125));
#6442=CARTESIAN_POINT('Origin',(22.2820933575289,-5.,6.125));
#6443=CARTESIAN_POINT('',(22.2820933575289,-5.,6.125));
#6444=CARTESIAN_POINT('',(22.2820933575289,-5.,6.125));
#6445=CARTESIAN_POINT('',(21.9911485751286,-5.,5.));
#6446=CARTESIAN_POINT('',(21.9911485751286,-5.,5.));
#6447=CARTESIAN_POINT('',(21.9911485751286,-5.,5.));
#6448=CARTESIAN_POINT('Origin',(53.6980198934269,-5.,6.125));
#6449=CARTESIAN_POINT('',(53.6980198934269,-5.,6.125));
#6450=CARTESIAN_POINT('',(53.6980198934269,-5.,6.125));
#6451=CARTESIAN_POINT('',(53.4070751110265,-5.,5.));
#6452=CARTESIAN_POINT('',(53.4070751110265,-5.,5.));
#6453=CARTESIAN_POINT('',(53.4070751110265,-5.,5.));
#6454=CARTESIAN_POINT('Origin',(54.2248004724684,-5.,6.125));
#6455=CARTESIAN_POINT('',(54.2248004724684,-5.,6.125));
#6456=CARTESIAN_POINT('',(54.2248004724684,-5.,6.125));
#6457=CARTESIAN_POINT('',(53.6980198934269,-5.,6.125));
#6458=CARTESIAN_POINT('Origin',(20.711297030734,-5.,6.125));
#6459=CARTESIAN_POINT('',(20.711297030734,-5.,6.125));
#6460=CARTESIAN_POINT('',(20.711297030734,-5.,6.125));
#6461=CARTESIAN_POINT('',(20.4203522483337,-5.,5.));
#6462=CARTESIAN_POINT('',(20.4203522483337,-5.,5.));
#6463=CARTESIAN_POINT('',(20.4203522483337,-5.,5.));
#6464=CARTESIAN_POINT('Origin',(55.2688162202217,-5.,6.125));
#6465=CARTESIAN_POINT('',(55.2688162202217,-5.,6.125));
#6466=CARTESIAN_POINT('',(55.2688162202217,-5.,6.125));
#6467=CARTESIAN_POINT('',(54.9778714378214,-5.,5.));
#6468=CARTESIAN_POINT('',(54.9778714378214,-5.,5.));
#6469=CARTESIAN_POINT('',(54.9778714378214,-5.,5.));
#6470=CARTESIAN_POINT('Origin',(55.7955967992633,-5.,6.125));
#6471=CARTESIAN_POINT('',(55.7955967992633,-5.,6.125));
#6472=CARTESIAN_POINT('',(55.7955967992633,-5.,6.125));
#6473=CARTESIAN_POINT('',(55.2688162202217,-5.,6.125));
#6474=CARTESIAN_POINT('Origin',(19.1405007039391,-5.,6.125));
#6475=CARTESIAN_POINT('',(19.1405007039391,-5.,6.125));
#6476=CARTESIAN_POINT('',(19.1405007039391,-5.,6.125));
#6477=CARTESIAN_POINT('',(18.8495559215388,-5.,5.));
#6478=CARTESIAN_POINT('',(18.8495559215388,-5.,5.));
#6479=CARTESIAN_POINT('',(18.8495559215388,-5.,5.));
#6480=CARTESIAN_POINT('Origin',(56.8396125470166,-5.,6.125));
#6481=CARTESIAN_POINT('',(56.8396125470166,-5.,6.125));
#6482=CARTESIAN_POINT('',(56.8396125470166,-5.,6.125));
#6483=CARTESIAN_POINT('',(56.5486677646163,-5.,5.));
#6484=CARTESIAN_POINT('',(56.5486677646163,-5.,5.));
#6485=CARTESIAN_POINT('',(56.5486677646163,-5.,5.));
#6486=CARTESIAN_POINT('Origin',(57.3663931260582,-5.,6.125));
#6487=CARTESIAN_POINT('',(57.3663931260582,-5.,6.125));
#6488=CARTESIAN_POINT('',(57.3663931260582,-5.,6.125));
#6489=CARTESIAN_POINT('',(56.8396125470166,-5.,6.125));
#6490=CARTESIAN_POINT('Origin',(17.5697043771442,-5.,6.125));
#6491=CARTESIAN_POINT('',(17.5697043771442,-5.,6.125));
#6492=CARTESIAN_POINT('',(17.5697043771442,-5.,6.125));
#6493=CARTESIAN_POINT('',(17.2787595947439,-5.,5.));
#6494=CARTESIAN_POINT('',(17.2787595947439,-5.,5.));
#6495=CARTESIAN_POINT('',(17.2787595947439,-5.,5.));
#6496=CARTESIAN_POINT('Origin',(58.4104088738115,-5.,6.125));
#6497=CARTESIAN_POINT('',(58.4104088738115,-5.,6.125));
#6498=CARTESIAN_POINT('',(58.4104088738115,-5.,6.125));
#6499=CARTESIAN_POINT('',(58.1194640914112,-5.,5.));
#6500=CARTESIAN_POINT('',(58.1194640914112,-5.,5.));
#6501=CARTESIAN_POINT('',(58.1194640914112,-5.,5.));
#6502=CARTESIAN_POINT('Origin',(58.9371894528531,-5.,6.125));
#6503=CARTESIAN_POINT('',(58.9371894528531,-5.,6.125));
#6504=CARTESIAN_POINT('',(58.9371894528531,-5.,6.125));
#6505=CARTESIAN_POINT('',(58.4104088738115,-5.,6.125));
#6506=CARTESIAN_POINT('Origin',(15.9989080503493,-5.,6.125));
#6507=CARTESIAN_POINT('',(15.9989080503493,-5.,6.125));
#6508=CARTESIAN_POINT('',(15.9989080503493,-5.,6.125));
#6509=CARTESIAN_POINT('',(15.707963267949,-5.,5.));
#6510=CARTESIAN_POINT('',(15.707963267949,-5.,5.));
#6511=CARTESIAN_POINT('',(15.707963267949,-5.,5.));
#6512=CARTESIAN_POINT('Origin',(59.9812052006064,-5.,6.125));
#6513=CARTESIAN_POINT('',(59.9812052006064,-5.,6.125));
#6514=CARTESIAN_POINT('',(59.9812052006064,-5.,6.125));
#6515=CARTESIAN_POINT('',(59.6902604182061,-5.,5.));
#6516=CARTESIAN_POINT('',(59.6902604182061,-5.,5.));
#6517=CARTESIAN_POINT('',(59.6902604182061,-5.,5.));
#6518=CARTESIAN_POINT('Origin',(60.507985779648,-5.,6.125));
#6519=CARTESIAN_POINT('',(60.507985779648,-5.,6.125));
#6520=CARTESIAN_POINT('',(60.507985779648,-5.,6.125));
#6521=CARTESIAN_POINT('',(59.9812052006064,-5.,6.125));
#6522=CARTESIAN_POINT('Origin',(14.4281117235544,-5.,6.125));
#6523=CARTESIAN_POINT('',(14.4281117235544,-5.,6.125));
#6524=CARTESIAN_POINT('',(14.4281117235544,-5.,6.125));
#6525=CARTESIAN_POINT('',(14.1371669411541,-5.,5.));
#6526=CARTESIAN_POINT('',(14.1371669411541,-5.,5.));
#6527=CARTESIAN_POINT('',(14.1371669411541,-5.,5.));
#6528=CARTESIAN_POINT('Origin',(61.5520015274013,-5.,6.125));
#6529=CARTESIAN_POINT('',(61.5520015274013,-5.,6.125));
#6530=CARTESIAN_POINT('',(61.5520015274013,-5.,6.125));
#6531=CARTESIAN_POINT('',(61.261056745001,-5.,5.));
#6532=CARTESIAN_POINT('',(61.261056745001,-5.,5.));
#6533=CARTESIAN_POINT('',(61.261056745001,-5.,5.));
#6534=CARTESIAN_POINT('Origin',(62.0787821064429,-5.,6.125));
#6535=CARTESIAN_POINT('',(62.0787821064429,-5.,6.125));
#6536=CARTESIAN_POINT('',(62.0787821064429,-5.,6.125));
#6537=CARTESIAN_POINT('',(61.5520015274013,-5.,6.125));
#6538=CARTESIAN_POINT('Origin',(12.8573153967596,-5.,6.125));
#6539=CARTESIAN_POINT('',(12.8573153967596,-5.,6.125));
#6540=CARTESIAN_POINT('',(12.8573153967596,-5.,6.125));
#6541=CARTESIAN_POINT('',(12.5663706143592,-5.,5.));
#6542=CARTESIAN_POINT('',(12.5663706143592,-5.,5.));
#6543=CARTESIAN_POINT('',(12.5663706143592,-5.,5.));
#6544=CARTESIAN_POINT('Origin',(63.1227978541962,-5.,6.125));
#6545=CARTESIAN_POINT('',(63.1227978541962,-5.,6.125));
#6546=CARTESIAN_POINT('',(63.1227978541962,-5.,6.125));
#6547=CARTESIAN_POINT('',(62.8318530717959,-5.,5.));
#6548=CARTESIAN_POINT('',(62.8318530717959,-5.,5.));
#6549=CARTESIAN_POINT('',(62.8318530717959,-5.,5.));
#6550=CARTESIAN_POINT('Origin',(63.6495784332378,-5.,6.125));
#6551=CARTESIAN_POINT('',(63.6495784332378,-5.,6.125));
#6552=CARTESIAN_POINT('',(63.6495784332378,-5.,6.125));
#6553=CARTESIAN_POINT('',(63.1227978541962,-5.,6.125));
#6554=CARTESIAN_POINT('Origin',(11.2865190699647,-5.,6.125));
#6555=CARTESIAN_POINT('',(11.2865190699647,-5.,6.125));
#6556=CARTESIAN_POINT('',(11.2865190699647,-5.,6.125));
#6557=CARTESIAN_POINT('',(10.9955742875643,-5.,5.));
#6558=CARTESIAN_POINT('',(10.9955742875643,-5.,5.));
#6559=CARTESIAN_POINT('',(10.9955742875643,-5.,5.));
#6560=CARTESIAN_POINT('Origin',(64.6935941809911,-5.,6.125));
#6561=CARTESIAN_POINT('',(64.6935941809911,-5.,6.125));
#6562=CARTESIAN_POINT('',(64.6935941809911,-5.,6.125));
#6563=CARTESIAN_POINT('',(64.4026493985908,-5.,5.));
#6564=CARTESIAN_POINT('',(64.4026493985908,-5.,5.));
#6565=CARTESIAN_POINT('',(64.4026493985908,-5.,5.));
#6566=CARTESIAN_POINT('Origin',(65.2203747600327,-5.,6.125));
#6567=CARTESIAN_POINT('',(65.2203747600327,-5.,6.125));
#6568=CARTESIAN_POINT('',(65.2203747600327,-5.,6.125));
#6569=CARTESIAN_POINT('',(64.6935941809911,-5.,6.125));
#6570=CARTESIAN_POINT('Origin',(9.71572274316976,-5.,6.125));
#6571=CARTESIAN_POINT('',(9.71572274316976,-5.,6.125));
#6572=CARTESIAN_POINT('',(9.71572274316976,-5.,6.125));
#6573=CARTESIAN_POINT('',(9.42477796076938,-5.,5.));
#6574=CARTESIAN_POINT('',(9.42477796076938,-5.,5.));
#6575=CARTESIAN_POINT('',(9.42477796076938,-5.,5.));
#6576=CARTESIAN_POINT('Origin',(66.264390507786,-5.,6.125));
#6577=CARTESIAN_POINT('',(66.264390507786,-5.,6.125));
#6578=CARTESIAN_POINT('',(66.264390507786,-5.,6.125));
#6579=CARTESIAN_POINT('',(65.9734457253857,-5.,5.));
#6580=CARTESIAN_POINT('',(65.9734457253857,-5.,5.));
#6581=CARTESIAN_POINT('',(65.9734457253857,-5.,5.));
#6582=CARTESIAN_POINT('Origin',(66.7911710868276,-5.,6.125));
#6583=CARTESIAN_POINT('',(66.7911710868276,-5.,6.125));
#6584=CARTESIAN_POINT('',(66.7911710868276,-5.,6.125));
#6585=CARTESIAN_POINT('',(66.264390507786,-5.,6.125));
#6586=CARTESIAN_POINT('Origin',(8.14492641637486,-5.,6.125));
#6587=CARTESIAN_POINT('',(8.14492641637486,-5.,6.125));
#6588=CARTESIAN_POINT('',(8.14492641637486,-5.,6.125));
#6589=CARTESIAN_POINT('',(7.85398163397448,-5.,5.));
#6590=CARTESIAN_POINT('',(7.85398163397448,-5.,5.));
#6591=CARTESIAN_POINT('',(7.85398163397448,-5.,5.));
#6592=CARTESIAN_POINT('Origin',(67.8351868345809,-5.,6.125));
#6593=CARTESIAN_POINT('',(67.8351868345809,-5.,6.125));
#6594=CARTESIAN_POINT('',(67.8351868345809,-5.,6.125));
#6595=CARTESIAN_POINT('',(67.5442420521806,-5.,5.));
#6596=CARTESIAN_POINT('',(67.5442420521806,-5.,5.));
#6597=CARTESIAN_POINT('',(67.5442420521806,-5.,5.));
#6598=CARTESIAN_POINT('Origin',(68.3619674136225,-5.,6.125));
#6599=CARTESIAN_POINT('',(68.3619674136225,-5.,6.125));
#6600=CARTESIAN_POINT('',(68.3619674136225,-5.,6.125));
#6601=CARTESIAN_POINT('',(67.8351868345809,-5.,6.125));
#6602=CARTESIAN_POINT('Origin',(6.57413008957996,-5.,6.125));
#6603=CARTESIAN_POINT('',(6.57413008957996,-5.,6.125));
#6604=CARTESIAN_POINT('',(6.57413008957996,-5.,6.125));
#6605=CARTESIAN_POINT('',(6.28318530717959,-5.,5.));
#6606=CARTESIAN_POINT('',(6.28318530717959,-5.,5.));
#6607=CARTESIAN_POINT('',(6.28318530717959,-5.,5.));
#6608=CARTESIAN_POINT('Origin',(69.4059831613758,-5.,6.125));
#6609=CARTESIAN_POINT('',(69.4059831613758,-5.,6.125));
#6610=CARTESIAN_POINT('',(69.4059831613758,-5.,6.125));
#6611=CARTESIAN_POINT('',(69.1150383789754,-5.,5.));
#6612=CARTESIAN_POINT('',(69.1150383789754,-5.,5.));
#6613=CARTESIAN_POINT('',(69.1150383789754,-5.,5.));
#6614=CARTESIAN_POINT('Origin',(69.9327637404174,-5.,6.125));
#6615=CARTESIAN_POINT('',(69.9327637404174,-5.,6.125));
#6616=CARTESIAN_POINT('',(69.9327637404174,-5.,6.125));
#6617=CARTESIAN_POINT('',(69.4059831613758,-5.,6.125));
#6618=CARTESIAN_POINT('Origin',(5.00333376278507,-5.,6.125));
#6619=CARTESIAN_POINT('',(5.00333376278507,-5.,6.125));
#6620=CARTESIAN_POINT('',(5.00333376278507,-5.,6.125));
#6621=CARTESIAN_POINT('',(4.71238898038469,-5.,5.));
#6622=CARTESIAN_POINT('',(4.71238898038469,-5.,5.));
#6623=CARTESIAN_POINT('',(4.71238898038469,-5.,5.));
#6624=CARTESIAN_POINT('Origin',(70.9767794881707,-5.,6.125));
#6625=CARTESIAN_POINT('',(70.9767794881707,-5.,6.125));
#6626=CARTESIAN_POINT('',(70.9767794881707,-5.,6.125));
#6627=CARTESIAN_POINT('',(70.6858347057703,-5.,5.));
#6628=CARTESIAN_POINT('',(70.6858347057703,-5.,5.));
#6629=CARTESIAN_POINT('',(70.6858347057703,-5.,5.));
#6630=CARTESIAN_POINT('Origin',(71.5035600672123,-5.,6.125));
#6631=CARTESIAN_POINT('',(71.5035600672123,-5.,6.125));
#6632=CARTESIAN_POINT('',(71.5035600672123,-5.,6.125));
#6633=CARTESIAN_POINT('',(70.9767794881707,-5.,6.125));
#6634=CARTESIAN_POINT('Origin',(3.43253743599017,-5.,6.125));
#6635=CARTESIAN_POINT('',(3.43253743599017,-5.,6.125));
#6636=CARTESIAN_POINT('',(3.43253743599017,-5.,6.125));
#6637=CARTESIAN_POINT('',(3.14159265358979,-5.,5.));
#6638=CARTESIAN_POINT('',(3.14159265358979,-5.,5.));
#6639=CARTESIAN_POINT('',(3.14159265358979,-5.,5.));
#6640=CARTESIAN_POINT('Origin',(72.5475758149656,-5.,6.125));
#6641=CARTESIAN_POINT('',(72.5475758149656,-5.,6.125));
#6642=CARTESIAN_POINT('',(72.5475758149656,-5.,6.125));
#6643=CARTESIAN_POINT('',(72.2566310325653,-5.,5.));
#6644=CARTESIAN_POINT('',(72.2566310325653,-5.,5.));
#6645=CARTESIAN_POINT('',(72.2566310325653,-5.,5.));
#6646=CARTESIAN_POINT('Origin',(73.0743563940072,-5.,6.125));
#6647=CARTESIAN_POINT('',(73.0743563940072,-5.,6.125));
#6648=CARTESIAN_POINT('',(73.0743563940072,-5.,6.125));
#6649=CARTESIAN_POINT('',(72.5475758149656,-5.,6.125));
#6650=CARTESIAN_POINT('Origin',(1.86174110919527,-5.,6.125));
#6651=CARTESIAN_POINT('',(1.86174110919527,-5.,6.125));
#6652=CARTESIAN_POINT('',(1.86174110919527,-5.,6.125));
#6653=CARTESIAN_POINT('',(1.5707963267949,-5.,5.));
#6654=CARTESIAN_POINT('',(1.5707963267949,-5.,5.));
#6655=CARTESIAN_POINT('',(1.5707963267949,-5.,5.));
#6656=CARTESIAN_POINT('Origin',(74.1183721417605,-5.,6.125));
#6657=CARTESIAN_POINT('',(74.1183721417605,-5.,6.125));
#6658=CARTESIAN_POINT('',(74.1183721417605,-5.,6.125));
#6659=CARTESIAN_POINT('',(73.8274273593601,-5.,5.));
#6660=CARTESIAN_POINT('',(73.8274273593601,-5.,5.));
#6661=CARTESIAN_POINT('',(73.8274273593601,-5.,5.));
#6662=CARTESIAN_POINT('Origin',(74.6451527208021,-5.,6.125));
#6663=CARTESIAN_POINT('',(74.6451527208021,-5.,6.125));
#6664=CARTESIAN_POINT('',(74.6451527208021,-5.,6.125));
#6665=CARTESIAN_POINT('',(74.1183721417605,-5.,6.125));
#6666=CARTESIAN_POINT('Origin',(75.6891684685554,-5.,6.125));
#6667=CARTESIAN_POINT('',(75.6891684685554,-5.,6.125));
#6668=CARTESIAN_POINT('',(75.6891684685554,-5.,6.125));
#6669=CARTESIAN_POINT('',(75.398223686155,-5.,5.));
#6670=CARTESIAN_POINT('',(75.398223686155,-5.,5.));
#6671=CARTESIAN_POINT('',(75.398223686155,-5.,5.));
#6672=CARTESIAN_POINT('Origin',(0.290944782400377,-5.,6.125));
#6673=CARTESIAN_POINT('',(0.290944782400377,-5.,6.125));
#6674=CARTESIAN_POINT('',(0.290944782400377,-5.,6.125));
#6675=CARTESIAN_POINT('',(0.,-5.,5.));
#6676=CARTESIAN_POINT('',(0.,-5.,5.));
#6677=CARTESIAN_POINT('',(0.,-5.,5.));
#6678=CARTESIAN_POINT('Origin',(76.215949047597,-5.,6.125));
#6679=CARTESIAN_POINT('',(76.215949047597,-5.,6.125));
#6680=CARTESIAN_POINT('',(76.215949047597,-5.,6.125));
#6681=CARTESIAN_POINT('',(75.6891684685554,-5.,6.125));
#6682=CARTESIAN_POINT('Origin',(77.2599647953503,-5.,6.125));
#6683=CARTESIAN_POINT('',(77.2599647953503,-5.,6.125));
#6684=CARTESIAN_POINT('',(77.2599647953503,-5.,6.125));
#6685=CARTESIAN_POINT('',(76.9690200129499,-5.,5.));
#6686=CARTESIAN_POINT('',(76.9690200129499,-5.,5.));
#6687=CARTESIAN_POINT('',(76.9690200129499,-5.,5.));
#6688=CARTESIAN_POINT('Origin',(77.7867453743919,-5.,6.125));
#6689=CARTESIAN_POINT('',(77.7867453743919,-5.,6.125));
#6690=CARTESIAN_POINT('',(77.7867453743919,-5.,6.125));
#6691=CARTESIAN_POINT('',(77.2599647953503,-5.,6.125));
#6692=CARTESIAN_POINT('Origin',(0.,-15.,-5.55111512312578E-16));
#6693=CARTESIAN_POINT('',(78.0776901567922,-15.,2.22044604925031E-15));
#6694=CARTESIAN_POINT('',(0.,-15.,0.));
#6695=CARTESIAN_POINT('',(37.6991118430775,-15.,-1.11022302462516E-15));
#6696=CARTESIAN_POINT('',(78.0776901567922,-15.,-3.));
#6697=CARTESIAN_POINT('',(78.0776901567922,-15.,-5.55111512312578E-16));
#6698=CARTESIAN_POINT('',(-4.20644267160813E-48,-15.,-3.));
#6699=CARTESIAN_POINT('',(-4.20644267160813E-48,-15.,-3.));
#6700=CARTESIAN_POINT('',(0.,-15.,-5.55111512312578E-16));
#6701=CARTESIAN_POINT('Origin',(39.0388450783961,-17.5,-3.));
#6702=CARTESIAN_POINT('',(-4.20644267160813E-48,-20.,-3.));
#6703=CARTESIAN_POINT('',(-4.20644267160813E-48,-20.,-3.));
#6704=CARTESIAN_POINT('',(78.0776901567922,-20.,-3.));
#6705=CARTESIAN_POINT('',(78.0776901567922,-15.,-3.));
#6706=CARTESIAN_POINT('',(78.0776901567922,-20.,-3.));
#6707=CARTESIAN_POINT('Origin',(0.,-15.,10.0000001490116));
#6708=CARTESIAN_POINT('',(0.,-15.,6.53125007450581));
#6709=CARTESIAN_POINT('',(0.,-20.,0.));
#6710=CARTESIAN_POINT('Origin',(78.0776901567922,-15.,2.22044604925031E-15));
#6711=CARTESIAN_POINT('',(78.0776901567922,-20.,-5.55111512312578E-16));
#6712=CARTESIAN_POINT('',(78.0776901567922,-15.,1.53125));
#6713=CARTESIAN_POINT('Origin',(39.0388450783961,-20.,5.00000007450581));
#6714=CARTESIAN_POINT('Origin',(75.9525587580762,-15.,3.0625));
#6715=CARTESIAN_POINT('',(88.0776901567922,-15.,-1.11022302462516E-15));
#6716=CARTESIAN_POINT('',(6.12323399573677E-16,-15.,-1.11022302462516E-15));
#6717=CARTESIAN_POINT('',(88.0776901567922,-15.,5.));
#6718=CARTESIAN_POINT('',(88.0776901567922,-15.,1.53125));
#6719=CARTESIAN_POINT('',(78.0776901567922,-15.,5.));
#6720=CARTESIAN_POINT('Origin',(-10.,-10.,5.));
#6721=CARTESIAN_POINT('',(-9.00000000000001,-10.,5.));
#6722=CARTESIAN_POINT('Origin',(-10.,-10.,5.));
#6723=CARTESIAN_POINT('',(-9.00000000000001,-10.,2.71926214689378E-32));
#6724=CARTESIAN_POINT('',(-9.00000000000001,-10.,5.));
#6725=CARTESIAN_POINT('Origin',(-10.,-10.,1.11022302462516E-15));
#6726=CARTESIAN_POINT('Origin',(88.0000013113022,-10.0000001490116,5.));
#6727=CARTESIAN_POINT('',(89.0000013113022,-10.0000001490116,5.));
#6728=CARTESIAN_POINT('Origin',(88.0000013113022,-10.0000001490116,5.));
#6729=CARTESIAN_POINT('',(89.0000013113022,-10.0000001490116,2.71926214689377E-32));
#6730=CARTESIAN_POINT('',(89.0000013113022,-10.0000001490116,5.));
#6731=CARTESIAN_POINT('Origin',(88.0000013113022,-10.0000001490116,1.11022302462516E-15));
#6732=CARTESIAN_POINT('Origin',(-10.,-10.,4.03125));
#6733=CARTESIAN_POINT('',(-10.,-15.,5.));
#6734=CARTESIAN_POINT('',(-10.,-5.,5.));
#6735=CARTESIAN_POINT('Origin',(-10.,-10.,5.));
#6736=CARTESIAN_POINT('',(-10.,-5.,1.11022302462516E-15));
#6737=CARTESIAN_POINT('',(-10.,-5.,4.03125));
#6738=CARTESIAN_POINT('',(-10.,-15.,-1.11022302462516E-15));
#6739=CARTESIAN_POINT('Origin',(-10.,-10.,0.));
#6740=CARTESIAN_POINT('',(-10.,-15.,4.03125));
#6741=CARTESIAN_POINT('Origin',(75.9525587580762,-15.,3.0625));
#6742=CARTESIAN_POINT('',(6.12323399573677E-16,-15.,5.));
#6743=CARTESIAN_POINT('',(6.12323399573677E-16,-15.,-1.11022302462516E-15));
#6744=CARTESIAN_POINT('Origin',(75.398223686155,-5.,1.11022302462516E-15));
#6745=CARTESIAN_POINT('',(88.0776901567922,-4.99999999999999,1.11022302462516E-15));
#6746=CARTESIAN_POINT('',(0.,-5.,1.11022302462516E-15));
#6747=CARTESIAN_POINT('Origin',(88.0776901567922,-10.,0.));
#6748=CARTESIAN_POINT('Origin',(88.0776901567922,-10.,1.53125));
#6749=CARTESIAN_POINT('',(88.0776901567922,-5.,5.));
#6750=CARTESIAN_POINT('',(88.0776901567922,-5.,1.53125));
#6751=CARTESIAN_POINT('Origin',(88.0776901567922,-10.,5.));
#6752=CARTESIAN_POINT('Origin',(78.0776901567922,-5.,5.));
#6753=CARTESIAN_POINT('',(78.0776901567922,-5.,5.));
#6754=CARTESIAN_POINT('',(78.0776901567922,-5.,5.));
#6755=CARTESIAN_POINT('',(78.0776901567922,-5.,5.));
#6756=CARTESIAN_POINT('',(76.5068938299974,-5.,5.));
#6757=CARTESIAN_POINT('',(0.,-5.,5.));
#6758=CARTESIAN_POINT('',(76.5068938299974,-5.,5.));
#6759=CARTESIAN_POINT('',(74.9360975032024,-5.,5.));
#6760=CARTESIAN_POINT('',(0.,-5.,5.));
#6761=CARTESIAN_POINT('',(74.9360975032024,-5.,5.));
#6762=CARTESIAN_POINT('',(73.3653011764076,-5.,5.));
#6763=CARTESIAN_POINT('',(0.,-5.,5.));
#6764=CARTESIAN_POINT('',(73.3653011764076,-5.,5.));
#6765=CARTESIAN_POINT('',(71.7945048496127,-5.,5.));
#6766=CARTESIAN_POINT('',(0.,-5.,5.));
#6767=CARTESIAN_POINT('',(71.7945048496127,-5.,5.));
#6768=CARTESIAN_POINT('',(70.2237085228178,-5.,5.));
#6769=CARTESIAN_POINT('',(0.,-5.,5.));
#6770=CARTESIAN_POINT('',(70.2237085228178,-5.,5.));
#6771=CARTESIAN_POINT('',(68.6529121960229,-5.,5.));
#6772=CARTESIAN_POINT('',(0.,-5.,5.));
#6773=CARTESIAN_POINT('',(68.6529121960229,-5.,5.));
#6774=CARTESIAN_POINT('',(67.082115869228,-5.,5.));
#6775=CARTESIAN_POINT('',(0.,-5.,5.));
#6776=CARTESIAN_POINT('',(67.082115869228,-5.,5.));
#6777=CARTESIAN_POINT('',(65.5113195424331,-5.,5.));
#6778=CARTESIAN_POINT('',(0.,-5.,5.));
#6779=CARTESIAN_POINT('',(65.5113195424331,-5.,5.));
#6780=CARTESIAN_POINT('',(63.9405232156382,-5.,5.));
#6781=CARTESIAN_POINT('',(0.,-5.,5.));
#6782=CARTESIAN_POINT('',(63.9405232156382,-5.,5.));
#6783=CARTESIAN_POINT('',(62.3697268888433,-5.,5.));
#6784=CARTESIAN_POINT('',(0.,-5.,5.));
#6785=CARTESIAN_POINT('',(62.3697268888433,-5.,5.));
#6786=CARTESIAN_POINT('',(60.7989305620484,-5.,5.));
#6787=CARTESIAN_POINT('',(0.,-5.,5.));
#6788=CARTESIAN_POINT('',(60.7989305620484,-5.,5.));
#6789=CARTESIAN_POINT('',(59.2281342352535,-5.,5.));
#6790=CARTESIAN_POINT('',(0.,-5.,5.));
#6791=CARTESIAN_POINT('',(59.2281342352535,-5.,5.));
#6792=CARTESIAN_POINT('',(57.6573379084586,-5.,5.));
#6793=CARTESIAN_POINT('',(0.,-5.,5.));
#6794=CARTESIAN_POINT('',(57.6573379084586,-5.,5.));
#6795=CARTESIAN_POINT('',(56.0865415816637,-5.,5.));
#6796=CARTESIAN_POINT('',(0.,-5.,5.));
#6797=CARTESIAN_POINT('',(56.0865415816637,-5.,5.));
#6798=CARTESIAN_POINT('',(54.5157452548688,-5.,5.));
#6799=CARTESIAN_POINT('',(0.,-5.,5.));
#6800=CARTESIAN_POINT('',(54.5157452548688,-5.,5.));
#6801=CARTESIAN_POINT('',(52.9449489280739,-5.,5.));
#6802=CARTESIAN_POINT('',(0.,-5.,5.));
#6803=CARTESIAN_POINT('',(52.9449489280739,-5.,5.));
#6804=CARTESIAN_POINT('',(51.374152601279,-5.,5.));
#6805=CARTESIAN_POINT('',(0.,-5.,5.));
#6806=CARTESIAN_POINT('',(51.374152601279,-5.,5.));
#6807=CARTESIAN_POINT('',(49.8033562744841,-5.,5.));
#6808=CARTESIAN_POINT('',(0.,-5.,5.));
#6809=CARTESIAN_POINT('',(49.8033562744841,-5.,5.));
#6810=CARTESIAN_POINT('',(48.2325599476892,-5.,5.));
#6811=CARTESIAN_POINT('',(0.,-5.,5.));
#6812=CARTESIAN_POINT('',(48.2325599476892,-5.,5.));
#6813=CARTESIAN_POINT('',(46.6617636208943,-5.,5.));
#6814=CARTESIAN_POINT('',(0.,-5.,5.));
#6815=CARTESIAN_POINT('',(46.6617636208943,-5.,5.));
#6816=CARTESIAN_POINT('',(45.0909672940994,-5.,5.));
#6817=CARTESIAN_POINT('',(0.,-5.,5.));
#6818=CARTESIAN_POINT('',(45.0909672940994,-5.,5.));
#6819=CARTESIAN_POINT('',(43.5201709673045,-5.,5.));
#6820=CARTESIAN_POINT('',(0.,-5.,5.));
#6821=CARTESIAN_POINT('',(43.5201709673045,-5.,5.));
#6822=CARTESIAN_POINT('',(41.9493746405096,-5.,5.));
#6823=CARTESIAN_POINT('',(0.,-5.,5.));
#6824=CARTESIAN_POINT('',(41.9493746405096,-5.,5.));
#6825=CARTESIAN_POINT('',(40.3785783137147,-5.,5.));
#6826=CARTESIAN_POINT('',(0.,-5.,5.));
#6827=CARTESIAN_POINT('',(40.3785783137147,-5.,5.));
#6828=CARTESIAN_POINT('',(38.8077819869198,-5.,5.));
#6829=CARTESIAN_POINT('',(0.,-5.,5.));
#6830=CARTESIAN_POINT('',(38.8077819869198,-5.,5.));
#6831=CARTESIAN_POINT('',(37.2369856601249,-5.,5.));
#6832=CARTESIAN_POINT('',(0.,-5.,5.));
#6833=CARTESIAN_POINT('',(37.2369856601249,-5.,5.));
#6834=CARTESIAN_POINT('',(35.66618933333,-5.,5.));
#6835=CARTESIAN_POINT('',(0.,-5.,5.));
#6836=CARTESIAN_POINT('',(35.66618933333,-5.,5.));
#6837=CARTESIAN_POINT('',(34.0953930065351,-5.,5.));
#6838=CARTESIAN_POINT('',(0.,-5.,5.));
#6839=CARTESIAN_POINT('',(34.0953930065351,-5.,5.));
#6840=CARTESIAN_POINT('',(32.5245966797402,-5.,5.));
#6841=CARTESIAN_POINT('',(0.,-5.,5.));
#6842=CARTESIAN_POINT('',(32.5245966797402,-5.,5.));
#6843=CARTESIAN_POINT('',(30.9538003529453,-5.,5.));
#6844=CARTESIAN_POINT('',(0.,-5.,5.));
#6845=CARTESIAN_POINT('',(30.9538003529453,-5.,5.));
#6846=CARTESIAN_POINT('',(29.3830040261504,-5.,5.));
#6847=CARTESIAN_POINT('',(0.,-5.,5.));
#6848=CARTESIAN_POINT('',(29.3830040261504,-5.,5.));
#6849=CARTESIAN_POINT('',(27.8122076993556,-5.,5.));
#6850=CARTESIAN_POINT('',(0.,-5.,5.));
#6851=CARTESIAN_POINT('',(27.8122076993556,-5.,5.));
#6852=CARTESIAN_POINT('',(26.2414113725607,-5.,5.));
#6853=CARTESIAN_POINT('',(0.,-5.,5.));
#6854=CARTESIAN_POINT('',(26.2414113725607,-5.,5.));
#6855=CARTESIAN_POINT('',(24.6706150457658,-5.,5.));
#6856=CARTESIAN_POINT('',(0.,-5.,5.));
#6857=CARTESIAN_POINT('',(24.6706150457658,-5.,5.));
#6858=CARTESIAN_POINT('',(23.0998187189709,-5.,5.));
#6859=CARTESIAN_POINT('',(0.,-5.,5.));
#6860=CARTESIAN_POINT('',(23.0998187189709,-5.,5.));
#6861=CARTESIAN_POINT('',(21.529022392176,-5.,5.));
#6862=CARTESIAN_POINT('',(0.,-5.,5.));
#6863=CARTESIAN_POINT('',(21.529022392176,-5.,5.));
#6864=CARTESIAN_POINT('',(19.9582260653811,-5.,5.));
#6865=CARTESIAN_POINT('',(0.,-5.,5.));
#6866=CARTESIAN_POINT('',(19.9582260653811,-5.,5.));
#6867=CARTESIAN_POINT('',(18.3874297385862,-5.,5.));
#6868=CARTESIAN_POINT('',(0.,-5.,5.));
#6869=CARTESIAN_POINT('',(18.3874297385862,-5.,5.));
#6870=CARTESIAN_POINT('',(16.8166334117913,-5.,5.));
#6871=CARTESIAN_POINT('',(0.,-5.,5.));
#6872=CARTESIAN_POINT('',(16.8166334117913,-5.,5.));
#6873=CARTESIAN_POINT('',(15.2458370849964,-5.,5.));
#6874=CARTESIAN_POINT('',(0.,-5.,5.));
#6875=CARTESIAN_POINT('',(15.2458370849964,-5.,5.));
#6876=CARTESIAN_POINT('',(13.6750407582015,-5.,5.));
#6877=CARTESIAN_POINT('',(0.,-5.,5.));
#6878=CARTESIAN_POINT('',(13.6750407582015,-5.,5.));
#6879=CARTESIAN_POINT('',(12.1042444314066,-5.,5.));
#6880=CARTESIAN_POINT('',(0.,-5.,5.));
#6881=CARTESIAN_POINT('',(12.1042444314066,-5.,5.));
#6882=CARTESIAN_POINT('',(10.5334481046117,-5.,5.));
#6883=CARTESIAN_POINT('',(0.,-5.,5.));
#6884=CARTESIAN_POINT('',(10.5334481046117,-5.,5.));
#6885=CARTESIAN_POINT('',(8.96265177781679,-5.,5.));
#6886=CARTESIAN_POINT('',(0.,-5.,5.));
#6887=CARTESIAN_POINT('',(8.96265177781679,-5.,5.));
#6888=CARTESIAN_POINT('',(7.3918554510219,-5.,5.));
#6889=CARTESIAN_POINT('',(0.,-5.,5.));
#6890=CARTESIAN_POINT('',(7.3918554510219,-5.,5.));
#6891=CARTESIAN_POINT('',(5.821059124227,-5.,5.));
#6892=CARTESIAN_POINT('',(0.,-5.,5.));
#6893=CARTESIAN_POINT('',(5.821059124227,-5.,5.));
#6894=CARTESIAN_POINT('',(4.25026279743211,-5.,5.));
#6895=CARTESIAN_POINT('',(0.,-5.,5.));
#6896=CARTESIAN_POINT('',(4.25026279743211,-5.,5.));
#6897=CARTESIAN_POINT('',(2.67946647063721,-5.,5.));
#6898=CARTESIAN_POINT('',(0.,-5.,5.));
#6899=CARTESIAN_POINT('',(2.67946647063721,-5.,5.));
#6900=CARTESIAN_POINT('',(1.10867014384231,-5.,5.));
#6901=CARTESIAN_POINT('',(0.,-5.,5.));
#6902=CARTESIAN_POINT('',(1.10867014384231,-5.,5.));
#6903=CARTESIAN_POINT('',(0.,-5.,5.));
#6904=CARTESIAN_POINT('Origin',(78.0776901567922,-5.,5.));
#6905=CARTESIAN_POINT('',(77.7867453743919,-5.,6.125));
#6906=CARTESIAN_POINT('Origin',(74.9360975032024,-5.,5.));
#6907=CARTESIAN_POINT('',(74.6451527208021,-5.,6.125));
#6908=CARTESIAN_POINT('Origin',(71.7945048496127,-5.,5.));
#6909=CARTESIAN_POINT('',(71.5035600672123,-5.,6.125));
#6910=CARTESIAN_POINT('Origin',(68.6529121960229,-5.,5.));
#6911=CARTESIAN_POINT('',(68.3619674136225,-5.,6.125));
#6912=CARTESIAN_POINT('Origin',(65.5113195424331,-5.,5.));
#6913=CARTESIAN_POINT('',(65.2203747600327,-5.,6.125));
#6914=CARTESIAN_POINT('Origin',(62.3697268888433,-5.,5.));
#6915=CARTESIAN_POINT('',(62.0787821064429,-5.,6.125));
#6916=CARTESIAN_POINT('Origin',(59.2281342352535,-5.,5.));
#6917=CARTESIAN_POINT('',(58.9371894528531,-5.,6.125));
#6918=CARTESIAN_POINT('Origin',(56.0865415816637,-5.,5.));
#6919=CARTESIAN_POINT('',(55.7955967992633,-5.,6.125));
#6920=CARTESIAN_POINT('Origin',(52.9449489280739,-5.,5.));
#6921=CARTESIAN_POINT('',(52.6540041456735,-5.,6.125));
#6922=CARTESIAN_POINT('Origin',(49.8033562744841,-5.,5.));
#6923=CARTESIAN_POINT('',(49.5124114920837,-5.,6.125));
#6924=CARTESIAN_POINT('Origin',(46.6617636208943,-5.,5.));
#6925=CARTESIAN_POINT('',(46.3708188384939,-5.,6.125));
#6926=CARTESIAN_POINT('Origin',(43.5201709673045,-5.,5.));
#6927=CARTESIAN_POINT('',(43.2292261849041,-5.,6.125));
#6928=CARTESIAN_POINT('Origin',(40.3785783137147,-5.,5.));
#6929=CARTESIAN_POINT('',(40.0876335313144,-5.,6.125));
#6930=CARTESIAN_POINT('Origin',(36.9460408777246,-5.,6.125));
#6931=CARTESIAN_POINT('',(36.9460408777246,-5.,6.125));
#6932=CARTESIAN_POINT('',(36.9460408777246,-5.,6.125));
#6933=CARTESIAN_POINT('',(36.419260298683,-5.,6.125));
#6934=CARTESIAN_POINT('Origin',(37.2369856601249,-5.,5.));
#6935=CARTESIAN_POINT('',(36.9460408777246,-5.,6.125));
#6936=CARTESIAN_POINT('Origin',(33.8044482241348,-5.,6.125));
#6937=CARTESIAN_POINT('',(33.8044482241348,-5.,6.125));
#6938=CARTESIAN_POINT('',(33.8044482241348,-5.,6.125));
#6939=CARTESIAN_POINT('',(33.2776676450932,-5.,6.125));
#6940=CARTESIAN_POINT('Origin',(34.0953930065351,-5.,5.));
#6941=CARTESIAN_POINT('',(33.8044482241348,-5.,6.125));
#6942=CARTESIAN_POINT('Origin',(30.662855570545,-5.,6.125));
#6943=CARTESIAN_POINT('',(30.662855570545,-5.,6.125));
#6944=CARTESIAN_POINT('',(30.662855570545,-5.,6.125));
#6945=CARTESIAN_POINT('',(30.1360749915034,-5.,6.125));
#6946=CARTESIAN_POINT('Origin',(30.9538003529453,-5.,5.));
#6947=CARTESIAN_POINT('',(30.662855570545,-5.,6.125));
#6948=CARTESIAN_POINT('Origin',(27.5212629169552,-5.,6.125));
#6949=CARTESIAN_POINT('',(27.5212629169552,-5.,6.125));
#6950=CARTESIAN_POINT('',(27.5212629169552,-5.,6.125));
#6951=CARTESIAN_POINT('',(26.9944823379136,-5.,6.125));
#6952=CARTESIAN_POINT('Origin',(27.8122076993556,-5.,5.));
#6953=CARTESIAN_POINT('',(27.5212629169552,-5.,6.125));
#6954=CARTESIAN_POINT('Origin',(24.3796702633654,-5.,6.125));
#6955=CARTESIAN_POINT('',(24.3796702633654,-5.,6.125));
#6956=CARTESIAN_POINT('',(24.3796702633654,-5.,6.125));
#6957=CARTESIAN_POINT('',(23.8528896843238,-5.,6.125));
#6958=CARTESIAN_POINT('Origin',(24.6706150457658,-5.,5.));
#6959=CARTESIAN_POINT('',(24.3796702633654,-5.,6.125));
#6960=CARTESIAN_POINT('Origin',(21.2380776097756,-5.,6.125));
#6961=CARTESIAN_POINT('',(21.2380776097756,-5.,6.125));
#6962=CARTESIAN_POINT('',(21.2380776097756,-5.,6.125));
#6963=CARTESIAN_POINT('',(20.711297030734,-5.,6.125));
#6964=CARTESIAN_POINT('Origin',(21.529022392176,-5.,5.));
#6965=CARTESIAN_POINT('',(21.2380776097756,-5.,6.125));
#6966=CARTESIAN_POINT('Origin',(18.0964849561858,-5.,6.125));
#6967=CARTESIAN_POINT('',(18.0964849561858,-5.,6.125));
#6968=CARTESIAN_POINT('',(18.0964849561858,-5.,6.125));
#6969=CARTESIAN_POINT('',(17.5697043771442,-5.,6.125));
#6970=CARTESIAN_POINT('Origin',(18.3874297385862,-5.,5.));
#6971=CARTESIAN_POINT('',(18.0964849561858,-5.,6.125));
#6972=CARTESIAN_POINT('Origin',(14.954892302596,-5.,6.125));
#6973=CARTESIAN_POINT('',(14.954892302596,-5.,6.125));
#6974=CARTESIAN_POINT('',(14.954892302596,-5.,6.125));
#6975=CARTESIAN_POINT('',(14.4281117235544,-5.,6.125));
#6976=CARTESIAN_POINT('Origin',(15.2458370849964,-5.,5.));
#6977=CARTESIAN_POINT('',(14.954892302596,-5.,6.125));
#6978=CARTESIAN_POINT('Origin',(11.8132996490062,-5.,6.125));
#6979=CARTESIAN_POINT('',(11.8132996490062,-5.,6.125));
#6980=CARTESIAN_POINT('',(11.8132996490062,-5.,6.125));
#6981=CARTESIAN_POINT('',(11.2865190699647,-5.,6.125));
#6982=CARTESIAN_POINT('Origin',(12.1042444314066,-5.,5.));
#6983=CARTESIAN_POINT('',(11.8132996490062,-5.,6.125));
#6984=CARTESIAN_POINT('Origin',(8.67170699541642,-5.,6.125));
#6985=CARTESIAN_POINT('',(8.67170699541642,-5.,6.125));
#6986=CARTESIAN_POINT('',(8.67170699541642,-5.,6.125));
#6987=CARTESIAN_POINT('',(8.14492641637486,-5.,6.125));
#6988=CARTESIAN_POINT('Origin',(8.96265177781679,-5.,5.));
#6989=CARTESIAN_POINT('',(8.67170699541642,-5.,6.125));
#6990=CARTESIAN_POINT('Origin',(5.53011434182662,-5.,6.125));
#6991=CARTESIAN_POINT('',(5.53011434182662,-5.,6.125));
#6992=CARTESIAN_POINT('',(5.53011434182662,-5.,6.125));
#6993=CARTESIAN_POINT('',(5.00333376278507,-5.,6.125));
#6994=CARTESIAN_POINT('Origin',(5.821059124227,-5.,5.));
#6995=CARTESIAN_POINT('',(5.53011434182662,-5.,6.125));
#6996=CARTESIAN_POINT('Origin',(2.38852168823683,-5.,6.125));
#6997=CARTESIAN_POINT('',(2.38852168823683,-5.,6.125));
#6998=CARTESIAN_POINT('',(2.38852168823683,-5.,6.125));
#6999=CARTESIAN_POINT('',(1.86174110919527,-5.,6.125));
#7000=CARTESIAN_POINT('Origin',(2.67946647063721,-5.,5.));
#7001=CARTESIAN_POINT('',(2.38852168823683,-5.,6.125));
#7002=CARTESIAN_POINT('Origin',(0.817725361441935,-5.,6.125));
#7003=CARTESIAN_POINT('',(0.817725361441935,-5.,6.125));
#7004=CARTESIAN_POINT('',(0.817725361441935,-5.,6.125));
#7005=CARTESIAN_POINT('',(0.290944782400377,-5.,6.125));
#7006=CARTESIAN_POINT('Origin',(1.10867014384231,-5.,5.));
#7007=CARTESIAN_POINT('',(0.817725361441935,-5.,6.125));
#7008=CARTESIAN_POINT('Origin',(3.95931801503173,-5.,6.125));
#7009=CARTESIAN_POINT('',(3.95931801503173,-5.,6.125));
#7010=CARTESIAN_POINT('',(3.95931801503173,-5.,6.125));
#7011=CARTESIAN_POINT('',(3.43253743599017,-5.,6.125));
#7012=CARTESIAN_POINT('Origin',(4.25026279743211,-5.,5.));
#7013=CARTESIAN_POINT('',(3.95931801503173,-5.,6.125));
#7014=CARTESIAN_POINT('Origin',(7.10091066862152,-5.,6.125));
#7015=CARTESIAN_POINT('',(7.10091066862152,-5.,6.125));
#7016=CARTESIAN_POINT('',(7.10091066862152,-5.,6.125));
#7017=CARTESIAN_POINT('',(6.57413008957996,-5.,6.125));
#7018=CARTESIAN_POINT('Origin',(7.3918554510219,-5.,5.));
#7019=CARTESIAN_POINT('',(7.10091066862152,-5.,6.125));
#7020=CARTESIAN_POINT('Origin',(10.2425033222113,-5.,6.125));
#7021=CARTESIAN_POINT('',(10.2425033222113,-5.,6.125));
#7022=CARTESIAN_POINT('',(10.2425033222113,-5.,6.125));
#7023=CARTESIAN_POINT('',(9.71572274316976,-5.,6.125));
#7024=CARTESIAN_POINT('Origin',(10.5334481046117,-5.,5.));
#7025=CARTESIAN_POINT('',(10.2425033222113,-5.,6.125));
#7026=CARTESIAN_POINT('Origin',(13.3840959758011,-5.,6.125));
#7027=CARTESIAN_POINT('',(13.3840959758011,-5.,6.125));
#7028=CARTESIAN_POINT('',(13.3840959758011,-5.,6.125));
#7029=CARTESIAN_POINT('',(12.8573153967596,-5.,6.125));
#7030=CARTESIAN_POINT('Origin',(13.6750407582015,-5.,5.));
#7031=CARTESIAN_POINT('',(13.3840959758011,-5.,6.125));
#7032=CARTESIAN_POINT('Origin',(16.5256886293909,-5.,6.125));
#7033=CARTESIAN_POINT('',(16.5256886293909,-5.,6.125));
#7034=CARTESIAN_POINT('',(16.5256886293909,-5.,6.125));
#7035=CARTESIAN_POINT('',(15.9989080503493,-5.,6.125));
#7036=CARTESIAN_POINT('Origin',(16.8166334117913,-5.,5.));
#7037=CARTESIAN_POINT('',(16.5256886293909,-5.,6.125));
#7038=CARTESIAN_POINT('Origin',(19.6672812829807,-5.,6.125));
#7039=CARTESIAN_POINT('',(19.6672812829807,-5.,6.125));
#7040=CARTESIAN_POINT('',(19.6672812829807,-5.,6.125));
#7041=CARTESIAN_POINT('',(19.1405007039391,-5.,6.125));
#7042=CARTESIAN_POINT('Origin',(19.9582260653811,-5.,5.));
#7043=CARTESIAN_POINT('',(19.6672812829807,-5.,6.125));
#7044=CARTESIAN_POINT('Origin',(22.8088739365705,-5.,6.125));
#7045=CARTESIAN_POINT('',(22.8088739365705,-5.,6.125));
#7046=CARTESIAN_POINT('',(22.8088739365705,-5.,6.125));
#7047=CARTESIAN_POINT('',(22.2820933575289,-5.,6.125));
#7048=CARTESIAN_POINT('Origin',(23.0998187189709,-5.,5.));
#7049=CARTESIAN_POINT('',(22.8088739365705,-5.,6.125));
#7050=CARTESIAN_POINT('Origin',(25.9504665901603,-5.,6.125));
#7051=CARTESIAN_POINT('',(25.9504665901603,-5.,6.125));
#7052=CARTESIAN_POINT('',(25.9504665901603,-5.,6.125));
#7053=CARTESIAN_POINT('',(25.4236860111187,-5.,6.125));
#7054=CARTESIAN_POINT('Origin',(26.2414113725607,-5.,5.));
#7055=CARTESIAN_POINT('',(25.9504665901603,-5.,6.125));
#7056=CARTESIAN_POINT('Origin',(29.0920592437501,-5.,6.125));
#7057=CARTESIAN_POINT('',(29.0920592437501,-5.,6.125));
#7058=CARTESIAN_POINT('',(29.0920592437501,-5.,6.125));
#7059=CARTESIAN_POINT('',(28.5652786647085,-5.,6.125));
#7060=CARTESIAN_POINT('Origin',(29.3830040261504,-5.,5.));
#7061=CARTESIAN_POINT('',(29.0920592437501,-5.,6.125));
#7062=CARTESIAN_POINT('Origin',(32.2336518973399,-5.,6.125));
#7063=CARTESIAN_POINT('',(32.2336518973399,-5.,6.125));
#7064=CARTESIAN_POINT('',(32.2336518973399,-5.,6.125));
#7065=CARTESIAN_POINT('',(31.7068713182983,-5.,6.125));
#7066=CARTESIAN_POINT('Origin',(32.5245966797402,-5.,5.));
#7067=CARTESIAN_POINT('',(32.2336518973399,-5.,6.125));
#7068=CARTESIAN_POINT('Origin',(35.3752445509297,-5.,6.125));
#7069=CARTESIAN_POINT('',(35.3752445509297,-5.,6.125));
#7070=CARTESIAN_POINT('',(35.3752445509297,-5.,6.125));
#7071=CARTESIAN_POINT('',(34.8484639718881,-5.,6.125));
#7072=CARTESIAN_POINT('Origin',(35.66618933333,-5.,5.));
#7073=CARTESIAN_POINT('',(35.3752445509297,-5.,6.125));
#7074=CARTESIAN_POINT('Origin',(38.8077819869198,-5.,5.));
#7075=CARTESIAN_POINT('',(38.5168372045195,-5.,6.125));
#7076=CARTESIAN_POINT('Origin',(41.9493746405096,-5.,5.));
#7077=CARTESIAN_POINT('',(41.6584298581093,-5.,6.125));
#7078=CARTESIAN_POINT('Origin',(45.0909672940994,-5.,5.));
#7079=CARTESIAN_POINT('',(44.800022511699,-5.,6.125));
#7080=CARTESIAN_POINT('Origin',(48.2325599476892,-5.,5.));
#7081=CARTESIAN_POINT('',(47.9416151652888,-5.,6.125));
#7082=CARTESIAN_POINT('Origin',(51.374152601279,-5.,5.));
#7083=CARTESIAN_POINT('',(51.0832078188786,-5.,6.125));
#7084=CARTESIAN_POINT('Origin',(54.5157452548688,-5.,5.));
#7085=CARTESIAN_POINT('',(54.2248004724684,-5.,6.125));
#7086=CARTESIAN_POINT('Origin',(57.6573379084586,-5.,5.));
#7087=CARTESIAN_POINT('',(57.3663931260582,-5.,6.125));
#7088=CARTESIAN_POINT('Origin',(60.7989305620484,-5.,5.));
#7089=CARTESIAN_POINT('',(60.507985779648,-5.,6.125));
#7090=CARTESIAN_POINT('Origin',(63.9405232156382,-5.,5.));
#7091=CARTESIAN_POINT('',(63.6495784332378,-5.,6.125));
#7092=CARTESIAN_POINT('Origin',(67.082115869228,-5.,5.));
#7093=CARTESIAN_POINT('',(66.7911710868276,-5.,6.125));
#7094=CARTESIAN_POINT('Origin',(70.2237085228178,-5.,5.));
#7095=CARTESIAN_POINT('',(69.9327637404174,-5.,6.125));
#7096=CARTESIAN_POINT('Origin',(73.3653011764076,-5.,5.));
#7097=CARTESIAN_POINT('',(73.0743563940072,-5.,6.125));
#7098=CARTESIAN_POINT('Origin',(75.9525587580762,-5.,3.0625));
#7099=CARTESIAN_POINT('',(76.215949047597,-5.,6.125));
#7100=CARTESIAN_POINT('Origin',(76.5068938299974,-5.,5.));
#7101=CARTESIAN_POINT('',(0.,0.,0.));
#7102=UNCERTAINTY_MEASURE_WITH_UNIT(LENGTH_MEASURE(0.01),#7108,
'DISTANCE_ACCURACY_VALUE',
'Maximum model space distance between geometric entities at asserted c
onnectivities');
#7103=UNCERTAINTY_MEASURE_WITH_UNIT(LENGTH_MEASURE(0.01),#7108,
'DISTANCE_ACCURACY_VALUE',
'Maximum model space distance between geometric entities at asserted c
onnectivities');
#7104=UNCERTAINTY_MEASURE_WITH_UNIT(LENGTH_MEASURE(0.01),#7108,
'DISTANCE_ACCURACY_VALUE',
'Maximum model space distance between geometric entities at asserted c
onnectivities');
#7105=(
GEOMETRIC_REPRESENTATION_CONTEXT(3)
GLOBAL_UNCERTAINTY_ASSIGNED_CONTEXT((#7102))
GLOBAL_UNIT_ASSIGNED_CONTEXT((#7108,#7110,#7111))
REPRESENTATION_CONTEXT('','3D')
);
#7106=(
GEOMETRIC_REPRESENTATION_CONTEXT(3)
GLOBAL_UNCERTAINTY_ASSIGNED_CONTEXT((#7103))
GLOBAL_UNIT_ASSIGNED_CONTEXT((#7108,#7110,#7111))
REPRESENTATION_CONTEXT('','3D')
);
#7107=(
GEOMETRIC_REPRESENTATION_CONTEXT(3)
GLOBAL_UNCERTAINTY_ASSIGNED_CONTEXT((#7104))
GLOBAL_UNIT_ASSIGNED_CONTEXT((#7108,#7110,#7111))
REPRESENTATION_CONTEXT('','3D')
);
#7108=(
LENGTH_UNIT()
NAMED_UNIT(*)
SI_UNIT(.MILLI.,.METRE.)
);
#7109=(
LENGTH_UNIT()
NAMED_UNIT(*)
SI_UNIT($,.METRE.)
);
#7110=(
NAMED_UNIT(*)
PLANE_ANGLE_UNIT()
SI_UNIT($,.RADIAN.)
);
#7111=(
NAMED_UNIT(*)
SI_UNIT($,.STERADIAN.)
SOLID_ANGLE_UNIT()
);
#7112=SHAPE_DEFINITION_REPRESENTATION(#7114,#7117);
#7113=SHAPE_DEFINITION_REPRESENTATION(#7115,#7118);
#7114=PRODUCT_DEFINITION_SHAPE('',$,#7120);
#7115=PRODUCT_DEFINITION_SHAPE('',$,#7121);
#7116=PRODUCT_DEFINITION_SHAPE($,$,#14);
#7117=SHAPE_REPRESENTATION('',(#4510,#4736),#7105);
#7118=SHAPE_REPRESENTATION('',(#4511),#7106);
#7119=PRODUCT_DEFINITION_CONTEXT('part definition',#7127,'design');
#7120=PRODUCT_DEFINITION('steering rack','steering rack v4',#7122,#7119);
#7121=PRODUCT_DEFINITION('Component1','Component1',#7123,#7119);
#7122=PRODUCT_DEFINITION_FORMATION('',$,#7129);
#7123=PRODUCT_DEFINITION_FORMATION('',$,#7130);
#7124=PRODUCT_RELATED_PRODUCT_CATEGORY('steering rack v4',
'steering rack v4',(#7129));
#7125=PRODUCT_RELATED_PRODUCT_CATEGORY('Component1','Component1',(#7130));
#7126=APPLICATION_PROTOCOL_DEFINITION('international standard',
'automotive_design',2009,#7127);
#7127=APPLICATION_CONTEXT(
'Core Data for Automotive Mechanical Design Process');
#7128=PRODUCT_CONTEXT('part definition',#7127,'mechanical');
#7129=PRODUCT('steering rack','steering rack v4',$,(#7128));
#7130=PRODUCT('Component1','Component1',$,(#7128));
#7131=PRESENTATION_STYLE_ASSIGNMENT((#7132));
#7132=SURFACE_STYLE_USAGE(.BOTH.,#7133);
#7133=SURFACE_SIDE_STYLE('',(#7134));
#7134=SURFACE_STYLE_FILL_AREA(#7135);
#7135=FILL_AREA_STYLE('Steel - Satin',(#7136));
#7136=FILL_AREA_STYLE_COLOUR('Steel - Satin',#7137);
#7137=COLOUR_RGB('Steel - Satin',0.627450980392157,0.627450980392157,0.627450980392157);
ENDSEC;
END-ISO-10303-21;
