ISO-10303-21;
HEADER;
/* Generated by software containing ST-Developer
 * from STEP Tools, Inc. (www.steptools.com) 
 */

FILE_DESCRIPTION(
/* description */ (''),
/* implementation_level */ '2;1');

FILE_NAME(
/* name */ 'front module v11.step',
/* time_stamp */ '2025-05-27T01:44:22-07:00',
/* author */ (''),
/* organization */ (''),
/* preprocessor_version */ 'ST-DEVELOPER v20.1',
/* originating_system */ 'Autodesk Translation Framework v14.10.0.0',
/* authorisation */ '');

FILE_SCHEMA (('AUTOMOTIVE_DESIGN { 1 0 10303 214 3 1 1 }'));
ENDSEC;

DATA;
#10=MECHANICAL_DESIGN_GEOMETRIC_PRESENTATION_REPRESENTATION('',(#13,#14,
#15,#16,#17),#4947);
#11=SHAPE_REPRESENTATION_RELATIONSHIP('SRR','None',#4954,#12);
#12=ADVANCED_BREP_SHAPE_REPRESENTATION('',(#18,#19,#20,#21,#22),#4946);
#13=STYLED_ITEM('',(#4963),#18);
#14=STYLED_ITEM('',(#4963),#19);
#15=STYLED_ITEM('',(#4963),#20);
#16=STYLED_ITEM('',(#4963),#21);
#17=STYLED_ITEM('',(#4963),#22);
#18=MANIFOLD_SOLID_BREP('Body1',#2983);
#19=MANIFOLD_SOLID_BREP('Body4',#2984);
#20=MANIFOLD_SOLID_BREP('Body11',#2985);
#21=MANIFOLD_SOLID_BREP('Body10',#2986);
#22=MANIFOLD_SOLID_BREP('Body12',#2987);
#23=FACE_BOUND('',#359,.T.);
#24=FACE_BOUND('',#361,.T.);
#25=FACE_BOUND('',#364,.T.);
#26=FACE_BOUND('',#368,.T.);
#27=FACE_BOUND('',#371,.T.);
#28=FACE_BOUND('',#376,.T.);
#29=FACE_BOUND('',#380,.T.);
#30=FACE_BOUND('',#391,.T.);
#31=FACE_BOUND('',#397,.T.);
#32=FACE_BOUND('',#402,.T.);
#33=FACE_BOUND('',#429,.T.);
#34=FACE_BOUND('',#433,.T.);
#35=FACE_BOUND('',#449,.T.);
#36=FACE_BOUND('',#452,.T.);
#37=FACE_BOUND('',#455,.T.);
#38=FACE_BOUND('',#458,.T.);
#39=FACE_BOUND('',#460,.T.);
#40=FACE_BOUND('',#470,.T.);
#41=FACE_BOUND('',#476,.T.);
#42=FACE_BOUND('',#481,.T.);
#43=FACE_BOUND('',#510,.T.);
#44=FACE_BOUND('',#514,.T.);
#45=FACE_BOUND('',#523,.T.);
#46=FACE_BOUND('',#526,.T.);
#47=CIRCLE('',#3007,1.);
#48=CIRCLE('',#3008,1.);
#49=CIRCLE('',#3010,1.);
#50=CIRCLE('',#3011,1.);
#51=CIRCLE('',#3024,8.49999999999999);
#52=CIRCLE('',#3025,1.5);
#53=CIRCLE('',#3027,1.);
#54=CIRCLE('',#3028,1.);
#55=CIRCLE('',#3030,2.5);
#56=CIRCLE('',#3031,2.5);
#57=CIRCLE('',#3033,2.5);
#58=CIRCLE('',#3036,2.5);
#59=CIRCLE('',#3040,8.49999999999999);
#60=CIRCLE('',#3042,1.5);
#61=CIRCLE('',#3047,1.25);
#62=CIRCLE('',#3048,1.25);
#63=CIRCLE('',#3054,7.);
#64=CIRCLE('',#3055,7.);
#65=CIRCLE('',#3056,7.);
#66=CIRCLE('',#3057,7.);
#67=CIRCLE('',#3059,1.);
#68=CIRCLE('',#3060,1.);
#69=CIRCLE('',#3062,1.75);
#70=CIRCLE('',#3063,1.75);
#71=CIRCLE('',#3065,1.75);
#72=CIRCLE('',#3068,1.75);
#73=CIRCLE('',#3073,7.);
#74=CIRCLE('',#3074,7.);
#75=CIRCLE('',#3075,7.);
#76=CIRCLE('',#3076,7.);
#77=CIRCLE('',#3079,7.);
#78=CIRCLE('',#3082,7.);
#79=CIRCLE('',#3085,7.);
#80=CIRCLE('',#3087,7.);
#81=CIRCLE('',#3095,7.);
#82=CIRCLE('',#3098,7.);
#83=CIRCLE('',#3100,7.);
#84=CIRCLE('',#3102,7.);
#85=CIRCLE('',#3107,1.);
#86=CIRCLE('',#3108,1.);
#87=CIRCLE('',#3110,3.5);
#88=CIRCLE('',#3111,3.5);
#89=CIRCLE('',#3113,1.75);
#90=CIRCLE('',#3114,1.75);
#91=CIRCLE('',#3116,3.5);
#92=CIRCLE('',#3118,3.5);
#93=CIRCLE('',#3120,1.75);
#94=CIRCLE('',#3121,1.75);
#95=CIRCLE('',#3133,0.999999999999996);
#96=CIRCLE('',#3134,0.999999999999996);
#97=CIRCLE('',#3136,0.999999999999996);
#98=CIRCLE('',#3137,0.999999999999996);
#99=CIRCLE('',#3149,8.49999999999999);
#100=CIRCLE('',#3150,8.49999999999999);
#101=CIRCLE('',#3152,1.5);
#102=CIRCLE('',#3153,1.5);
#103=CIRCLE('',#3158,1.25);
#104=CIRCLE('',#3159,1.25);
#105=CIRCLE('',#3165,7.);
#106=CIRCLE('',#3166,7.);
#107=CIRCLE('',#3167,7.);
#108=CIRCLE('',#3168,7.);
#109=CIRCLE('',#3170,1.);
#110=CIRCLE('',#3171,1.);
#111=CIRCLE('',#3173,1.75);
#112=CIRCLE('',#3174,1.75);
#113=CIRCLE('',#3176,1.75);
#114=CIRCLE('',#3179,1.75);
#115=CIRCLE('',#3184,7.);
#116=CIRCLE('',#3185,7.);
#117=CIRCLE('',#3186,7.);
#118=CIRCLE('',#3187,7.);
#119=CIRCLE('',#3190,7.);
#120=CIRCLE('',#3193,7.);
#121=CIRCLE('',#3196,7.);
#122=CIRCLE('',#3198,7.);
#123=CIRCLE('',#3207,7.);
#124=CIRCLE('',#3210,7.);
#125=CIRCLE('',#3212,7.);
#126=CIRCLE('',#3215,7.);
#127=CIRCLE('',#3220,1.);
#128=CIRCLE('',#3221,1.);
#129=CIRCLE('',#3223,3.5);
#130=CIRCLE('',#3224,3.5);
#131=CIRCLE('',#3226,1.75);
#132=CIRCLE('',#3227,1.75);
#133=CIRCLE('',#3229,3.5);
#134=CIRCLE('',#3231,3.5);
#135=CIRCLE('',#3233,1.75);
#136=CIRCLE('',#3234,1.75);
#137=CIRCLE('',#3241,2.5);
#138=CIRCLE('',#3242,2.5);
#139=CIRCLE('',#3245,2.5);
#140=CIRCLE('',#3246,0.999999999999996);
#141=CIRCLE('',#3248,2.5);
#142=CIRCLE('',#3250,0.999999999999996);
#143=CYLINDRICAL_SURFACE('',#3006,1.);
#144=CYLINDRICAL_SURFACE('',#3009,1.);
#145=CYLINDRICAL_SURFACE('',#3026,1.);
#146=CYLINDRICAL_SURFACE('',#3029,2.5);
#147=CYLINDRICAL_SURFACE('',#3035,2.5);
#148=CYLINDRICAL_SURFACE('',#3039,8.5);
#149=CYLINDRICAL_SURFACE('',#3041,1.5);
#150=CYLINDRICAL_SURFACE('',#3046,1.25);
#151=CYLINDRICAL_SURFACE('',#3058,1.);
#152=CYLINDRICAL_SURFACE('',#3061,1.75);
#153=CYLINDRICAL_SURFACE('',#3067,1.75);
#154=CYLINDRICAL_SURFACE('',#3078,7.);
#155=CYLINDRICAL_SURFACE('',#3081,7.);
#156=CYLINDRICAL_SURFACE('',#3084,7.);
#157=CYLINDRICAL_SURFACE('',#3086,7.);
#158=CYLINDRICAL_SURFACE('',#3094,7.);
#159=CYLINDRICAL_SURFACE('',#3097,7.);
#160=CYLINDRICAL_SURFACE('',#3099,7.);
#161=CYLINDRICAL_SURFACE('',#3101,7.);
#162=CYLINDRICAL_SURFACE('',#3106,1.);
#163=CYLINDRICAL_SURFACE('',#3109,3.5);
#164=CYLINDRICAL_SURFACE('',#3117,3.5);
#165=CYLINDRICAL_SURFACE('',#3122,1.75);
#166=CYLINDRICAL_SURFACE('',#3124,1.75);
#167=CYLINDRICAL_SURFACE('',#3132,0.999999999999996);
#168=CYLINDRICAL_SURFACE('',#3135,0.999999999999996);
#169=CYLINDRICAL_SURFACE('',#3148,8.5);
#170=CYLINDRICAL_SURFACE('',#3151,1.5);
#171=CYLINDRICAL_SURFACE('',#3157,1.25);
#172=CYLINDRICAL_SURFACE('',#3169,1.);
#173=CYLINDRICAL_SURFACE('',#3172,1.75);
#174=CYLINDRICAL_SURFACE('',#3178,1.75);
#175=CYLINDRICAL_SURFACE('',#3189,7.);
#176=CYLINDRICAL_SURFACE('',#3192,7.);
#177=CYLINDRICAL_SURFACE('',#3195,7.);
#178=CYLINDRICAL_SURFACE('',#3197,7.);
#179=CYLINDRICAL_SURFACE('',#3206,7.);
#180=CYLINDRICAL_SURFACE('',#3209,7.);
#181=CYLINDRICAL_SURFACE('',#3211,7.);
#182=CYLINDRICAL_SURFACE('',#3214,7.);
#183=CYLINDRICAL_SURFACE('',#3219,1.);
#184=CYLINDRICAL_SURFACE('',#3222,3.5);
#185=CYLINDRICAL_SURFACE('',#3230,3.5);
#186=CYLINDRICAL_SURFACE('',#3235,1.75);
#187=CYLINDRICAL_SURFACE('',#3237,1.75);
#188=CYLINDRICAL_SURFACE('',#3240,2.5);
#189=CYLINDRICAL_SURFACE('',#3247,2.5);
#190=CYLINDRICAL_SURFACE('',#3252,0.999999999999996);
#191=FACE_OUTER_BOUND('',#349,.T.);
#192=FACE_OUTER_BOUND('',#350,.T.);
#193=FACE_OUTER_BOUND('',#351,.T.);
#194=FACE_OUTER_BOUND('',#352,.T.);
#195=FACE_OUTER_BOUND('',#353,.T.);
#196=FACE_OUTER_BOUND('',#354,.T.);
#197=FACE_OUTER_BOUND('',#355,.T.);
#198=FACE_OUTER_BOUND('',#356,.T.);
#199=FACE_OUTER_BOUND('',#357,.T.);
#200=FACE_OUTER_BOUND('',#358,.T.);
#201=FACE_OUTER_BOUND('',#360,.T.);
#202=FACE_OUTER_BOUND('',#362,.T.);
#203=FACE_OUTER_BOUND('',#363,.T.);
#204=FACE_OUTER_BOUND('',#365,.T.);
#205=FACE_OUTER_BOUND('',#366,.T.);
#206=FACE_OUTER_BOUND('',#367,.T.);
#207=FACE_OUTER_BOUND('',#369,.T.);
#208=FACE_OUTER_BOUND('',#370,.T.);
#209=FACE_OUTER_BOUND('',#372,.T.);
#210=FACE_OUTER_BOUND('',#373,.T.);
#211=FACE_OUTER_BOUND('',#374,.T.);
#212=FACE_OUTER_BOUND('',#375,.T.);
#213=FACE_OUTER_BOUND('',#377,.T.);
#214=FACE_OUTER_BOUND('',#378,.T.);
#215=FACE_OUTER_BOUND('',#379,.T.);
#216=FACE_OUTER_BOUND('',#381,.T.);
#217=FACE_OUTER_BOUND('',#382,.T.);
#218=FACE_OUTER_BOUND('',#383,.T.);
#219=FACE_OUTER_BOUND('',#384,.T.);
#220=FACE_OUTER_BOUND('',#385,.T.);
#221=FACE_OUTER_BOUND('',#386,.T.);
#222=FACE_OUTER_BOUND('',#387,.T.);
#223=FACE_OUTER_BOUND('',#388,.T.);
#224=FACE_OUTER_BOUND('',#389,.T.);
#225=FACE_OUTER_BOUND('',#390,.T.);
#226=FACE_OUTER_BOUND('',#392,.T.);
#227=FACE_OUTER_BOUND('',#393,.T.);
#228=FACE_OUTER_BOUND('',#394,.T.);
#229=FACE_OUTER_BOUND('',#395,.T.);
#230=FACE_OUTER_BOUND('',#396,.T.);
#231=FACE_OUTER_BOUND('',#398,.T.);
#232=FACE_OUTER_BOUND('',#399,.T.);
#233=FACE_OUTER_BOUND('',#400,.T.);
#234=FACE_OUTER_BOUND('',#401,.T.);
#235=FACE_OUTER_BOUND('',#403,.T.);
#236=FACE_OUTER_BOUND('',#404,.T.);
#237=FACE_OUTER_BOUND('',#405,.T.);
#238=FACE_OUTER_BOUND('',#406,.T.);
#239=FACE_OUTER_BOUND('',#407,.T.);
#240=FACE_OUTER_BOUND('',#408,.T.);
#241=FACE_OUTER_BOUND('',#409,.T.);
#242=FACE_OUTER_BOUND('',#410,.T.);
#243=FACE_OUTER_BOUND('',#411,.T.);
#244=FACE_OUTER_BOUND('',#412,.T.);
#245=FACE_OUTER_BOUND('',#413,.T.);
#246=FACE_OUTER_BOUND('',#414,.T.);
#247=FACE_OUTER_BOUND('',#415,.T.);
#248=FACE_OUTER_BOUND('',#416,.T.);
#249=FACE_OUTER_BOUND('',#417,.T.);
#250=FACE_OUTER_BOUND('',#418,.T.);
#251=FACE_OUTER_BOUND('',#419,.T.);
#252=FACE_OUTER_BOUND('',#420,.T.);
#253=FACE_OUTER_BOUND('',#421,.T.);
#254=FACE_OUTER_BOUND('',#422,.T.);
#255=FACE_OUTER_BOUND('',#423,.T.);
#256=FACE_OUTER_BOUND('',#424,.T.);
#257=FACE_OUTER_BOUND('',#425,.T.);
#258=FACE_OUTER_BOUND('',#426,.T.);
#259=FACE_OUTER_BOUND('',#427,.T.);
#260=FACE_OUTER_BOUND('',#428,.T.);
#261=FACE_OUTER_BOUND('',#430,.T.);
#262=FACE_OUTER_BOUND('',#431,.T.);
#263=FACE_OUTER_BOUND('',#432,.T.);
#264=FACE_OUTER_BOUND('',#434,.T.);
#265=FACE_OUTER_BOUND('',#435,.T.);
#266=FACE_OUTER_BOUND('',#436,.T.);
#267=FACE_OUTER_BOUND('',#437,.T.);
#268=FACE_OUTER_BOUND('',#438,.T.);
#269=FACE_OUTER_BOUND('',#439,.T.);
#270=FACE_OUTER_BOUND('',#440,.T.);
#271=FACE_OUTER_BOUND('',#441,.T.);
#272=FACE_OUTER_BOUND('',#442,.T.);
#273=FACE_OUTER_BOUND('',#443,.T.);
#274=FACE_OUTER_BOUND('',#444,.T.);
#275=FACE_OUTER_BOUND('',#445,.T.);
#276=FACE_OUTER_BOUND('',#446,.T.);
#277=FACE_OUTER_BOUND('',#447,.T.);
#278=FACE_OUTER_BOUND('',#448,.T.);
#279=FACE_OUTER_BOUND('',#450,.T.);
#280=FACE_OUTER_BOUND('',#451,.T.);
#281=FACE_OUTER_BOUND('',#453,.T.);
#282=FACE_OUTER_BOUND('',#454,.T.);
#283=FACE_OUTER_BOUND('',#456,.T.);
#284=FACE_OUTER_BOUND('',#457,.T.);
#285=FACE_OUTER_BOUND('',#459,.T.);
#286=FACE_OUTER_BOUND('',#461,.T.);
#287=FACE_OUTER_BOUND('',#462,.T.);
#288=FACE_OUTER_BOUND('',#463,.T.);
#289=FACE_OUTER_BOUND('',#464,.T.);
#290=FACE_OUTER_BOUND('',#465,.T.);
#291=FACE_OUTER_BOUND('',#466,.T.);
#292=FACE_OUTER_BOUND('',#467,.T.);
#293=FACE_OUTER_BOUND('',#468,.T.);
#294=FACE_OUTER_BOUND('',#469,.T.);
#295=FACE_OUTER_BOUND('',#471,.T.);
#296=FACE_OUTER_BOUND('',#472,.T.);
#297=FACE_OUTER_BOUND('',#473,.T.);
#298=FACE_OUTER_BOUND('',#474,.T.);
#299=FACE_OUTER_BOUND('',#475,.T.);
#300=FACE_OUTER_BOUND('',#477,.T.);
#301=FACE_OUTER_BOUND('',#478,.T.);
#302=FACE_OUTER_BOUND('',#479,.T.);
#303=FACE_OUTER_BOUND('',#480,.T.);
#304=FACE_OUTER_BOUND('',#482,.T.);
#305=FACE_OUTER_BOUND('',#483,.T.);
#306=FACE_OUTER_BOUND('',#484,.T.);
#307=FACE_OUTER_BOUND('',#485,.T.);
#308=FACE_OUTER_BOUND('',#486,.T.);
#309=FACE_OUTER_BOUND('',#487,.T.);
#310=FACE_OUTER_BOUND('',#488,.T.);
#311=FACE_OUTER_BOUND('',#489,.T.);
#312=FACE_OUTER_BOUND('',#490,.T.);
#313=FACE_OUTER_BOUND('',#491,.T.);
#314=FACE_OUTER_BOUND('',#492,.T.);
#315=FACE_OUTER_BOUND('',#493,.T.);
#316=FACE_OUTER_BOUND('',#494,.T.);
#317=FACE_OUTER_BOUND('',#495,.T.);
#318=FACE_OUTER_BOUND('',#496,.T.);
#319=FACE_OUTER_BOUND('',#497,.T.);
#320=FACE_OUTER_BOUND('',#498,.T.);
#321=FACE_OUTER_BOUND('',#499,.T.);
#322=FACE_OUTER_BOUND('',#500,.T.);
#323=FACE_OUTER_BOUND('',#501,.T.);
#324=FACE_OUTER_BOUND('',#502,.T.);
#325=FACE_OUTER_BOUND('',#503,.T.);
#326=FACE_OUTER_BOUND('',#504,.T.);
#327=FACE_OUTER_BOUND('',#505,.T.);
#328=FACE_OUTER_BOUND('',#506,.T.);
#329=FACE_OUTER_BOUND('',#507,.T.);
#330=FACE_OUTER_BOUND('',#508,.T.);
#331=FACE_OUTER_BOUND('',#509,.T.);
#332=FACE_OUTER_BOUND('',#511,.T.);
#333=FACE_OUTER_BOUND('',#512,.T.);
#334=FACE_OUTER_BOUND('',#513,.T.);
#335=FACE_OUTER_BOUND('',#515,.T.);
#336=FACE_OUTER_BOUND('',#516,.T.);
#337=FACE_OUTER_BOUND('',#517,.T.);
#338=FACE_OUTER_BOUND('',#518,.T.);
#339=FACE_OUTER_BOUND('',#519,.T.);
#340=FACE_OUTER_BOUND('',#520,.T.);
#341=FACE_OUTER_BOUND('',#521,.T.);
#342=FACE_OUTER_BOUND('',#522,.T.);
#343=FACE_OUTER_BOUND('',#524,.T.);
#344=FACE_OUTER_BOUND('',#525,.T.);
#345=FACE_OUTER_BOUND('',#527,.T.);
#346=FACE_OUTER_BOUND('',#528,.T.);
#347=FACE_OUTER_BOUND('',#529,.T.);
#348=FACE_OUTER_BOUND('',#530,.T.);
#349=EDGE_LOOP('',(#1875,#1876,#1877,#1878));
#350=EDGE_LOOP('',(#1879,#1880,#1881,#1882));
#351=EDGE_LOOP('',(#1883,#1884,#1885,#1886));
#352=EDGE_LOOP('',(#1887,#1888,#1889,#1890));
#353=EDGE_LOOP('',(#1891,#1892,#1893,#1894));
#354=EDGE_LOOP('',(#1895,#1896,#1897,#1898));
#355=EDGE_LOOP('',(#1899,#1900,#1901,#1902));
#356=EDGE_LOOP('',(#1903,#1904,#1905,#1906));
#357=EDGE_LOOP('',(#1907,#1908,#1909,#1910));
#358=EDGE_LOOP('',(#1911,#1912,#1913,#1914));
#359=EDGE_LOOP('',(#1915));
#360=EDGE_LOOP('',(#1916,#1917,#1918,#1919));
#361=EDGE_LOOP('',(#1920));
#362=EDGE_LOOP('',(#1921,#1922,#1923,#1924,#1925,#1926,#1927,#1928));
#363=EDGE_LOOP('',(#1929,#1930,#1931,#1932));
#364=EDGE_LOOP('',(#1933));
#365=EDGE_LOOP('',(#1934,#1935,#1936,#1937));
#366=EDGE_LOOP('',(#1938,#1939,#1940,#1941));
#367=EDGE_LOOP('',(#1942,#1943,#1944,#1945));
#368=EDGE_LOOP('',(#1946));
#369=EDGE_LOOP('',(#1947,#1948,#1949,#1950));
#370=EDGE_LOOP('',(#1951,#1952,#1953,#1954,#1955,#1956,#1957,#1958,#1959,
#1960));
#371=EDGE_LOOP('',(#1961,#1962,#1963,#1964));
#372=EDGE_LOOP('',(#1965,#1966,#1967,#1968,#1969,#1970,#1971,#1972));
#373=EDGE_LOOP('',(#1973,#1974,#1975,#1976));
#374=EDGE_LOOP('',(#1977,#1978,#1979,#1980));
#375=EDGE_LOOP('',(#1981,#1982,#1983,#1984,#1985,#1986));
#376=EDGE_LOOP('',(#1987));
#377=EDGE_LOOP('',(#1988,#1989,#1990,#1991));
#378=EDGE_LOOP('',(#1992,#1993,#1994,#1995));
#379=EDGE_LOOP('',(#1996,#1997,#1998,#1999,#2000,#2001));
#380=EDGE_LOOP('',(#2002));
#381=EDGE_LOOP('',(#2003,#2004,#2005,#2006));
#382=EDGE_LOOP('',(#2007,#2008,#2009,#2010));
#383=EDGE_LOOP('',(#2011,#2012,#2013,#2014));
#384=EDGE_LOOP('',(#2015,#2016,#2017,#2018));
#385=EDGE_LOOP('',(#2019,#2020,#2021,#2022));
#386=EDGE_LOOP('',(#2023,#2024,#2025,#2026));
#387=EDGE_LOOP('',(#2027,#2028,#2029,#2030));
#388=EDGE_LOOP('',(#2031));
#389=EDGE_LOOP('',(#2032,#2033,#2034,#2035));
#390=EDGE_LOOP('',(#2036,#2037,#2038,#2039));
#391=EDGE_LOOP('',(#2040));
#392=EDGE_LOOP('',(#2041,#2042,#2043,#2044));
#393=EDGE_LOOP('',(#2045,#2046,#2047,#2048,#2049,#2050,#2051,#2052,#2053,
#2054,#2055,#2056,#2057,#2058,#2059,#2060,#2061,#2062));
#394=EDGE_LOOP('',(#2063,#2064,#2065,#2066));
#395=EDGE_LOOP('',(#2067,#2068,#2069,#2070));
#396=EDGE_LOOP('',(#2071,#2072,#2073,#2074,#2075,#2076));
#397=EDGE_LOOP('',(#2077));
#398=EDGE_LOOP('',(#2078,#2079,#2080,#2081));
#399=EDGE_LOOP('',(#2082,#2083,#2084,#2085));
#400=EDGE_LOOP('',(#2086,#2087,#2088,#2089));
#401=EDGE_LOOP('',(#2090,#2091,#2092,#2093,#2094,#2095));
#402=EDGE_LOOP('',(#2096));
#403=EDGE_LOOP('',(#2097,#2098,#2099,#2100));
#404=EDGE_LOOP('',(#2101,#2102,#2103,#2104,#2105,#2106,#2107,#2108,#2109,
#2110,#2111,#2112,#2113));
#405=EDGE_LOOP('',(#2114,#2115,#2116,#2117));
#406=EDGE_LOOP('',(#2118,#2119,#2120,#2121));
#407=EDGE_LOOP('',(#2122,#2123,#2124,#2125));
#408=EDGE_LOOP('',(#2126,#2127,#2128,#2129));
#409=EDGE_LOOP('',(#2130,#2131,#2132,#2133));
#410=EDGE_LOOP('',(#2134,#2135,#2136,#2137));
#411=EDGE_LOOP('',(#2138,#2139,#2140,#2141));
#412=EDGE_LOOP('',(#2142,#2143,#2144,#2145));
#413=EDGE_LOOP('',(#2146,#2147,#2148,#2149));
#414=EDGE_LOOP('',(#2150,#2151,#2152,#2153,#2154,#2155,#2156,#2157,#2158,
#2159,#2160,#2161,#2162));
#415=EDGE_LOOP('',(#2163,#2164,#2165,#2166));
#416=EDGE_LOOP('',(#2167,#2168,#2169,#2170));
#417=EDGE_LOOP('',(#2171,#2172,#2173,#2174,#2175,#2176,#2177,#2178,#2179,
#2180,#2181,#2182,#2183,#2184,#2185,#2186));
#418=EDGE_LOOP('',(#2187,#2188,#2189,#2190));
#419=EDGE_LOOP('',(#2191,#2192,#2193,#2194));
#420=EDGE_LOOP('',(#2195,#2196,#2197,#2198));
#421=EDGE_LOOP('',(#2199,#2200,#2201,#2202));
#422=EDGE_LOOP('',(#2203,#2204,#2205,#2206));
#423=EDGE_LOOP('',(#2207,#2208,#2209,#2210));
#424=EDGE_LOOP('',(#2211,#2212,#2213,#2214));
#425=EDGE_LOOP('',(#2215,#2216,#2217,#2218,#2219,#2220,#2221,#2222,#2223,
#2224,#2225,#2226,#2227,#2228,#2229,#2230,#2231,#2232,#2233,#2234,#2235,
#2236,#2237,#2238,#2239,#2240));
#426=EDGE_LOOP('',(#2241,#2242,#2243,#2244));
#427=EDGE_LOOP('',(#2245,#2246,#2247,#2248));
#428=EDGE_LOOP('',(#2249,#2250,#2251,#2252,#2253,#2254));
#429=EDGE_LOOP('',(#2255));
#430=EDGE_LOOP('',(#2256,#2257,#2258,#2259,#2260,#2261));
#431=EDGE_LOOP('',(#2262,#2263,#2264,#2265));
#432=EDGE_LOOP('',(#2266,#2267,#2268,#2269,#2270,#2271));
#433=EDGE_LOOP('',(#2272));
#434=EDGE_LOOP('',(#2273,#2274,#2275,#2276));
#435=EDGE_LOOP('',(#2277,#2278,#2279,#2280));
#436=EDGE_LOOP('',(#2281,#2282,#2283,#2284));
#437=EDGE_LOOP('',(#2285,#2286,#2287,#2288,#2289,#2290));
#438=EDGE_LOOP('',(#2291,#2292,#2293,#2294));
#439=EDGE_LOOP('',(#2295,#2296,#2297,#2298));
#440=EDGE_LOOP('',(#2299,#2300,#2301,#2302));
#441=EDGE_LOOP('',(#2303,#2304,#2305,#2306));
#442=EDGE_LOOP('',(#2307,#2308,#2309,#2310));
#443=EDGE_LOOP('',(#2311,#2312,#2313,#2314));
#444=EDGE_LOOP('',(#2315,#2316,#2317,#2318));
#445=EDGE_LOOP('',(#2319,#2320,#2321,#2322));
#446=EDGE_LOOP('',(#2323,#2324,#2325,#2326));
#447=EDGE_LOOP('',(#2327,#2328,#2329,#2330));
#448=EDGE_LOOP('',(#2331,#2332,#2333,#2334));
#449=EDGE_LOOP('',(#2335));
#450=EDGE_LOOP('',(#2336,#2337,#2338,#2339));
#451=EDGE_LOOP('',(#2340,#2341,#2342,#2343));
#452=EDGE_LOOP('',(#2344));
#453=EDGE_LOOP('',(#2345,#2346,#2347,#2348));
#454=EDGE_LOOP('',(#2349,#2350,#2351,#2352));
#455=EDGE_LOOP('',(#2353));
#456=EDGE_LOOP('',(#2354,#2355,#2356,#2357));
#457=EDGE_LOOP('',(#2358,#2359,#2360,#2361,#2362,#2363));
#458=EDGE_LOOP('',(#2364,#2365,#2366,#2367));
#459=EDGE_LOOP('',(#2368,#2369,#2370,#2371));
#460=EDGE_LOOP('',(#2372));
#461=EDGE_LOOP('',(#2373,#2374,#2375,#2376));
#462=EDGE_LOOP('',(#2377,#2378,#2379,#2380));
#463=EDGE_LOOP('',(#2381,#2382,#2383,#2384));
#464=EDGE_LOOP('',(#2385,#2386,#2387,#2388));
#465=EDGE_LOOP('',(#2389,#2390,#2391,#2392));
#466=EDGE_LOOP('',(#2393,#2394,#2395,#2396));
#467=EDGE_LOOP('',(#2397));
#468=EDGE_LOOP('',(#2398,#2399,#2400,#2401));
#469=EDGE_LOOP('',(#2402,#2403,#2404,#2405));
#470=EDGE_LOOP('',(#2406));
#471=EDGE_LOOP('',(#2407,#2408,#2409,#2410));
#472=EDGE_LOOP('',(#2411,#2412,#2413,#2414,#2415,#2416,#2417,#2418,#2419,
#2420,#2421,#2422,#2423,#2424,#2425,#2426,#2427,#2428));
#473=EDGE_LOOP('',(#2429,#2430,#2431,#2432));
#474=EDGE_LOOP('',(#2433,#2434,#2435,#2436));
#475=EDGE_LOOP('',(#2437,#2438,#2439,#2440,#2441,#2442));
#476=EDGE_LOOP('',(#2443));
#477=EDGE_LOOP('',(#2444,#2445,#2446,#2447));
#478=EDGE_LOOP('',(#2448,#2449,#2450,#2451));
#479=EDGE_LOOP('',(#2452,#2453,#2454,#2455));
#480=EDGE_LOOP('',(#2456,#2457,#2458,#2459,#2460,#2461));
#481=EDGE_LOOP('',(#2462));
#482=EDGE_LOOP('',(#2463,#2464,#2465,#2466));
#483=EDGE_LOOP('',(#2467,#2468,#2469,#2470,#2471,#2472,#2473,#2474,#2475,
#2476,#2477,#2478,#2479));
#484=EDGE_LOOP('',(#2480,#2481,#2482,#2483));
#485=EDGE_LOOP('',(#2484,#2485,#2486,#2487));
#486=EDGE_LOOP('',(#2488,#2489,#2490,#2491));
#487=EDGE_LOOP('',(#2492,#2493,#2494,#2495));
#488=EDGE_LOOP('',(#2496,#2497,#2498,#2499));
#489=EDGE_LOOP('',(#2500,#2501,#2502,#2503));
#490=EDGE_LOOP('',(#2504,#2505,#2506,#2507));
#491=EDGE_LOOP('',(#2508,#2509,#2510,#2511));
#492=EDGE_LOOP('',(#2512,#2513,#2514,#2515));
#493=EDGE_LOOP('',(#2516,#2517,#2518,#2519,#2520,#2521,#2522,#2523,#2524,
#2525,#2526,#2527,#2528));
#494=EDGE_LOOP('',(#2529,#2530,#2531,#2532));
#495=EDGE_LOOP('',(#2533,#2534,#2535,#2536));
#496=EDGE_LOOP('',(#2537,#2538,#2539,#2540,#2541,#2542,#2543,#2544,#2545,
#2546,#2547,#2548));
#497=EDGE_LOOP('',(#2549,#2550,#2551,#2552,#2553,#2554,#2555,#2556));
#498=EDGE_LOOP('',(#2557,#2558,#2559,#2560));
#499=EDGE_LOOP('',(#2561,#2562,#2563,#2564));
#500=EDGE_LOOP('',(#2565,#2566,#2567,#2568));
#501=EDGE_LOOP('',(#2569,#2570,#2571,#2572));
#502=EDGE_LOOP('',(#2573,#2574,#2575,#2576,#2577,#2578,#2579,#2580));
#503=EDGE_LOOP('',(#2581,#2582,#2583,#2584));
#504=EDGE_LOOP('',(#2585,#2586,#2587,#2588));
#505=EDGE_LOOP('',(#2589,#2590,#2591,#2592));
#506=EDGE_LOOP('',(#2593,#2594,#2595,#2596,#2597,#2598,#2599,#2600,#2601,
#2602,#2603,#2604,#2605,#2606,#2607,#2608,#2609,#2610,#2611,#2612,#2613,
#2614,#2615,#2616,#2617,#2618));
#507=EDGE_LOOP('',(#2619,#2620,#2621,#2622));
#508=EDGE_LOOP('',(#2623,#2624,#2625,#2626));
#509=EDGE_LOOP('',(#2627,#2628,#2629,#2630,#2631,#2632));
#510=EDGE_LOOP('',(#2633));
#511=EDGE_LOOP('',(#2634,#2635,#2636,#2637,#2638,#2639));
#512=EDGE_LOOP('',(#2640,#2641,#2642,#2643));
#513=EDGE_LOOP('',(#2644,#2645,#2646,#2647,#2648,#2649));
#514=EDGE_LOOP('',(#2650));
#515=EDGE_LOOP('',(#2651,#2652,#2653,#2654));
#516=EDGE_LOOP('',(#2655,#2656,#2657,#2658));
#517=EDGE_LOOP('',(#2659,#2660,#2661,#2662));
#518=EDGE_LOOP('',(#2663,#2664,#2665,#2666,#2667,#2668));
#519=EDGE_LOOP('',(#2669,#2670,#2671,#2672));
#520=EDGE_LOOP('',(#2673,#2674,#2675,#2676));
#521=EDGE_LOOP('',(#2677,#2678,#2679,#2680));
#522=EDGE_LOOP('',(#2681,#2682,#2683,#2684,#2685,#2686));
#523=EDGE_LOOP('',(#2687));
#524=EDGE_LOOP('',(#2688,#2689,#2690,#2691));
#525=EDGE_LOOP('',(#2692,#2693,#2694,#2695,#2696,#2697));
#526=EDGE_LOOP('',(#2698));
#527=EDGE_LOOP('',(#2699,#2700,#2701,#2702));
#528=EDGE_LOOP('',(#2703,#2704,#2705,#2706));
#529=EDGE_LOOP('',(#2707,#2708,#2709,#2710));
#530=EDGE_LOOP('',(#2711,#2712,#2713,#2714));
#531=LINE('',#4093,#855);
#532=LINE('',#4095,#856);
#533=LINE('',#4097,#857);
#534=LINE('',#4098,#858);
#535=LINE('',#4101,#859);
#536=LINE('',#4103,#860);
#537=LINE('',#4104,#861);
#538=LINE('',#4107,#862);
#539=LINE('',#4109,#863);
#540=LINE('',#4110,#864);
#541=LINE('',#4114,#865);
#542=LINE('',#4115,#866);
#543=LINE('',#4116,#867);
#544=LINE('',#4120,#868);
#545=LINE('',#4121,#869);
#546=LINE('',#4122,#870);
#547=LINE('',#4127,#871);
#548=LINE('',#4133,#872);
#549=LINE('',#4138,#873);
#550=LINE('',#4140,#874);
#551=LINE('',#4142,#875);
#552=LINE('',#4143,#876);
#553=LINE('',#4147,#877);
#554=LINE('',#4149,#878);
#555=LINE('',#4151,#879);
#556=LINE('',#4152,#880);
#557=LINE('',#4155,#881);
#558=LINE('',#4157,#882);
#559=LINE('',#4158,#883);
#560=LINE('',#4161,#884);
#561=LINE('',#4163,#885);
#562=LINE('',#4164,#886);
#563=LINE('',#4166,#887);
#564=LINE('',#4168,#888);
#565=LINE('',#4170,#889);
#566=LINE('',#4172,#890);
#567=LINE('',#4174,#891);
#568=LINE('',#4175,#892);
#569=LINE('',#4178,#893);
#570=LINE('',#4180,#894);
#571=LINE('',#4181,#895);
#572=LINE('',#4183,#896);
#573=LINE('',#4185,#897);
#574=LINE('',#4188,#898);
#575=LINE('',#4190,#899);
#576=LINE('',#4191,#900);
#577=LINE('',#4193,#901);
#578=LINE('',#4196,#902);
#579=LINE('',#4198,#903);
#580=LINE('',#4200,#904);
#581=LINE('',#4202,#905);
#582=LINE('',#4204,#906);
#583=LINE('',#4206,#907);
#584=LINE('',#4208,#908);
#585=LINE('',#4209,#909);
#586=LINE('',#4212,#910);
#587=LINE('',#4214,#911);
#588=LINE('',#4216,#912);
#589=LINE('',#4217,#913);
#590=LINE('',#4220,#914);
#591=LINE('',#4224,#915);
#592=LINE('',#4226,#916);
#593=LINE('',#4228,#917);
#594=LINE('',#4234,#918);
#595=LINE('',#4241,#919);
#596=LINE('',#4244,#920);
#597=LINE('',#4247,#921);
#598=LINE('',#4249,#922);
#599=LINE('',#4252,#923);
#600=LINE('',#4253,#924);
#601=LINE('',#4258,#925);
#602=LINE('',#4259,#926);
#603=LINE('',#4262,#927);
#604=LINE('',#4263,#928);
#605=LINE('',#4266,#929);
#606=LINE('',#4268,#930);
#607=LINE('',#4272,#931);
#608=LINE('',#4276,#932);
#609=LINE('',#4277,#933);
#610=LINE('',#4280,#934);
#611=LINE('',#4281,#935);
#612=LINE('',#4283,#936);
#613=LINE('',#4288,#937);
#614=LINE('',#4294,#938);
#615=LINE('',#4296,#939);
#616=LINE('',#4298,#940);
#617=LINE('',#4299,#941);
#618=LINE('',#4301,#942);
#619=LINE('',#4302,#943);
#620=LINE('',#4305,#944);
#621=LINE('',#4307,#945);
#622=LINE('',#4308,#946);
#623=LINE('',#4311,#947);
#624=LINE('',#4315,#948);
#625=LINE('',#4318,#949);
#626=LINE('',#4320,#950);
#627=LINE('',#4324,#951);
#628=LINE('',#4330,#952);
#629=LINE('',#4337,#953);
#630=LINE('',#4340,#954);
#631=LINE('',#4343,#955);
#632=LINE('',#4346,#956);
#633=LINE('',#4347,#957);
#634=LINE('',#4350,#958);
#635=LINE('',#4351,#959);
#636=LINE('',#4355,#960);
#637=LINE('',#4357,#961);
#638=LINE('',#4359,#962);
#639=LINE('',#4363,#963);
#640=LINE('',#4365,#964);
#641=LINE('',#4367,#965);
#642=LINE('',#4371,#966);
#643=LINE('',#4375,#967);
#644=LINE('',#4377,#968);
#645=LINE('',#4379,#969);
#646=LINE('',#4383,#970);
#647=LINE('',#4387,#971);
#648=LINE('',#4388,#972);
#649=LINE('',#4393,#973);
#650=LINE('',#4394,#974);
#651=LINE('',#4397,#975);
#652=LINE('',#4398,#976);
#653=LINE('',#4403,#977);
#654=LINE('',#4404,#978);
#655=LINE('',#4407,#979);
#656=LINE('',#4408,#980);
#657=LINE('',#4411,#981);
#658=LINE('',#4415,#982);
#659=LINE('',#4418,#983);
#660=LINE('',#4420,#984);
#661=LINE('',#4422,#985);
#662=LINE('',#4424,#986);
#663=LINE('',#4426,#987);
#664=LINE('',#4427,#988);
#665=LINE('',#4429,#989);
#666=LINE('',#4433,#990);
#667=LINE('',#4434,#991);
#668=LINE('',#4438,#992);
#669=LINE('',#4441,#993);
#670=LINE('',#4442,#994);
#671=LINE('',#4447,#995);
#672=LINE('',#4453,#996);
#673=LINE('',#4454,#997);
#674=LINE('',#4456,#998);
#675=LINE('',#4458,#999);
#676=LINE('',#4464,#1000);
#677=LINE('',#4471,#1001);
#678=LINE('',#4474,#1002);
#679=LINE('',#4477,#1003);
#680=LINE('',#4481,#1004);
#681=LINE('',#4484,#1005);
#682=LINE('',#4487,#1006);
#683=LINE('',#4491,#1007);
#684=LINE('',#4492,#1008);
#685=LINE('',#4495,#1009);
#686=LINE('',#4498,#1010);
#687=LINE('',#4501,#1011);
#688=LINE('',#4505,#1012);
#689=LINE('',#4508,#1013);
#690=LINE('',#4510,#1014);
#691=LINE('',#4512,#1015);
#692=LINE('',#4514,#1016);
#693=LINE('',#4519,#1017);
#694=LINE('',#4521,#1018);
#695=LINE('',#4523,#1019);
#696=LINE('',#4524,#1020);
#697=LINE('',#4527,#1021);
#698=LINE('',#4529,#1022);
#699=LINE('',#4530,#1023);
#700=LINE('',#4533,#1024);
#701=LINE('',#4535,#1025);
#702=LINE('',#4536,#1026);
#703=LINE('',#4540,#1027);
#704=LINE('',#4541,#1028);
#705=LINE('',#4542,#1029);
#706=LINE('',#4546,#1030);
#707=LINE('',#4547,#1031);
#708=LINE('',#4548,#1032);
#709=LINE('',#4553,#1033);
#710=LINE('',#4559,#1034);
#711=LINE('',#4564,#1035);
#712=LINE('',#4566,#1036);
#713=LINE('',#4568,#1037);
#714=LINE('',#4569,#1038);
#715=LINE('',#4573,#1039);
#716=LINE('',#4575,#1040);
#717=LINE('',#4577,#1041);
#718=LINE('',#4578,#1042);
#719=LINE('',#4581,#1043);
#720=LINE('',#4583,#1044);
#721=LINE('',#4584,#1045);
#722=LINE('',#4587,#1046);
#723=LINE('',#4588,#1047);
#724=LINE('',#4591,#1048);
#725=LINE('',#4592,#1049);
#726=LINE('',#4595,#1050);
#727=LINE('',#4597,#1051);
#728=LINE('',#4598,#1052);
#729=LINE('',#4601,#1053);
#730=LINE('',#4602,#1054);
#731=LINE('',#4604,#1055);
#732=LINE('',#4606,#1056);
#733=LINE('',#4607,#1057);
#734=LINE('',#4610,#1058);
#735=LINE('',#4612,#1059);
#736=LINE('',#4614,#1060);
#737=LINE('',#4616,#1061);
#738=LINE('',#4617,#1062);
#739=LINE('',#4620,#1063);
#740=LINE('',#4622,#1064);
#741=LINE('',#4624,#1065);
#742=LINE('',#4625,#1066);
#743=LINE('',#4627,#1067);
#744=LINE('',#4631,#1068);
#745=LINE('',#4635,#1069);
#746=LINE('',#4640,#1070);
#747=LINE('',#4644,#1071);
#748=LINE('',#4649,#1072);
#749=LINE('',#4650,#1073);
#750=LINE('',#4651,#1074);
#751=LINE('',#4655,#1075);
#752=LINE('',#4656,#1076);
#753=LINE('',#4657,#1077);
#754=LINE('',#4659,#1078);
#755=LINE('',#4660,#1079);
#756=LINE('',#4665,#1080);
#757=LINE('',#4671,#1081);
#758=LINE('',#4673,#1082);
#759=LINE('',#4675,#1083);
#760=LINE('',#4676,#1084);
#761=LINE('',#4678,#1085);
#762=LINE('',#4679,#1086);
#763=LINE('',#4682,#1087);
#764=LINE('',#4684,#1088);
#765=LINE('',#4685,#1089);
#766=LINE('',#4690,#1090);
#767=LINE('',#4694,#1091);
#768=LINE('',#4695,#1092);
#769=LINE('',#4699,#1093);
#770=LINE('',#4702,#1094);
#771=LINE('',#4707,#1095);
#772=LINE('',#4714,#1096);
#773=LINE('',#4717,#1097);
#774=LINE('',#4719,#1098);
#775=LINE('',#4721,#1099);
#776=LINE('',#4724,#1100);
#777=LINE('',#4727,#1101);
#778=LINE('',#4728,#1102);
#779=LINE('',#4731,#1103);
#780=LINE('',#4734,#1104);
#781=LINE('',#4736,#1105);
#782=LINE('',#4740,#1106);
#783=LINE('',#4744,#1107);
#784=LINE('',#4748,#1108);
#785=LINE('',#4750,#1109);
#786=LINE('',#4752,#1110);
#787=LINE('',#4756,#1111);
#788=LINE('',#4760,#1112);
#789=LINE('',#4761,#1113);
#790=LINE('',#4764,#1114);
#791=LINE('',#4765,#1115);
#792=LINE('',#4770,#1116);
#793=LINE('',#4771,#1117);
#794=LINE('',#4774,#1118);
#795=LINE('',#4775,#1119);
#796=LINE('',#4780,#1120);
#797=LINE('',#4781,#1121);
#798=LINE('',#4784,#1122);
#799=LINE('',#4785,#1123);
#800=LINE('',#4788,#1124);
#801=LINE('',#4792,#1125);
#802=LINE('',#4795,#1126);
#803=LINE('',#4797,#1127);
#804=LINE('',#4799,#1128);
#805=LINE('',#4802,#1129);
#806=LINE('',#4803,#1130);
#807=LINE('',#4805,#1131);
#808=LINE('',#4806,#1132);
#809=LINE('',#4808,#1133);
#810=LINE('',#4812,#1134);
#811=LINE('',#4813,#1135);
#812=LINE('',#4814,#1136);
#813=LINE('',#4816,#1137);
#814=LINE('',#4820,#1138);
#815=LINE('',#4823,#1139);
#816=LINE('',#4824,#1140);
#817=LINE('',#4830,#1141);
#818=LINE('',#4832,#1142);
#819=LINE('',#4837,#1143);
#820=LINE('',#4838,#1144);
#821=LINE('',#4840,#1145);
#822=LINE('',#4842,#1146);
#823=LINE('',#4848,#1147);
#824=LINE('',#4855,#1148);
#825=LINE('',#4858,#1149);
#826=LINE('',#4861,#1150);
#827=LINE('',#4865,#1151);
#828=LINE('',#4868,#1152);
#829=LINE('',#4871,#1153);
#830=LINE('',#4873,#1154);
#831=LINE('',#4876,#1155);
#832=LINE('',#4879,#1156);
#833=LINE('',#4882,#1157);
#834=LINE('',#4887,#1158);
#835=LINE('',#4890,#1159);
#836=LINE('',#4892,#1160);
#837=LINE('',#4894,#1161);
#838=LINE('',#4896,#1162);
#839=LINE('',#4898,#1163);
#840=LINE('',#4905,#1164);
#841=LINE('',#4908,#1165);
#842=LINE('',#4911,#1166);
#843=LINE('',#4913,#1167);
#844=LINE('',#4914,#1168);
#845=LINE('',#4917,#1169);
#846=LINE('',#4919,#1170);
#847=LINE('',#4921,#1171);
#848=LINE('',#4928,#1172);
#849=LINE('',#4931,#1173);
#850=LINE('',#4933,#1174);
#851=LINE('',#4934,#1175);
#852=LINE('',#4938,#1176);
#853=LINE('',#4940,#1177);
#854=LINE('',#4942,#1178);
#855=VECTOR('',#3259,10.);
#856=VECTOR('',#3260,10.);
#857=VECTOR('',#3261,10.);
#858=VECTOR('',#3262,10.);
#859=VECTOR('',#3265,10.);
#860=VECTOR('',#3266,10.);
#861=VECTOR('',#3267,10.);
#862=VECTOR('',#3270,10.);
#863=VECTOR('',#3271,10.);
#864=VECTOR('',#3272,10.);
#865=VECTOR('',#3275,10.);
#866=VECTOR('',#3276,10.);
#867=VECTOR('',#3277,10.);
#868=VECTOR('',#3280,10.);
#869=VECTOR('',#3281,10.);
#870=VECTOR('',#3282,10.);
#871=VECTOR('',#3287,1.);
#872=VECTOR('',#3294,1.);
#873=VECTOR('',#3299,10.);
#874=VECTOR('',#3300,10.);
#875=VECTOR('',#3301,10.);
#876=VECTOR('',#3302,10.);
#877=VECTOR('',#3305,10.);
#878=VECTOR('',#3306,10.);
#879=VECTOR('',#3307,10.);
#880=VECTOR('',#3308,10.);
#881=VECTOR('',#3311,10.);
#882=VECTOR('',#3312,10.);
#883=VECTOR('',#3313,10.);
#884=VECTOR('',#3316,10.);
#885=VECTOR('',#3317,10.);
#886=VECTOR('',#3318,10.);
#887=VECTOR('',#3321,10.);
#888=VECTOR('',#3322,10.);
#889=VECTOR('',#3323,10.);
#890=VECTOR('',#3324,10.);
#891=VECTOR('',#3325,10.);
#892=VECTOR('',#3326,10.);
#893=VECTOR('',#3329,10.);
#894=VECTOR('',#3330,10.);
#895=VECTOR('',#3331,10.);
#896=VECTOR('',#3334,10.);
#897=VECTOR('',#3337,10.);
#898=VECTOR('',#3340,10.);
#899=VECTOR('',#3341,10.);
#900=VECTOR('',#3342,10.);
#901=VECTOR('',#3345,10.);
#902=VECTOR('',#3348,10.);
#903=VECTOR('',#3349,10.);
#904=VECTOR('',#3350,10.);
#905=VECTOR('',#3351,10.);
#906=VECTOR('',#3352,10.);
#907=VECTOR('',#3353,10.);
#908=VECTOR('',#3354,10.);
#909=VECTOR('',#3355,10.);
#910=VECTOR('',#3356,10.);
#911=VECTOR('',#3357,10.);
#912=VECTOR('',#3358,10.);
#913=VECTOR('',#3359,10.);
#914=VECTOR('',#3362,10.);
#915=VECTOR('',#3365,10.);
#916=VECTOR('',#3366,10.);
#917=VECTOR('',#3367,10.);
#918=VECTOR('',#3374,1.);
#919=VECTOR('',#3381,10.);
#920=VECTOR('',#3384,10.);
#921=VECTOR('',#3387,10.);
#922=VECTOR('',#3390,10.);
#923=VECTOR('',#3393,10.);
#924=VECTOR('',#3394,10.);
#925=VECTOR('',#3401,10.);
#926=VECTOR('',#3402,10.);
#927=VECTOR('',#3405,10.);
#928=VECTOR('',#3406,10.);
#929=VECTOR('',#3409,10.);
#930=VECTOR('',#3410,10.);
#931=VECTOR('',#3415,10.);
#932=VECTOR('',#3420,10.);
#933=VECTOR('',#3421,10.);
#934=VECTOR('',#3424,10.);
#935=VECTOR('',#3425,10.);
#936=VECTOR('',#3428,10.);
#937=VECTOR('',#3433,1.25);
#938=VECTOR('',#3440,10.);
#939=VECTOR('',#3441,10.);
#940=VECTOR('',#3442,10.);
#941=VECTOR('',#3443,10.);
#942=VECTOR('',#3446,10.);
#943=VECTOR('',#3447,10.);
#944=VECTOR('',#3450,10.);
#945=VECTOR('',#3451,10.);
#946=VECTOR('',#3452,10.);
#947=VECTOR('',#3455,10.);
#948=VECTOR('',#3458,10.);
#949=VECTOR('',#3461,10.);
#950=VECTOR('',#3462,10.);
#951=VECTOR('',#3465,10.);
#952=VECTOR('',#3472,1.);
#953=VECTOR('',#3479,10.);
#954=VECTOR('',#3482,10.);
#955=VECTOR('',#3485,10.);
#956=VECTOR('',#3488,10.);
#957=VECTOR('',#3489,10.);
#958=VECTOR('',#3492,10.);
#959=VECTOR('',#3493,10.);
#960=VECTOR('',#3498,10.);
#961=VECTOR('',#3501,10.);
#962=VECTOR('',#3504,10.);
#963=VECTOR('',#3509,10.);
#964=VECTOR('',#3510,10.);
#965=VECTOR('',#3511,10.);
#966=VECTOR('',#3514,10.);
#967=VECTOR('',#3517,10.);
#968=VECTOR('',#3518,10.);
#969=VECTOR('',#3519,10.);
#970=VECTOR('',#3522,10.);
#971=VECTOR('',#3527,10.);
#972=VECTOR('',#3528,10.);
#973=VECTOR('',#3533,10.);
#974=VECTOR('',#3534,10.);
#975=VECTOR('',#3537,10.);
#976=VECTOR('',#3538,10.);
#977=VECTOR('',#3543,10.);
#978=VECTOR('',#3544,10.);
#979=VECTOR('',#3547,10.);
#980=VECTOR('',#3548,10.);
#981=VECTOR('',#3551,10.);
#982=VECTOR('',#3556,10.);
#983=VECTOR('',#3559,10.);
#984=VECTOR('',#3562,10.);
#985=VECTOR('',#3565,10.);
#986=VECTOR('',#3568,10.);
#987=VECTOR('',#3569,10.);
#988=VECTOR('',#3570,10.);
#989=VECTOR('',#3573,10.);
#990=VECTOR('',#3578,10.);
#991=VECTOR('',#3579,10.);
#992=VECTOR('',#3584,10.);
#993=VECTOR('',#3587,10.);
#994=VECTOR('',#3588,10.);
#995=VECTOR('',#3595,10.);
#996=VECTOR('',#3602,10.);
#997=VECTOR('',#3603,10.);
#998=VECTOR('',#3606,10.);
#999=VECTOR('',#3609,10.);
#1000=VECTOR('',#3616,1.);
#1001=VECTOR('',#3623,10.);
#1002=VECTOR('',#3626,10.);
#1003=VECTOR('',#3629,10.);
#1004=VECTOR('',#3632,10.);
#1005=VECTOR('',#3635,10.);
#1006=VECTOR('',#3638,10.);
#1007=VECTOR('',#3641,10.);
#1008=VECTOR('',#3642,10.);
#1009=VECTOR('',#3645,10.);
#1010=VECTOR('',#3648,10.);
#1011=VECTOR('',#3651,10.);
#1012=VECTOR('',#3654,10.);
#1013=VECTOR('',#3659,10.);
#1014=VECTOR('',#3662,10.);
#1015=VECTOR('',#3665,10.);
#1016=VECTOR('',#3668,10.);
#1017=VECTOR('',#3673,10.);
#1018=VECTOR('',#3674,10.);
#1019=VECTOR('',#3675,10.);
#1020=VECTOR('',#3676,10.);
#1021=VECTOR('',#3679,10.);
#1022=VECTOR('',#3680,10.);
#1023=VECTOR('',#3681,10.);
#1024=VECTOR('',#3684,10.);
#1025=VECTOR('',#3685,10.);
#1026=VECTOR('',#3686,10.);
#1027=VECTOR('',#3689,10.);
#1028=VECTOR('',#3690,10.);
#1029=VECTOR('',#3691,10.);
#1030=VECTOR('',#3694,10.);
#1031=VECTOR('',#3695,10.);
#1032=VECTOR('',#3696,10.);
#1033=VECTOR('',#3701,0.999999999999996);
#1034=VECTOR('',#3708,0.999999999999996);
#1035=VECTOR('',#3713,10.);
#1036=VECTOR('',#3714,10.);
#1037=VECTOR('',#3715,10.);
#1038=VECTOR('',#3716,10.);
#1039=VECTOR('',#3719,10.);
#1040=VECTOR('',#3720,10.);
#1041=VECTOR('',#3721,10.);
#1042=VECTOR('',#3722,10.);
#1043=VECTOR('',#3725,10.);
#1044=VECTOR('',#3726,10.);
#1045=VECTOR('',#3727,10.);
#1046=VECTOR('',#3730,10.);
#1047=VECTOR('',#3731,10.);
#1048=VECTOR('',#3734,10.);
#1049=VECTOR('',#3735,10.);
#1050=VECTOR('',#3738,10.);
#1051=VECTOR('',#3739,10.);
#1052=VECTOR('',#3740,10.);
#1053=VECTOR('',#3743,10.);
#1054=VECTOR('',#3744,10.);
#1055=VECTOR('',#3747,10.);
#1056=VECTOR('',#3748,10.);
#1057=VECTOR('',#3749,10.);
#1058=VECTOR('',#3752,10.);
#1059=VECTOR('',#3753,10.);
#1060=VECTOR('',#3754,10.);
#1061=VECTOR('',#3755,10.);
#1062=VECTOR('',#3756,10.);
#1063=VECTOR('',#3757,10.);
#1064=VECTOR('',#3758,10.);
#1065=VECTOR('',#3759,10.);
#1066=VECTOR('',#3760,10.);
#1067=VECTOR('',#3763,10.);
#1068=VECTOR('',#3766,10.);
#1069=VECTOR('',#3769,10.);
#1070=VECTOR('',#3774,10.);
#1071=VECTOR('',#3777,10.);
#1072=VECTOR('',#3782,10.);
#1073=VECTOR('',#3783,10.);
#1074=VECTOR('',#3784,10.);
#1075=VECTOR('',#3787,10.);
#1076=VECTOR('',#3788,10.);
#1077=VECTOR('',#3789,10.);
#1078=VECTOR('',#3792,10.);
#1079=VECTOR('',#3793,10.);
#1080=VECTOR('',#3798,1.25);
#1081=VECTOR('',#3805,10.);
#1082=VECTOR('',#3806,10.);
#1083=VECTOR('',#3807,10.);
#1084=VECTOR('',#3808,10.);
#1085=VECTOR('',#3811,10.);
#1086=VECTOR('',#3812,10.);
#1087=VECTOR('',#3815,10.);
#1088=VECTOR('',#3816,10.);
#1089=VECTOR('',#3817,10.);
#1090=VECTOR('',#3822,10.);
#1091=VECTOR('',#3825,10.);
#1092=VECTOR('',#3826,10.);
#1093=VECTOR('',#3829,10.);
#1094=VECTOR('',#3832,10.);
#1095=VECTOR('',#3837,1.);
#1096=VECTOR('',#3844,10.);
#1097=VECTOR('',#3847,10.);
#1098=VECTOR('',#3850,10.);
#1099=VECTOR('',#3851,10.);
#1100=VECTOR('',#3854,10.);
#1101=VECTOR('',#3857,10.);
#1102=VECTOR('',#3858,10.);
#1103=VECTOR('',#3861,10.);
#1104=VECTOR('',#3866,10.);
#1105=VECTOR('',#3869,10.);
#1106=VECTOR('',#3874,10.);
#1107=VECTOR('',#3877,10.);
#1108=VECTOR('',#3880,10.);
#1109=VECTOR('',#3881,10.);
#1110=VECTOR('',#3882,10.);
#1111=VECTOR('',#3885,10.);
#1112=VECTOR('',#3888,10.);
#1113=VECTOR('',#3889,10.);
#1114=VECTOR('',#3892,10.);
#1115=VECTOR('',#3893,10.);
#1116=VECTOR('',#3898,10.);
#1117=VECTOR('',#3899,10.);
#1118=VECTOR('',#3902,10.);
#1119=VECTOR('',#3903,10.);
#1120=VECTOR('',#3908,10.);
#1121=VECTOR('',#3909,10.);
#1122=VECTOR('',#3912,10.);
#1123=VECTOR('',#3913,10.);
#1124=VECTOR('',#3916,10.);
#1125=VECTOR('',#3921,10.);
#1126=VECTOR('',#3924,10.);
#1127=VECTOR('',#3927,10.);
#1128=VECTOR('',#3930,10.);
#1129=VECTOR('',#3933,10.);
#1130=VECTOR('',#3934,10.);
#1131=VECTOR('',#3935,10.);
#1132=VECTOR('',#3936,10.);
#1133=VECTOR('',#3939,10.);
#1134=VECTOR('',#3944,10.);
#1135=VECTOR('',#3945,10.);
#1136=VECTOR('',#3946,10.);
#1137=VECTOR('',#3949,10.);
#1138=VECTOR('',#3954,10.);
#1139=VECTOR('',#3957,10.);
#1140=VECTOR('',#3958,10.);
#1141=VECTOR('',#3967,10.);
#1142=VECTOR('',#3970,10.);
#1143=VECTOR('',#3975,10.);
#1144=VECTOR('',#3976,10.);
#1145=VECTOR('',#3979,10.);
#1146=VECTOR('',#3982,10.);
#1147=VECTOR('',#3989,1.);
#1148=VECTOR('',#3996,10.);
#1149=VECTOR('',#3999,10.);
#1150=VECTOR('',#4002,10.);
#1151=VECTOR('',#4005,10.);
#1152=VECTOR('',#4008,10.);
#1153=VECTOR('',#4011,10.);
#1154=VECTOR('',#4012,10.);
#1155=VECTOR('',#4015,10.);
#1156=VECTOR('',#4018,10.);
#1157=VECTOR('',#4021,10.);
#1158=VECTOR('',#4026,10.);
#1159=VECTOR('',#4029,10.);
#1160=VECTOR('',#4032,10.);
#1161=VECTOR('',#4035,10.);
#1162=VECTOR('',#4038,10.);
#1163=VECTOR('',#4041,10.);
#1164=VECTOR('',#4048,10.);
#1165=VECTOR('',#4051,10.);
#1166=VECTOR('',#4054,10.);
#1167=VECTOR('',#4055,10.);
#1168=VECTOR('',#4056,10.);
#1169=VECTOR('',#4059,10.);
#1170=VECTOR('',#4060,10.);
#1171=VECTOR('',#4061,10.);
#1172=VECTOR('',#4070,10.);
#1173=VECTOR('',#4073,10.);
#1174=VECTOR('',#4074,10.);
#1175=VECTOR('',#4075,10.);
#1176=VECTOR('',#4080,10.);
#1177=VECTOR('',#4083,0.999999999999996);
#1178=VECTOR('',#4086,10.);
#1179=VERTEX_POINT('',#4091);
#1180=VERTEX_POINT('',#4092);
#1181=VERTEX_POINT('',#4094);
#1182=VERTEX_POINT('',#4096);
#1183=VERTEX_POINT('',#4100);
#1184=VERTEX_POINT('',#4102);
#1185=VERTEX_POINT('',#4106);
#1186=VERTEX_POINT('',#4108);
#1187=VERTEX_POINT('',#4112);
#1188=VERTEX_POINT('',#4113);
#1189=VERTEX_POINT('',#4118);
#1190=VERTEX_POINT('',#4119);
#1191=VERTEX_POINT('',#4124);
#1192=VERTEX_POINT('',#4126);
#1193=VERTEX_POINT('',#4130);
#1194=VERTEX_POINT('',#4132);
#1195=VERTEX_POINT('',#4136);
#1196=VERTEX_POINT('',#4137);
#1197=VERTEX_POINT('',#4139);
#1198=VERTEX_POINT('',#4141);
#1199=VERTEX_POINT('',#4145);
#1200=VERTEX_POINT('',#4146);
#1201=VERTEX_POINT('',#4148);
#1202=VERTEX_POINT('',#4150);
#1203=VERTEX_POINT('',#4154);
#1204=VERTEX_POINT('',#4156);
#1205=VERTEX_POINT('',#4160);
#1206=VERTEX_POINT('',#4162);
#1207=VERTEX_POINT('',#4167);
#1208=VERTEX_POINT('',#4169);
#1209=VERTEX_POINT('',#4171);
#1210=VERTEX_POINT('',#4173);
#1211=VERTEX_POINT('',#4177);
#1212=VERTEX_POINT('',#4179);
#1213=VERTEX_POINT('',#4187);
#1214=VERTEX_POINT('',#4189);
#1215=VERTEX_POINT('',#4195);
#1216=VERTEX_POINT('',#4197);
#1217=VERTEX_POINT('',#4199);
#1218=VERTEX_POINT('',#4201);
#1219=VERTEX_POINT('',#4203);
#1220=VERTEX_POINT('',#4205);
#1221=VERTEX_POINT('',#4207);
#1222=VERTEX_POINT('',#4210);
#1223=VERTEX_POINT('',#4211);
#1224=VERTEX_POINT('',#4213);
#1225=VERTEX_POINT('',#4215);
#1226=VERTEX_POINT('',#4219);
#1227=VERTEX_POINT('',#4221);
#1228=VERTEX_POINT('',#4223);
#1229=VERTEX_POINT('',#4225);
#1230=VERTEX_POINT('',#4227);
#1231=VERTEX_POINT('',#4231);
#1232=VERTEX_POINT('',#4233);
#1233=VERTEX_POINT('',#4237);
#1234=VERTEX_POINT('',#4238);
#1235=VERTEX_POINT('',#4240);
#1236=VERTEX_POINT('',#4242);
#1237=VERTEX_POINT('',#4246);
#1238=VERTEX_POINT('',#4251);
#1239=VERTEX_POINT('',#4257);
#1240=VERTEX_POINT('',#4261);
#1241=VERTEX_POINT('',#4265);
#1242=VERTEX_POINT('',#4267);
#1243=VERTEX_POINT('',#4271);
#1244=VERTEX_POINT('',#4275);
#1245=VERTEX_POINT('',#4279);
#1246=VERTEX_POINT('',#4285);
#1247=VERTEX_POINT('',#4287);
#1248=VERTEX_POINT('',#4292);
#1249=VERTEX_POINT('',#4293);
#1250=VERTEX_POINT('',#4295);
#1251=VERTEX_POINT('',#4297);
#1252=VERTEX_POINT('',#4304);
#1253=VERTEX_POINT('',#4306);
#1254=VERTEX_POINT('',#4310);
#1255=VERTEX_POINT('',#4312);
#1256=VERTEX_POINT('',#4314);
#1257=VERTEX_POINT('',#4317);
#1258=VERTEX_POINT('',#4319);
#1259=VERTEX_POINT('',#4321);
#1260=VERTEX_POINT('',#4323);
#1261=VERTEX_POINT('',#4327);
#1262=VERTEX_POINT('',#4329);
#1263=VERTEX_POINT('',#4333);
#1264=VERTEX_POINT('',#4334);
#1265=VERTEX_POINT('',#4336);
#1266=VERTEX_POINT('',#4338);
#1267=VERTEX_POINT('',#4342);
#1268=VERTEX_POINT('',#4344);
#1269=VERTEX_POINT('',#4349);
#1270=VERTEX_POINT('',#4353);
#1271=VERTEX_POINT('',#4362);
#1272=VERTEX_POINT('',#4364);
#1273=VERTEX_POINT('',#4366);
#1274=VERTEX_POINT('',#4368);
#1275=VERTEX_POINT('',#4370);
#1276=VERTEX_POINT('',#4372);
#1277=VERTEX_POINT('',#4374);
#1278=VERTEX_POINT('',#4376);
#1279=VERTEX_POINT('',#4378);
#1280=VERTEX_POINT('',#4380);
#1281=VERTEX_POINT('',#4382);
#1282=VERTEX_POINT('',#4386);
#1283=VERTEX_POINT('',#4390);
#1284=VERTEX_POINT('',#4391);
#1285=VERTEX_POINT('',#4396);
#1286=VERTEX_POINT('',#4400);
#1287=VERTEX_POINT('',#4401);
#1288=VERTEX_POINT('',#4406);
#1289=VERTEX_POINT('',#4410);
#1290=VERTEX_POINT('',#4414);
#1291=VERTEX_POINT('',#4416);
#1292=VERTEX_POINT('',#4425);
#1293=VERTEX_POINT('',#4432);
#1294=VERTEX_POINT('',#4436);
#1295=VERTEX_POINT('',#4440);
#1296=VERTEX_POINT('',#4446);
#1297=VERTEX_POINT('',#4450);
#1298=VERTEX_POINT('',#4451);
#1299=VERTEX_POINT('',#4461);
#1300=VERTEX_POINT('',#4463);
#1301=VERTEX_POINT('',#4467);
#1302=VERTEX_POINT('',#4468);
#1303=VERTEX_POINT('',#4470);
#1304=VERTEX_POINT('',#4472);
#1305=VERTEX_POINT('',#4476);
#1306=VERTEX_POINT('',#4478);
#1307=VERTEX_POINT('',#4480);
#1308=VERTEX_POINT('',#4482);
#1309=VERTEX_POINT('',#4486);
#1310=VERTEX_POINT('',#4488);
#1311=VERTEX_POINT('',#4490);
#1312=VERTEX_POINT('',#4494);
#1313=VERTEX_POINT('',#4496);
#1314=VERTEX_POINT('',#4500);
#1315=VERTEX_POINT('',#4502);
#1316=VERTEX_POINT('',#4504);
#1317=VERTEX_POINT('',#4517);
#1318=VERTEX_POINT('',#4518);
#1319=VERTEX_POINT('',#4520);
#1320=VERTEX_POINT('',#4522);
#1321=VERTEX_POINT('',#4526);
#1322=VERTEX_POINT('',#4528);
#1323=VERTEX_POINT('',#4532);
#1324=VERTEX_POINT('',#4534);
#1325=VERTEX_POINT('',#4538);
#1326=VERTEX_POINT('',#4539);
#1327=VERTEX_POINT('',#4544);
#1328=VERTEX_POINT('',#4545);
#1329=VERTEX_POINT('',#4550);
#1330=VERTEX_POINT('',#4552);
#1331=VERTEX_POINT('',#4556);
#1332=VERTEX_POINT('',#4558);
#1333=VERTEX_POINT('',#4562);
#1334=VERTEX_POINT('',#4563);
#1335=VERTEX_POINT('',#4565);
#1336=VERTEX_POINT('',#4567);
#1337=VERTEX_POINT('',#4571);
#1338=VERTEX_POINT('',#4572);
#1339=VERTEX_POINT('',#4574);
#1340=VERTEX_POINT('',#4576);
#1341=VERTEX_POINT('',#4580);
#1342=VERTEX_POINT('',#4582);
#1343=VERTEX_POINT('',#4586);
#1344=VERTEX_POINT('',#4590);
#1345=VERTEX_POINT('',#4594);
#1346=VERTEX_POINT('',#4596);
#1347=VERTEX_POINT('',#4600);
#1348=VERTEX_POINT('',#4605);
#1349=VERTEX_POINT('',#4609);
#1350=VERTEX_POINT('',#4611);
#1351=VERTEX_POINT('',#4613);
#1352=VERTEX_POINT('',#4615);
#1353=VERTEX_POINT('',#4618);
#1354=VERTEX_POINT('',#4619);
#1355=VERTEX_POINT('',#4621);
#1356=VERTEX_POINT('',#4623);
#1357=VERTEX_POINT('',#4629);
#1358=VERTEX_POINT('',#4630);
#1359=VERTEX_POINT('',#4632);
#1360=VERTEX_POINT('',#4634);
#1361=VERTEX_POINT('',#4638);
#1362=VERTEX_POINT('',#4639);
#1363=VERTEX_POINT('',#4641);
#1364=VERTEX_POINT('',#4643);
#1365=VERTEX_POINT('',#4647);
#1366=VERTEX_POINT('',#4648);
#1367=VERTEX_POINT('',#4653);
#1368=VERTEX_POINT('',#4654);
#1369=VERTEX_POINT('',#4662);
#1370=VERTEX_POINT('',#4664);
#1371=VERTEX_POINT('',#4669);
#1372=VERTEX_POINT('',#4670);
#1373=VERTEX_POINT('',#4672);
#1374=VERTEX_POINT('',#4674);
#1375=VERTEX_POINT('',#4681);
#1376=VERTEX_POINT('',#4683);
#1377=VERTEX_POINT('',#4687);
#1378=VERTEX_POINT('',#4689);
#1379=VERTEX_POINT('',#4691);
#1380=VERTEX_POINT('',#4693);
#1381=VERTEX_POINT('',#4696);
#1382=VERTEX_POINT('',#4698);
#1383=VERTEX_POINT('',#4700);
#1384=VERTEX_POINT('',#4704);
#1385=VERTEX_POINT('',#4706);
#1386=VERTEX_POINT('',#4710);
#1387=VERTEX_POINT('',#4711);
#1388=VERTEX_POINT('',#4713);
#1389=VERTEX_POINT('',#4715);
#1390=VERTEX_POINT('',#4720);
#1391=VERTEX_POINT('',#4722);
#1392=VERTEX_POINT('',#4726);
#1393=VERTEX_POINT('',#4730);
#1394=VERTEX_POINT('',#4739);
#1395=VERTEX_POINT('',#4741);
#1396=VERTEX_POINT('',#4743);
#1397=VERTEX_POINT('',#4745);
#1398=VERTEX_POINT('',#4747);
#1399=VERTEX_POINT('',#4749);
#1400=VERTEX_POINT('',#4751);
#1401=VERTEX_POINT('',#4753);
#1402=VERTEX_POINT('',#4755);
#1403=VERTEX_POINT('',#4757);
#1404=VERTEX_POINT('',#4759);
#1405=VERTEX_POINT('',#4763);
#1406=VERTEX_POINT('',#4767);
#1407=VERTEX_POINT('',#4768);
#1408=VERTEX_POINT('',#4773);
#1409=VERTEX_POINT('',#4777);
#1410=VERTEX_POINT('',#4778);
#1411=VERTEX_POINT('',#4783);
#1412=VERTEX_POINT('',#4787);
#1413=VERTEX_POINT('',#4791);
#1414=VERTEX_POINT('',#4793);
#1415=VERTEX_POINT('',#4801);
#1416=VERTEX_POINT('',#4804);
#1417=VERTEX_POINT('',#4811);
#1418=VERTEX_POINT('',#4818);
#1419=VERTEX_POINT('',#4822);
#1420=VERTEX_POINT('',#4828);
#1421=VERTEX_POINT('',#4834);
#1422=VERTEX_POINT('',#4835);
#1423=VERTEX_POINT('',#4845);
#1424=VERTEX_POINT('',#4847);
#1425=VERTEX_POINT('',#4851);
#1426=VERTEX_POINT('',#4852);
#1427=VERTEX_POINT('',#4854);
#1428=VERTEX_POINT('',#4856);
#1429=VERTEX_POINT('',#4860);
#1430=VERTEX_POINT('',#4862);
#1431=VERTEX_POINT('',#4864);
#1432=VERTEX_POINT('',#4866);
#1433=VERTEX_POINT('',#4870);
#1434=VERTEX_POINT('',#4872);
#1435=VERTEX_POINT('',#4874);
#1436=VERTEX_POINT('',#4878);
#1437=VERTEX_POINT('',#4880);
#1438=VERTEX_POINT('',#4884);
#1439=VERTEX_POINT('',#4886);
#1440=VERTEX_POINT('',#4888);
#1441=VERTEX_POINT('',#4901);
#1442=VERTEX_POINT('',#4902);
#1443=VERTEX_POINT('',#4904);
#1444=VERTEX_POINT('',#4906);
#1445=VERTEX_POINT('',#4910);
#1446=VERTEX_POINT('',#4912);
#1447=VERTEX_POINT('',#4916);
#1448=VERTEX_POINT('',#4918);
#1449=VERTEX_POINT('',#4920);
#1450=VERTEX_POINT('',#4923);
#1451=VERTEX_POINT('',#4926);
#1452=VERTEX_POINT('',#4930);
#1453=VERTEX_POINT('',#4932);
#1454=VERTEX_POINT('',#4935);
#1455=EDGE_CURVE('',#1179,#1180,#531,.T.);
#1456=EDGE_CURVE('',#1179,#1181,#532,.T.);
#1457=EDGE_CURVE('',#1182,#1181,#533,.T.);
#1458=EDGE_CURVE('',#1180,#1182,#534,.T.);
#1459=EDGE_CURVE('',#1181,#1183,#535,.T.);
#1460=EDGE_CURVE('',#1183,#1184,#536,.T.);
#1461=EDGE_CURVE('',#1184,#1182,#537,.T.);
#1462=EDGE_CURVE('',#1180,#1185,#538,.T.);
#1463=EDGE_CURVE('',#1185,#1186,#539,.T.);
#1464=EDGE_CURVE('',#1186,#1179,#540,.T.);
#1465=EDGE_CURVE('',#1187,#1188,#541,.T.);
#1466=EDGE_CURVE('',#1188,#1184,#542,.T.);
#1467=EDGE_CURVE('',#1187,#1183,#543,.T.);
#1468=EDGE_CURVE('',#1189,#1190,#544,.T.);
#1469=EDGE_CURVE('',#1188,#1190,#545,.T.);
#1470=EDGE_CURVE('',#1189,#1187,#546,.T.);
#1471=EDGE_CURVE('',#1191,#1191,#47,.T.);
#1472=EDGE_CURVE('',#1191,#1192,#547,.T.);
#1473=EDGE_CURVE('',#1192,#1192,#48,.T.);
#1474=EDGE_CURVE('',#1193,#1193,#49,.T.);
#1475=EDGE_CURVE('',#1193,#1194,#548,.T.);
#1476=EDGE_CURVE('',#1194,#1194,#50,.T.);
#1477=EDGE_CURVE('',#1195,#1196,#549,.T.);
#1478=EDGE_CURVE('',#1197,#1195,#550,.T.);
#1479=EDGE_CURVE('',#1198,#1197,#551,.T.);
#1480=EDGE_CURVE('',#1196,#1198,#552,.T.);
#1481=EDGE_CURVE('',#1199,#1200,#553,.T.);
#1482=EDGE_CURVE('',#1201,#1199,#554,.T.);
#1483=EDGE_CURVE('',#1202,#1201,#555,.T.);
#1484=EDGE_CURVE('',#1200,#1202,#556,.T.);
#1485=EDGE_CURVE('',#1203,#1201,#557,.T.);
#1486=EDGE_CURVE('',#1203,#1204,#558,.T.);
#1487=EDGE_CURVE('',#1202,#1204,#559,.T.);
#1488=EDGE_CURVE('',#1205,#1196,#560,.T.);
#1489=EDGE_CURVE('',#1205,#1206,#561,.T.);
#1490=EDGE_CURVE('',#1195,#1206,#562,.T.);
#1491=EDGE_CURVE('',#1196,#1199,#563,.T.);
#1492=EDGE_CURVE('',#1207,#1198,#564,.T.);
#1493=EDGE_CURVE('',#1207,#1208,#565,.T.);
#1494=EDGE_CURVE('',#1208,#1209,#566,.T.);
#1495=EDGE_CURVE('',#1209,#1210,#567,.T.);
#1496=EDGE_CURVE('',#1201,#1210,#568,.T.);
#1497=EDGE_CURVE('',#1211,#1200,#569,.T.);
#1498=EDGE_CURVE('',#1212,#1211,#570,.T.);
#1499=EDGE_CURVE('',#1199,#1212,#571,.T.);
#1500=EDGE_CURVE('',#1204,#1211,#572,.T.);
#1501=EDGE_CURVE('',#1205,#1212,#573,.T.);
#1502=EDGE_CURVE('',#1213,#1197,#574,.T.);
#1503=EDGE_CURVE('',#1214,#1213,#575,.T.);
#1504=EDGE_CURVE('',#1198,#1214,#576,.T.);
#1505=EDGE_CURVE('',#1206,#1213,#577,.T.);
#1506=EDGE_CURVE('',#1210,#1215,#578,.T.);
#1507=EDGE_CURVE('',#1216,#1215,#579,.T.);
#1508=EDGE_CURVE('',#1217,#1216,#580,.T.);
#1509=EDGE_CURVE('',#1217,#1218,#581,.T.);
#1510=EDGE_CURVE('',#1218,#1219,#582,.T.);
#1511=EDGE_CURVE('',#1219,#1220,#583,.T.);
#1512=EDGE_CURVE('',#1221,#1220,#584,.T.);
#1513=EDGE_CURVE('',#1203,#1221,#585,.T.);
#1514=EDGE_CURVE('',#1222,#1223,#586,.T.);
#1515=EDGE_CURVE('',#1223,#1224,#587,.T.);
#1516=EDGE_CURVE('',#1224,#1225,#588,.T.);
#1517=EDGE_CURVE('',#1225,#1222,#589,.T.);
#1518=EDGE_CURVE('',#1226,#1214,#590,.T.);
#1519=EDGE_CURVE('',#1227,#1226,#51,.T.);
#1520=EDGE_CURVE('',#1228,#1227,#591,.T.);
#1521=EDGE_CURVE('',#1229,#1228,#592,.T.);
#1522=EDGE_CURVE('',#1229,#1230,#593,.T.);
#1523=EDGE_CURVE('',#1230,#1207,#52,.T.);
#1524=EDGE_CURVE('',#1231,#1231,#53,.T.);
#1525=EDGE_CURVE('',#1231,#1232,#594,.T.);
#1526=EDGE_CURVE('',#1232,#1232,#54,.T.);
#1527=EDGE_CURVE('',#1233,#1234,#55,.T.);
#1528=EDGE_CURVE('',#1234,#1235,#595,.T.);
#1529=EDGE_CURVE('',#1235,#1236,#56,.T.);
#1530=EDGE_CURVE('',#1236,#1233,#596,.T.);
#1531=EDGE_CURVE('',#1237,#1235,#597,.T.);
#1532=EDGE_CURVE('',#1215,#1237,#57,.T.);
#1533=EDGE_CURVE('',#1209,#1236,#598,.T.);
#1534=EDGE_CURVE('',#1234,#1238,#599,.T.);
#1535=EDGE_CURVE('',#1237,#1238,#600,.T.);
#1536=EDGE_CURVE('',#1238,#1216,#58,.T.);
#1537=EDGE_CURVE('',#1239,#1233,#601,.T.);
#1538=EDGE_CURVE('',#1217,#1239,#602,.T.);
#1539=EDGE_CURVE('',#1239,#1240,#603,.T.);
#1540=EDGE_CURVE('',#1240,#1218,#604,.T.);
#1541=EDGE_CURVE('',#1241,#1227,#605,.T.);
#1542=EDGE_CURVE('',#1242,#1226,#606,.T.);
#1543=EDGE_CURVE('',#1241,#1242,#59,.T.);
#1544=EDGE_CURVE('',#1230,#1243,#607,.T.);
#1545=EDGE_CURVE('',#1243,#1208,#60,.T.);
#1546=EDGE_CURVE('',#1228,#1244,#608,.T.);
#1547=EDGE_CURVE('',#1244,#1241,#609,.T.);
#1548=EDGE_CURVE('',#1245,#1229,#610,.T.);
#1549=EDGE_CURVE('',#1245,#1243,#611,.T.);
#1550=EDGE_CURVE('',#1244,#1245,#612,.T.);
#1551=EDGE_CURVE('',#1246,#1246,#61,.T.);
#1552=EDGE_CURVE('',#1246,#1247,#613,.T.);
#1553=EDGE_CURVE('',#1247,#1247,#62,.T.);
#1554=EDGE_CURVE('',#1248,#1249,#614,.T.);
#1555=EDGE_CURVE('',#1250,#1248,#615,.T.);
#1556=EDGE_CURVE('',#1250,#1251,#616,.T.);
#1557=EDGE_CURVE('',#1249,#1251,#617,.T.);
#1558=EDGE_CURVE('',#1251,#1189,#618,.T.);
#1559=EDGE_CURVE('',#1190,#1250,#619,.T.);
#1560=EDGE_CURVE('',#1252,#1249,#620,.T.);
#1561=EDGE_CURVE('',#1253,#1252,#621,.T.);
#1562=EDGE_CURVE('',#1253,#1248,#622,.T.);
#1563=EDGE_CURVE('',#1254,#1186,#623,.T.);
#1564=EDGE_CURVE('',#1255,#1254,#63,.T.);
#1565=EDGE_CURVE('',#1256,#1255,#624,.T.);
#1566=EDGE_CURVE('',#1220,#1256,#64,.T.);
#1567=EDGE_CURVE('',#1219,#1257,#625,.T.);
#1568=EDGE_CURVE('',#1257,#1258,#626,.T.);
#1569=EDGE_CURVE('',#1259,#1258,#65,.T.);
#1570=EDGE_CURVE('',#1259,#1260,#627,.T.);
#1571=EDGE_CURVE('',#1252,#1260,#66,.T.);
#1572=EDGE_CURVE('',#1261,#1261,#67,.T.);
#1573=EDGE_CURVE('',#1261,#1262,#628,.T.);
#1574=EDGE_CURVE('',#1262,#1262,#68,.T.);
#1575=EDGE_CURVE('',#1263,#1264,#69,.T.);
#1576=EDGE_CURVE('',#1264,#1265,#629,.T.);
#1577=EDGE_CURVE('',#1265,#1266,#70,.T.);
#1578=EDGE_CURVE('',#1266,#1263,#630,.T.);
#1579=EDGE_CURVE('',#1267,#1265,#631,.T.);
#1580=EDGE_CURVE('',#1268,#1267,#71,.T.);
#1581=EDGE_CURVE('',#1223,#1268,#632,.T.);
#1582=EDGE_CURVE('',#1222,#1266,#633,.T.);
#1583=EDGE_CURVE('',#1264,#1269,#634,.T.);
#1584=EDGE_CURVE('',#1267,#1269,#635,.T.);
#1585=EDGE_CURVE('',#1269,#1270,#72,.T.);
#1586=EDGE_CURVE('',#1270,#1268,#636,.T.);
#1587=EDGE_CURVE('',#1224,#1270,#637,.T.);
#1588=EDGE_CURVE('',#1225,#1263,#638,.T.);
#1589=EDGE_CURVE('',#1257,#1271,#639,.T.);
#1590=EDGE_CURVE('',#1219,#1272,#640,.T.);
#1591=EDGE_CURVE('',#1273,#1272,#641,.T.);
#1592=EDGE_CURVE('',#1274,#1273,#73,.T.);
#1593=EDGE_CURVE('',#1275,#1274,#642,.T.);
#1594=EDGE_CURVE('',#1276,#1275,#74,.T.);
#1595=EDGE_CURVE('',#1277,#1276,#643,.T.);
#1596=EDGE_CURVE('',#1277,#1278,#644,.T.);
#1597=EDGE_CURVE('',#1278,#1279,#645,.T.);
#1598=EDGE_CURVE('',#1280,#1279,#75,.T.);
#1599=EDGE_CURVE('',#1280,#1281,#646,.T.);
#1600=EDGE_CURVE('',#1271,#1281,#76,.T.);
#1601=EDGE_CURVE('',#1282,#1218,#647,.T.);
#1602=EDGE_CURVE('',#1272,#1282,#648,.T.);
#1603=EDGE_CURVE('',#1283,#1284,#77,.T.);
#1604=EDGE_CURVE('',#1284,#1280,#649,.T.);
#1605=EDGE_CURVE('',#1279,#1283,#650,.T.);
#1606=EDGE_CURVE('',#1284,#1285,#651,.T.);
#1607=EDGE_CURVE('',#1281,#1285,#652,.T.);
#1608=EDGE_CURVE('',#1286,#1287,#78,.T.);
#1609=EDGE_CURVE('',#1287,#1276,#653,.T.);
#1610=EDGE_CURVE('',#1275,#1286,#654,.T.);
#1611=EDGE_CURVE('',#1288,#1287,#655,.T.);
#1612=EDGE_CURVE('',#1288,#1277,#656,.T.);
#1613=EDGE_CURVE('',#1271,#1289,#657,.T.);
#1614=EDGE_CURVE('',#1285,#1289,#79,.T.);
#1615=EDGE_CURVE('',#1273,#1290,#658,.T.);
#1616=EDGE_CURVE('',#1290,#1291,#80,.T.);
#1617=EDGE_CURVE('',#1291,#1274,#659,.T.);
#1618=EDGE_CURVE('',#1286,#1291,#660,.T.);
#1619=EDGE_CURVE('',#1290,#1282,#661,.T.);
#1620=EDGE_CURVE('',#1289,#1240,#662,.T.);
#1621=EDGE_CURVE('',#1292,#1283,#663,.T.);
#1622=EDGE_CURVE('',#1292,#1288,#664,.T.);
#1623=EDGE_CURVE('',#1278,#1292,#665,.T.);
#1624=EDGE_CURVE('',#1242,#1293,#666,.T.);
#1625=EDGE_CURVE('',#1258,#1293,#667,.T.);
#1626=EDGE_CURVE('',#1294,#1253,#81,.T.);
#1627=EDGE_CURVE('',#1260,#1294,#668,.T.);
#1628=EDGE_CURVE('',#1295,#1259,#669,.T.);
#1629=EDGE_CURVE('',#1295,#1294,#670,.T.);
#1630=EDGE_CURVE('',#1293,#1295,#82,.T.);
#1631=EDGE_CURVE('',#1256,#1296,#671,.T.);
#1632=EDGE_CURVE('',#1296,#1221,#83,.T.);
#1633=EDGE_CURVE('',#1297,#1298,#84,.T.);
#1634=EDGE_CURVE('',#1298,#1255,#672,.T.);
#1635=EDGE_CURVE('',#1254,#1297,#673,.T.);
#1636=EDGE_CURVE('',#1296,#1298,#674,.T.);
#1637=EDGE_CURVE('',#1297,#1185,#675,.T.);
#1638=EDGE_CURVE('',#1299,#1299,#85,.T.);
#1639=EDGE_CURVE('',#1299,#1300,#676,.T.);
#1640=EDGE_CURVE('',#1300,#1300,#86,.T.);
#1641=EDGE_CURVE('',#1301,#1302,#87,.T.);
#1642=EDGE_CURVE('',#1302,#1303,#677,.T.);
#1643=EDGE_CURVE('',#1303,#1304,#88,.T.);
#1644=EDGE_CURVE('',#1304,#1301,#678,.T.);
#1645=EDGE_CURVE('',#1304,#1305,#679,.T.);
#1646=EDGE_CURVE('',#1306,#1305,#89,.T.);
#1647=EDGE_CURVE('',#1307,#1306,#680,.T.);
#1648=EDGE_CURVE('',#1308,#1307,#90,.T.);
#1649=EDGE_CURVE('',#1308,#1301,#681,.T.);
#1650=EDGE_CURVE('',#1309,#1303,#682,.T.);
#1651=EDGE_CURVE('',#1310,#1309,#91,.T.);
#1652=EDGE_CURVE('',#1310,#1311,#683,.T.);
#1653=EDGE_CURVE('',#1305,#1311,#684,.T.);
#1654=EDGE_CURVE('',#1309,#1312,#685,.T.);
#1655=EDGE_CURVE('',#1312,#1313,#92,.T.);
#1656=EDGE_CURVE('',#1313,#1310,#686,.T.);
#1657=EDGE_CURVE('',#1313,#1314,#687,.T.);
#1658=EDGE_CURVE('',#1315,#1314,#93,.T.);
#1659=EDGE_CURVE('',#1316,#1315,#688,.T.);
#1660=EDGE_CURVE('',#1311,#1316,#94,.T.);
#1661=EDGE_CURVE('',#1316,#1306,#689,.T.);
#1662=EDGE_CURVE('',#1307,#1315,#690,.T.);
#1663=EDGE_CURVE('',#1314,#1308,#691,.T.);
#1664=EDGE_CURVE('',#1302,#1312,#692,.T.);
#1665=EDGE_CURVE('',#1317,#1318,#693,.T.);
#1666=EDGE_CURVE('',#1317,#1319,#694,.T.);
#1667=EDGE_CURVE('',#1320,#1319,#695,.T.);
#1668=EDGE_CURVE('',#1318,#1320,#696,.T.);
#1669=EDGE_CURVE('',#1319,#1321,#697,.T.);
#1670=EDGE_CURVE('',#1321,#1322,#698,.T.);
#1671=EDGE_CURVE('',#1322,#1320,#699,.T.);
#1672=EDGE_CURVE('',#1318,#1323,#700,.T.);
#1673=EDGE_CURVE('',#1323,#1324,#701,.T.);
#1674=EDGE_CURVE('',#1324,#1317,#702,.T.);
#1675=EDGE_CURVE('',#1325,#1326,#703,.T.);
#1676=EDGE_CURVE('',#1325,#1322,#704,.T.);
#1677=EDGE_CURVE('',#1326,#1321,#705,.T.);
#1678=EDGE_CURVE('',#1327,#1328,#706,.T.);
#1679=EDGE_CURVE('',#1327,#1325,#707,.T.);
#1680=EDGE_CURVE('',#1326,#1328,#708,.T.);
#1681=EDGE_CURVE('',#1329,#1329,#95,.T.);
#1682=EDGE_CURVE('',#1329,#1330,#709,.T.);
#1683=EDGE_CURVE('',#1330,#1330,#96,.T.);
#1684=EDGE_CURVE('',#1331,#1331,#97,.T.);
#1685=EDGE_CURVE('',#1331,#1332,#710,.T.);
#1686=EDGE_CURVE('',#1332,#1332,#98,.T.);
#1687=EDGE_CURVE('',#1333,#1334,#711,.T.);
#1688=EDGE_CURVE('',#1335,#1333,#712,.T.);
#1689=EDGE_CURVE('',#1336,#1335,#713,.T.);
#1690=EDGE_CURVE('',#1334,#1336,#714,.T.);
#1691=EDGE_CURVE('',#1337,#1338,#715,.T.);
#1692=EDGE_CURVE('',#1339,#1337,#716,.T.);
#1693=EDGE_CURVE('',#1340,#1339,#717,.T.);
#1694=EDGE_CURVE('',#1338,#1340,#718,.T.);
#1695=EDGE_CURVE('',#1341,#1339,#719,.T.);
#1696=EDGE_CURVE('',#1342,#1341,#720,.T.);
#1697=EDGE_CURVE('',#1340,#1342,#721,.T.);
#1698=EDGE_CURVE('',#1337,#1343,#722,.T.);
#1699=EDGE_CURVE('',#1343,#1341,#723,.T.);
#1700=EDGE_CURVE('',#1344,#1338,#724,.T.);
#1701=EDGE_CURVE('',#1344,#1343,#725,.T.);
#1702=EDGE_CURVE('',#1336,#1345,#726,.T.);
#1703=EDGE_CURVE('',#1345,#1346,#727,.T.);
#1704=EDGE_CURVE('',#1346,#1334,#728,.T.);
#1705=EDGE_CURVE('',#1347,#1335,#729,.T.);
#1706=EDGE_CURVE('',#1347,#1345,#730,.T.);
#1707=EDGE_CURVE('',#1333,#1338,#731,.T.);
#1708=EDGE_CURVE('',#1333,#1348,#732,.T.);
#1709=EDGE_CURVE('',#1348,#1344,#733,.T.);
#1710=EDGE_CURVE('',#1342,#1349,#734,.T.);
#1711=EDGE_CURVE('',#1349,#1350,#735,.T.);
#1712=EDGE_CURVE('',#1351,#1350,#736,.T.);
#1713=EDGE_CURVE('',#1352,#1351,#737,.T.);
#1714=EDGE_CURVE('',#1340,#1352,#738,.T.);
#1715=EDGE_CURVE('',#1353,#1354,#739,.T.);
#1716=EDGE_CURVE('',#1355,#1353,#740,.T.);
#1717=EDGE_CURVE('',#1356,#1355,#741,.T.);
#1718=EDGE_CURVE('',#1354,#1356,#742,.T.);
#1719=EDGE_CURVE('',#1348,#1346,#743,.T.);
#1720=EDGE_CURVE('',#1357,#1358,#744,.T.);
#1721=EDGE_CURVE('',#1357,#1359,#99,.T.);
#1722=EDGE_CURVE('',#1359,#1360,#745,.T.);
#1723=EDGE_CURVE('',#1358,#1360,#100,.T.);
#1724=EDGE_CURVE('',#1361,#1362,#746,.T.);
#1725=EDGE_CURVE('',#1361,#1363,#101,.T.);
#1726=EDGE_CURVE('',#1363,#1364,#747,.T.);
#1727=EDGE_CURVE('',#1362,#1364,#102,.T.);
#1728=EDGE_CURVE('',#1365,#1366,#748,.T.);
#1729=EDGE_CURVE('',#1366,#1357,#749,.T.);
#1730=EDGE_CURVE('',#1365,#1358,#750,.T.);
#1731=EDGE_CURVE('',#1367,#1368,#751,.T.);
#1732=EDGE_CURVE('',#1368,#1361,#752,.T.);
#1733=EDGE_CURVE('',#1367,#1362,#753,.T.);
#1734=EDGE_CURVE('',#1366,#1367,#754,.T.);
#1735=EDGE_CURVE('',#1368,#1365,#755,.T.);
#1736=EDGE_CURVE('',#1369,#1369,#103,.T.);
#1737=EDGE_CURVE('',#1369,#1370,#756,.T.);
#1738=EDGE_CURVE('',#1370,#1370,#104,.T.);
#1739=EDGE_CURVE('',#1371,#1372,#757,.T.);
#1740=EDGE_CURVE('',#1372,#1373,#758,.T.);
#1741=EDGE_CURVE('',#1374,#1373,#759,.T.);
#1742=EDGE_CURVE('',#1374,#1371,#760,.T.);
#1743=EDGE_CURVE('',#1373,#1327,#761,.T.);
#1744=EDGE_CURVE('',#1328,#1374,#762,.T.);
#1745=EDGE_CURVE('',#1375,#1371,#763,.T.);
#1746=EDGE_CURVE('',#1375,#1376,#764,.T.);
#1747=EDGE_CURVE('',#1376,#1372,#765,.T.);
#1748=EDGE_CURVE('',#1376,#1377,#105,.T.);
#1749=EDGE_CURVE('',#1378,#1377,#766,.T.);
#1750=EDGE_CURVE('',#1378,#1379,#106,.T.);
#1751=EDGE_CURVE('',#1380,#1379,#767,.T.);
#1752=EDGE_CURVE('',#1351,#1380,#768,.T.);
#1753=EDGE_CURVE('',#1350,#1381,#107,.T.);
#1754=EDGE_CURVE('',#1381,#1382,#769,.T.);
#1755=EDGE_CURVE('',#1382,#1383,#108,.T.);
#1756=EDGE_CURVE('',#1383,#1323,#770,.T.);
#1757=EDGE_CURVE('',#1384,#1384,#109,.T.);
#1758=EDGE_CURVE('',#1384,#1385,#771,.T.);
#1759=EDGE_CURVE('',#1385,#1385,#110,.T.);
#1760=EDGE_CURVE('',#1386,#1387,#111,.T.);
#1761=EDGE_CURVE('',#1388,#1386,#772,.T.);
#1762=EDGE_CURVE('',#1389,#1388,#112,.T.);
#1763=EDGE_CURVE('',#1387,#1389,#773,.T.);
#1764=EDGE_CURVE('',#1353,#1388,#774,.T.);
#1765=EDGE_CURVE('',#1354,#1390,#775,.T.);
#1766=EDGE_CURVE('',#1390,#1391,#113,.T.);
#1767=EDGE_CURVE('',#1391,#1389,#776,.T.);
#1768=EDGE_CURVE('',#1391,#1392,#777,.T.);
#1769=EDGE_CURVE('',#1387,#1392,#778,.T.);
#1770=EDGE_CURVE('',#1393,#1390,#779,.T.);
#1771=EDGE_CURVE('',#1392,#1393,#114,.T.);
#1772=EDGE_CURVE('',#1356,#1393,#780,.T.);
#1773=EDGE_CURVE('',#1355,#1386,#781,.T.);
#1774=EDGE_CURVE('',#1380,#1394,#782,.T.);
#1775=EDGE_CURVE('',#1394,#1395,#115,.T.);
#1776=EDGE_CURVE('',#1396,#1395,#783,.T.);
#1777=EDGE_CURVE('',#1396,#1397,#116,.T.);
#1778=EDGE_CURVE('',#1398,#1397,#784,.T.);
#1779=EDGE_CURVE('',#1399,#1398,#785,.T.);
#1780=EDGE_CURVE('',#1399,#1400,#786,.T.);
#1781=EDGE_CURVE('',#1400,#1401,#117,.T.);
#1782=EDGE_CURVE('',#1401,#1402,#787,.T.);
#1783=EDGE_CURVE('',#1402,#1403,#118,.T.);
#1784=EDGE_CURVE('',#1403,#1404,#788,.T.);
#1785=EDGE_CURVE('',#1351,#1404,#789,.T.);
#1786=EDGE_CURVE('',#1404,#1405,#790,.T.);
#1787=EDGE_CURVE('',#1405,#1352,#791,.T.);
#1788=EDGE_CURVE('',#1406,#1407,#119,.T.);
#1789=EDGE_CURVE('',#1397,#1406,#792,.T.);
#1790=EDGE_CURVE('',#1407,#1396,#793,.T.);
#1791=EDGE_CURVE('',#1395,#1408,#794,.T.);
#1792=EDGE_CURVE('',#1407,#1408,#795,.T.);
#1793=EDGE_CURVE('',#1409,#1410,#120,.T.);
#1794=EDGE_CURVE('',#1401,#1409,#796,.T.);
#1795=EDGE_CURVE('',#1410,#1400,#797,.T.);
#1796=EDGE_CURVE('',#1411,#1399,#798,.T.);
#1797=EDGE_CURVE('',#1411,#1410,#799,.T.);
#1798=EDGE_CURVE('',#1394,#1412,#800,.T.);
#1799=EDGE_CURVE('',#1408,#1412,#121,.T.);
#1800=EDGE_CURVE('',#1413,#1402,#801,.T.);
#1801=EDGE_CURVE('',#1414,#1413,#122,.T.);
#1802=EDGE_CURVE('',#1403,#1414,#802,.T.);
#1803=EDGE_CURVE('',#1409,#1413,#803,.T.);
#1804=EDGE_CURVE('',#1414,#1405,#804,.T.);
#1805=EDGE_CURVE('',#1412,#1415,#805,.T.);
#1806=EDGE_CURVE('',#1415,#1352,#806,.T.);
#1807=EDGE_CURVE('',#1416,#1411,#807,.T.);
#1808=EDGE_CURVE('',#1416,#1406,#808,.T.);
#1809=EDGE_CURVE('',#1398,#1416,#809,.T.);
#1810=EDGE_CURVE('',#1379,#1417,#810,.T.);
#1811=EDGE_CURVE('',#1359,#1417,#811,.T.);
#1812=EDGE_CURVE('',#1364,#1415,#812,.T.);
#1813=EDGE_CURVE('',#1363,#1335,#813,.T.);
#1814=EDGE_CURVE('',#1418,#1375,#123,.T.);
#1815=EDGE_CURVE('',#1377,#1418,#814,.T.);
#1816=EDGE_CURVE('',#1419,#1418,#815,.T.);
#1817=EDGE_CURVE('',#1419,#1378,#816,.T.);
#1818=EDGE_CURVE('',#1417,#1419,#124,.T.);
#1819=EDGE_CURVE('',#1420,#1349,#125,.T.);
#1820=EDGE_CURVE('',#1381,#1420,#817,.T.);
#1821=EDGE_CURVE('',#1360,#1347,#818,.T.);
#1822=EDGE_CURVE('',#1421,#1422,#126,.T.);
#1823=EDGE_CURVE('',#1383,#1421,#819,.T.);
#1824=EDGE_CURVE('',#1422,#1382,#820,.T.);
#1825=EDGE_CURVE('',#1420,#1422,#821,.T.);
#1826=EDGE_CURVE('',#1421,#1324,#822,.T.);
#1827=EDGE_CURVE('',#1423,#1423,#127,.T.);
#1828=EDGE_CURVE('',#1423,#1424,#823,.T.);
#1829=EDGE_CURVE('',#1424,#1424,#128,.T.);
#1830=EDGE_CURVE('',#1425,#1426,#129,.T.);
#1831=EDGE_CURVE('',#1427,#1425,#824,.T.);
#1832=EDGE_CURVE('',#1428,#1427,#130,.T.);
#1833=EDGE_CURVE('',#1426,#1428,#825,.T.);
#1834=EDGE_CURVE('',#1429,#1425,#826,.T.);
#1835=EDGE_CURVE('',#1429,#1430,#131,.T.);
#1836=EDGE_CURVE('',#1430,#1431,#827,.T.);
#1837=EDGE_CURVE('',#1431,#1432,#132,.T.);
#1838=EDGE_CURVE('',#1427,#1432,#828,.T.);
#1839=EDGE_CURVE('',#1432,#1433,#829,.T.);
#1840=EDGE_CURVE('',#1434,#1433,#830,.T.);
#1841=EDGE_CURVE('',#1434,#1435,#133,.T.);
#1842=EDGE_CURVE('',#1435,#1428,#831,.T.);
#1843=EDGE_CURVE('',#1436,#1434,#832,.T.);
#1844=EDGE_CURVE('',#1437,#1436,#134,.T.);
#1845=EDGE_CURVE('',#1435,#1437,#833,.T.);
#1846=EDGE_CURVE('',#1433,#1438,#135,.T.);
#1847=EDGE_CURVE('',#1438,#1439,#834,.T.);
#1848=EDGE_CURVE('',#1439,#1440,#136,.T.);
#1849=EDGE_CURVE('',#1436,#1440,#835,.T.);
#1850=EDGE_CURVE('',#1438,#1431,#836,.T.);
#1851=EDGE_CURVE('',#1430,#1439,#837,.T.);
#1852=EDGE_CURVE('',#1440,#1429,#838,.T.);
#1853=EDGE_CURVE('',#1426,#1437,#839,.T.);
#1854=EDGE_CURVE('',#1441,#1442,#137,.T.);
#1855=EDGE_CURVE('',#1442,#1443,#840,.T.);
#1856=EDGE_CURVE('',#1443,#1444,#138,.T.);
#1857=EDGE_CURVE('',#1444,#1441,#841,.T.);
#1858=EDGE_CURVE('',#1442,#1445,#842,.T.);
#1859=EDGE_CURVE('',#1446,#1445,#843,.T.);
#1860=EDGE_CURVE('',#1446,#1443,#844,.T.);
#1861=EDGE_CURVE('',#1447,#1441,#845,.T.);
#1862=EDGE_CURVE('',#1447,#1448,#846,.T.);
#1863=EDGE_CURVE('',#1448,#1449,#847,.T.);
#1864=EDGE_CURVE('',#1445,#1449,#139,.T.);
#1865=EDGE_CURVE('',#1450,#1450,#140,.T.);
#1866=EDGE_CURVE('',#1451,#1446,#141,.T.);
#1867=EDGE_CURVE('',#1449,#1451,#848,.T.);
#1868=EDGE_CURVE('',#1452,#1451,#849,.T.);
#1869=EDGE_CURVE('',#1452,#1453,#850,.T.);
#1870=EDGE_CURVE('',#1453,#1444,#851,.T.);
#1871=EDGE_CURVE('',#1454,#1454,#142,.T.);
#1872=EDGE_CURVE('',#1448,#1452,#852,.T.);
#1873=EDGE_CURVE('',#1450,#1454,#853,.T.);
#1874=EDGE_CURVE('',#1453,#1447,#854,.T.);
#1875=ORIENTED_EDGE('',*,*,#1455,.F.);
#1876=ORIENTED_EDGE('',*,*,#1456,.T.);
#1877=ORIENTED_EDGE('',*,*,#1457,.F.);
#1878=ORIENTED_EDGE('',*,*,#1458,.F.);
#1879=ORIENTED_EDGE('',*,*,#1457,.T.);
#1880=ORIENTED_EDGE('',*,*,#1459,.T.);
#1881=ORIENTED_EDGE('',*,*,#1460,.T.);
#1882=ORIENTED_EDGE('',*,*,#1461,.T.);
#1883=ORIENTED_EDGE('',*,*,#1455,.T.);
#1884=ORIENTED_EDGE('',*,*,#1462,.T.);
#1885=ORIENTED_EDGE('',*,*,#1463,.T.);
#1886=ORIENTED_EDGE('',*,*,#1464,.T.);
#1887=ORIENTED_EDGE('',*,*,#1465,.T.);
#1888=ORIENTED_EDGE('',*,*,#1466,.T.);
#1889=ORIENTED_EDGE('',*,*,#1460,.F.);
#1890=ORIENTED_EDGE('',*,*,#1467,.F.);
#1891=ORIENTED_EDGE('',*,*,#1468,.T.);
#1892=ORIENTED_EDGE('',*,*,#1469,.F.);
#1893=ORIENTED_EDGE('',*,*,#1465,.F.);
#1894=ORIENTED_EDGE('',*,*,#1470,.F.);
#1895=ORIENTED_EDGE('',*,*,#1471,.F.);
#1896=ORIENTED_EDGE('',*,*,#1472,.T.);
#1897=ORIENTED_EDGE('',*,*,#1473,.F.);
#1898=ORIENTED_EDGE('',*,*,#1472,.F.);
#1899=ORIENTED_EDGE('',*,*,#1474,.F.);
#1900=ORIENTED_EDGE('',*,*,#1475,.T.);
#1901=ORIENTED_EDGE('',*,*,#1476,.F.);
#1902=ORIENTED_EDGE('',*,*,#1475,.F.);
#1903=ORIENTED_EDGE('',*,*,#1477,.F.);
#1904=ORIENTED_EDGE('',*,*,#1478,.F.);
#1905=ORIENTED_EDGE('',*,*,#1479,.F.);
#1906=ORIENTED_EDGE('',*,*,#1480,.F.);
#1907=ORIENTED_EDGE('',*,*,#1481,.F.);
#1908=ORIENTED_EDGE('',*,*,#1482,.F.);
#1909=ORIENTED_EDGE('',*,*,#1483,.F.);
#1910=ORIENTED_EDGE('',*,*,#1484,.F.);
#1911=ORIENTED_EDGE('',*,*,#1483,.T.);
#1912=ORIENTED_EDGE('',*,*,#1485,.F.);
#1913=ORIENTED_EDGE('',*,*,#1486,.T.);
#1914=ORIENTED_EDGE('',*,*,#1487,.F.);
#1915=ORIENTED_EDGE('',*,*,#1473,.T.);
#1916=ORIENTED_EDGE('',*,*,#1477,.T.);
#1917=ORIENTED_EDGE('',*,*,#1488,.F.);
#1918=ORIENTED_EDGE('',*,*,#1489,.T.);
#1919=ORIENTED_EDGE('',*,*,#1490,.F.);
#1920=ORIENTED_EDGE('',*,*,#1476,.T.);
#1921=ORIENTED_EDGE('',*,*,#1482,.T.);
#1922=ORIENTED_EDGE('',*,*,#1491,.F.);
#1923=ORIENTED_EDGE('',*,*,#1480,.T.);
#1924=ORIENTED_EDGE('',*,*,#1492,.F.);
#1925=ORIENTED_EDGE('',*,*,#1493,.T.);
#1926=ORIENTED_EDGE('',*,*,#1494,.T.);
#1927=ORIENTED_EDGE('',*,*,#1495,.T.);
#1928=ORIENTED_EDGE('',*,*,#1496,.F.);
#1929=ORIENTED_EDGE('',*,*,#1481,.T.);
#1930=ORIENTED_EDGE('',*,*,#1497,.F.);
#1931=ORIENTED_EDGE('',*,*,#1498,.F.);
#1932=ORIENTED_EDGE('',*,*,#1499,.F.);
#1933=ORIENTED_EDGE('',*,*,#1471,.T.);
#1934=ORIENTED_EDGE('',*,*,#1484,.T.);
#1935=ORIENTED_EDGE('',*,*,#1487,.T.);
#1936=ORIENTED_EDGE('',*,*,#1500,.T.);
#1937=ORIENTED_EDGE('',*,*,#1497,.T.);
#1938=ORIENTED_EDGE('',*,*,#1499,.T.);
#1939=ORIENTED_EDGE('',*,*,#1501,.F.);
#1940=ORIENTED_EDGE('',*,*,#1488,.T.);
#1941=ORIENTED_EDGE('',*,*,#1491,.T.);
#1942=ORIENTED_EDGE('',*,*,#1479,.T.);
#1943=ORIENTED_EDGE('',*,*,#1502,.F.);
#1944=ORIENTED_EDGE('',*,*,#1503,.F.);
#1945=ORIENTED_EDGE('',*,*,#1504,.F.);
#1946=ORIENTED_EDGE('',*,*,#1474,.T.);
#1947=ORIENTED_EDGE('',*,*,#1478,.T.);
#1948=ORIENTED_EDGE('',*,*,#1490,.T.);
#1949=ORIENTED_EDGE('',*,*,#1505,.T.);
#1950=ORIENTED_EDGE('',*,*,#1502,.T.);
#1951=ORIENTED_EDGE('',*,*,#1485,.T.);
#1952=ORIENTED_EDGE('',*,*,#1496,.T.);
#1953=ORIENTED_EDGE('',*,*,#1506,.T.);
#1954=ORIENTED_EDGE('',*,*,#1507,.F.);
#1955=ORIENTED_EDGE('',*,*,#1508,.F.);
#1956=ORIENTED_EDGE('',*,*,#1509,.T.);
#1957=ORIENTED_EDGE('',*,*,#1510,.T.);
#1958=ORIENTED_EDGE('',*,*,#1511,.T.);
#1959=ORIENTED_EDGE('',*,*,#1512,.F.);
#1960=ORIENTED_EDGE('',*,*,#1513,.F.);
#1961=ORIENTED_EDGE('',*,*,#1514,.T.);
#1962=ORIENTED_EDGE('',*,*,#1515,.T.);
#1963=ORIENTED_EDGE('',*,*,#1516,.T.);
#1964=ORIENTED_EDGE('',*,*,#1517,.T.);
#1965=ORIENTED_EDGE('',*,*,#1504,.T.);
#1966=ORIENTED_EDGE('',*,*,#1518,.F.);
#1967=ORIENTED_EDGE('',*,*,#1519,.F.);
#1968=ORIENTED_EDGE('',*,*,#1520,.F.);
#1969=ORIENTED_EDGE('',*,*,#1521,.F.);
#1970=ORIENTED_EDGE('',*,*,#1522,.T.);
#1971=ORIENTED_EDGE('',*,*,#1523,.T.);
#1972=ORIENTED_EDGE('',*,*,#1492,.T.);
#1973=ORIENTED_EDGE('',*,*,#1524,.F.);
#1974=ORIENTED_EDGE('',*,*,#1525,.T.);
#1975=ORIENTED_EDGE('',*,*,#1526,.F.);
#1976=ORIENTED_EDGE('',*,*,#1525,.F.);
#1977=ORIENTED_EDGE('',*,*,#1527,.T.);
#1978=ORIENTED_EDGE('',*,*,#1528,.T.);
#1979=ORIENTED_EDGE('',*,*,#1529,.T.);
#1980=ORIENTED_EDGE('',*,*,#1530,.T.);
#1981=ORIENTED_EDGE('',*,*,#1529,.F.);
#1982=ORIENTED_EDGE('',*,*,#1531,.F.);
#1983=ORIENTED_EDGE('',*,*,#1532,.F.);
#1984=ORIENTED_EDGE('',*,*,#1506,.F.);
#1985=ORIENTED_EDGE('',*,*,#1495,.F.);
#1986=ORIENTED_EDGE('',*,*,#1533,.T.);
#1987=ORIENTED_EDGE('',*,*,#1524,.T.);
#1988=ORIENTED_EDGE('',*,*,#1528,.F.);
#1989=ORIENTED_EDGE('',*,*,#1534,.T.);
#1990=ORIENTED_EDGE('',*,*,#1535,.F.);
#1991=ORIENTED_EDGE('',*,*,#1531,.T.);
#1992=ORIENTED_EDGE('',*,*,#1536,.T.);
#1993=ORIENTED_EDGE('',*,*,#1507,.T.);
#1994=ORIENTED_EDGE('',*,*,#1532,.T.);
#1995=ORIENTED_EDGE('',*,*,#1535,.T.);
#1996=ORIENTED_EDGE('',*,*,#1527,.F.);
#1997=ORIENTED_EDGE('',*,*,#1537,.F.);
#1998=ORIENTED_EDGE('',*,*,#1538,.F.);
#1999=ORIENTED_EDGE('',*,*,#1508,.T.);
#2000=ORIENTED_EDGE('',*,*,#1536,.F.);
#2001=ORIENTED_EDGE('',*,*,#1534,.F.);
#2002=ORIENTED_EDGE('',*,*,#1526,.T.);
#2003=ORIENTED_EDGE('',*,*,#1538,.T.);
#2004=ORIENTED_EDGE('',*,*,#1539,.T.);
#2005=ORIENTED_EDGE('',*,*,#1540,.T.);
#2006=ORIENTED_EDGE('',*,*,#1509,.F.);
#2007=ORIENTED_EDGE('',*,*,#1541,.T.);
#2008=ORIENTED_EDGE('',*,*,#1519,.T.);
#2009=ORIENTED_EDGE('',*,*,#1542,.F.);
#2010=ORIENTED_EDGE('',*,*,#1543,.F.);
#2011=ORIENTED_EDGE('',*,*,#1544,.T.);
#2012=ORIENTED_EDGE('',*,*,#1545,.T.);
#2013=ORIENTED_EDGE('',*,*,#1493,.F.);
#2014=ORIENTED_EDGE('',*,*,#1523,.F.);
#2015=ORIENTED_EDGE('',*,*,#1546,.F.);
#2016=ORIENTED_EDGE('',*,*,#1520,.T.);
#2017=ORIENTED_EDGE('',*,*,#1541,.F.);
#2018=ORIENTED_EDGE('',*,*,#1547,.F.);
#2019=ORIENTED_EDGE('',*,*,#1548,.F.);
#2020=ORIENTED_EDGE('',*,*,#1549,.T.);
#2021=ORIENTED_EDGE('',*,*,#1544,.F.);
#2022=ORIENTED_EDGE('',*,*,#1522,.F.);
#2023=ORIENTED_EDGE('',*,*,#1548,.T.);
#2024=ORIENTED_EDGE('',*,*,#1521,.T.);
#2025=ORIENTED_EDGE('',*,*,#1546,.T.);
#2026=ORIENTED_EDGE('',*,*,#1550,.T.);
#2027=ORIENTED_EDGE('',*,*,#1551,.F.);
#2028=ORIENTED_EDGE('',*,*,#1552,.T.);
#2029=ORIENTED_EDGE('',*,*,#1553,.F.);
#2030=ORIENTED_EDGE('',*,*,#1552,.F.);
#2031=ORIENTED_EDGE('',*,*,#1551,.T.);
#2032=ORIENTED_EDGE('',*,*,#1554,.F.);
#2033=ORIENTED_EDGE('',*,*,#1555,.F.);
#2034=ORIENTED_EDGE('',*,*,#1556,.T.);
#2035=ORIENTED_EDGE('',*,*,#1557,.F.);
#2036=ORIENTED_EDGE('',*,*,#1558,.F.);
#2037=ORIENTED_EDGE('',*,*,#1556,.F.);
#2038=ORIENTED_EDGE('',*,*,#1559,.F.);
#2039=ORIENTED_EDGE('',*,*,#1468,.F.);
#2040=ORIENTED_EDGE('',*,*,#1553,.T.);
#2041=ORIENTED_EDGE('',*,*,#1554,.T.);
#2042=ORIENTED_EDGE('',*,*,#1560,.F.);
#2043=ORIENTED_EDGE('',*,*,#1561,.F.);
#2044=ORIENTED_EDGE('',*,*,#1562,.T.);
#2045=ORIENTED_EDGE('',*,*,#1557,.T.);
#2046=ORIENTED_EDGE('',*,*,#1558,.T.);
#2047=ORIENTED_EDGE('',*,*,#1470,.T.);
#2048=ORIENTED_EDGE('',*,*,#1467,.T.);
#2049=ORIENTED_EDGE('',*,*,#1459,.F.);
#2050=ORIENTED_EDGE('',*,*,#1456,.F.);
#2051=ORIENTED_EDGE('',*,*,#1464,.F.);
#2052=ORIENTED_EDGE('',*,*,#1563,.F.);
#2053=ORIENTED_EDGE('',*,*,#1564,.F.);
#2054=ORIENTED_EDGE('',*,*,#1565,.F.);
#2055=ORIENTED_EDGE('',*,*,#1566,.F.);
#2056=ORIENTED_EDGE('',*,*,#1511,.F.);
#2057=ORIENTED_EDGE('',*,*,#1567,.T.);
#2058=ORIENTED_EDGE('',*,*,#1568,.T.);
#2059=ORIENTED_EDGE('',*,*,#1569,.F.);
#2060=ORIENTED_EDGE('',*,*,#1570,.T.);
#2061=ORIENTED_EDGE('',*,*,#1571,.F.);
#2062=ORIENTED_EDGE('',*,*,#1560,.T.);
#2063=ORIENTED_EDGE('',*,*,#1572,.F.);
#2064=ORIENTED_EDGE('',*,*,#1573,.T.);
#2065=ORIENTED_EDGE('',*,*,#1574,.F.);
#2066=ORIENTED_EDGE('',*,*,#1573,.F.);
#2067=ORIENTED_EDGE('',*,*,#1575,.T.);
#2068=ORIENTED_EDGE('',*,*,#1576,.T.);
#2069=ORIENTED_EDGE('',*,*,#1577,.T.);
#2070=ORIENTED_EDGE('',*,*,#1578,.T.);
#2071=ORIENTED_EDGE('',*,*,#1577,.F.);
#2072=ORIENTED_EDGE('',*,*,#1579,.F.);
#2073=ORIENTED_EDGE('',*,*,#1580,.F.);
#2074=ORIENTED_EDGE('',*,*,#1581,.F.);
#2075=ORIENTED_EDGE('',*,*,#1514,.F.);
#2076=ORIENTED_EDGE('',*,*,#1582,.T.);
#2077=ORIENTED_EDGE('',*,*,#1572,.T.);
#2078=ORIENTED_EDGE('',*,*,#1576,.F.);
#2079=ORIENTED_EDGE('',*,*,#1583,.T.);
#2080=ORIENTED_EDGE('',*,*,#1584,.F.);
#2081=ORIENTED_EDGE('',*,*,#1579,.T.);
#2082=ORIENTED_EDGE('',*,*,#1580,.T.);
#2083=ORIENTED_EDGE('',*,*,#1584,.T.);
#2084=ORIENTED_EDGE('',*,*,#1585,.T.);
#2085=ORIENTED_EDGE('',*,*,#1586,.T.);
#2086=ORIENTED_EDGE('',*,*,#1586,.F.);
#2087=ORIENTED_EDGE('',*,*,#1587,.F.);
#2088=ORIENTED_EDGE('',*,*,#1515,.F.);
#2089=ORIENTED_EDGE('',*,*,#1581,.T.);
#2090=ORIENTED_EDGE('',*,*,#1575,.F.);
#2091=ORIENTED_EDGE('',*,*,#1588,.F.);
#2092=ORIENTED_EDGE('',*,*,#1516,.F.);
#2093=ORIENTED_EDGE('',*,*,#1587,.T.);
#2094=ORIENTED_EDGE('',*,*,#1585,.F.);
#2095=ORIENTED_EDGE('',*,*,#1583,.F.);
#2096=ORIENTED_EDGE('',*,*,#1574,.T.);
#2097=ORIENTED_EDGE('',*,*,#1578,.F.);
#2098=ORIENTED_EDGE('',*,*,#1582,.F.);
#2099=ORIENTED_EDGE('',*,*,#1517,.F.);
#2100=ORIENTED_EDGE('',*,*,#1588,.T.);
#2101=ORIENTED_EDGE('',*,*,#1589,.F.);
#2102=ORIENTED_EDGE('',*,*,#1567,.F.);
#2103=ORIENTED_EDGE('',*,*,#1590,.T.);
#2104=ORIENTED_EDGE('',*,*,#1591,.F.);
#2105=ORIENTED_EDGE('',*,*,#1592,.F.);
#2106=ORIENTED_EDGE('',*,*,#1593,.F.);
#2107=ORIENTED_EDGE('',*,*,#1594,.F.);
#2108=ORIENTED_EDGE('',*,*,#1595,.F.);
#2109=ORIENTED_EDGE('',*,*,#1596,.T.);
#2110=ORIENTED_EDGE('',*,*,#1597,.T.);
#2111=ORIENTED_EDGE('',*,*,#1598,.F.);
#2112=ORIENTED_EDGE('',*,*,#1599,.T.);
#2113=ORIENTED_EDGE('',*,*,#1600,.F.);
#2114=ORIENTED_EDGE('',*,*,#1510,.F.);
#2115=ORIENTED_EDGE('',*,*,#1601,.F.);
#2116=ORIENTED_EDGE('',*,*,#1602,.F.);
#2117=ORIENTED_EDGE('',*,*,#1590,.F.);
#2118=ORIENTED_EDGE('',*,*,#1603,.T.);
#2119=ORIENTED_EDGE('',*,*,#1604,.T.);
#2120=ORIENTED_EDGE('',*,*,#1598,.T.);
#2121=ORIENTED_EDGE('',*,*,#1605,.T.);
#2122=ORIENTED_EDGE('',*,*,#1604,.F.);
#2123=ORIENTED_EDGE('',*,*,#1606,.T.);
#2124=ORIENTED_EDGE('',*,*,#1607,.F.);
#2125=ORIENTED_EDGE('',*,*,#1599,.F.);
#2126=ORIENTED_EDGE('',*,*,#1608,.T.);
#2127=ORIENTED_EDGE('',*,*,#1609,.T.);
#2128=ORIENTED_EDGE('',*,*,#1594,.T.);
#2129=ORIENTED_EDGE('',*,*,#1610,.T.);
#2130=ORIENTED_EDGE('',*,*,#1609,.F.);
#2131=ORIENTED_EDGE('',*,*,#1611,.F.);
#2132=ORIENTED_EDGE('',*,*,#1612,.T.);
#2133=ORIENTED_EDGE('',*,*,#1595,.T.);
#2134=ORIENTED_EDGE('',*,*,#1613,.F.);
#2135=ORIENTED_EDGE('',*,*,#1600,.T.);
#2136=ORIENTED_EDGE('',*,*,#1607,.T.);
#2137=ORIENTED_EDGE('',*,*,#1614,.T.);
#2138=ORIENTED_EDGE('',*,*,#1592,.T.);
#2139=ORIENTED_EDGE('',*,*,#1615,.T.);
#2140=ORIENTED_EDGE('',*,*,#1616,.T.);
#2141=ORIENTED_EDGE('',*,*,#1617,.T.);
#2142=ORIENTED_EDGE('',*,*,#1610,.F.);
#2143=ORIENTED_EDGE('',*,*,#1593,.T.);
#2144=ORIENTED_EDGE('',*,*,#1617,.F.);
#2145=ORIENTED_EDGE('',*,*,#1618,.F.);
#2146=ORIENTED_EDGE('',*,*,#1602,.T.);
#2147=ORIENTED_EDGE('',*,*,#1619,.F.);
#2148=ORIENTED_EDGE('',*,*,#1615,.F.);
#2149=ORIENTED_EDGE('',*,*,#1591,.T.);
#2150=ORIENTED_EDGE('',*,*,#1620,.F.);
#2151=ORIENTED_EDGE('',*,*,#1614,.F.);
#2152=ORIENTED_EDGE('',*,*,#1606,.F.);
#2153=ORIENTED_EDGE('',*,*,#1603,.F.);
#2154=ORIENTED_EDGE('',*,*,#1621,.F.);
#2155=ORIENTED_EDGE('',*,*,#1622,.T.);
#2156=ORIENTED_EDGE('',*,*,#1611,.T.);
#2157=ORIENTED_EDGE('',*,*,#1608,.F.);
#2158=ORIENTED_EDGE('',*,*,#1618,.T.);
#2159=ORIENTED_EDGE('',*,*,#1616,.F.);
#2160=ORIENTED_EDGE('',*,*,#1619,.T.);
#2161=ORIENTED_EDGE('',*,*,#1601,.T.);
#2162=ORIENTED_EDGE('',*,*,#1540,.F.);
#2163=ORIENTED_EDGE('',*,*,#1605,.F.);
#2164=ORIENTED_EDGE('',*,*,#1597,.F.);
#2165=ORIENTED_EDGE('',*,*,#1623,.T.);
#2166=ORIENTED_EDGE('',*,*,#1621,.T.);
#2167=ORIENTED_EDGE('',*,*,#1612,.F.);
#2168=ORIENTED_EDGE('',*,*,#1622,.F.);
#2169=ORIENTED_EDGE('',*,*,#1623,.F.);
#2170=ORIENTED_EDGE('',*,*,#1596,.F.);
#2171=ORIENTED_EDGE('',*,*,#1530,.F.);
#2172=ORIENTED_EDGE('',*,*,#1533,.F.);
#2173=ORIENTED_EDGE('',*,*,#1494,.F.);
#2174=ORIENTED_EDGE('',*,*,#1545,.F.);
#2175=ORIENTED_EDGE('',*,*,#1549,.F.);
#2176=ORIENTED_EDGE('',*,*,#1550,.F.);
#2177=ORIENTED_EDGE('',*,*,#1547,.T.);
#2178=ORIENTED_EDGE('',*,*,#1543,.T.);
#2179=ORIENTED_EDGE('',*,*,#1624,.T.);
#2180=ORIENTED_EDGE('',*,*,#1625,.F.);
#2181=ORIENTED_EDGE('',*,*,#1568,.F.);
#2182=ORIENTED_EDGE('',*,*,#1589,.T.);
#2183=ORIENTED_EDGE('',*,*,#1613,.T.);
#2184=ORIENTED_EDGE('',*,*,#1620,.T.);
#2185=ORIENTED_EDGE('',*,*,#1539,.F.);
#2186=ORIENTED_EDGE('',*,*,#1537,.T.);
#2187=ORIENTED_EDGE('',*,*,#1626,.T.);
#2188=ORIENTED_EDGE('',*,*,#1561,.T.);
#2189=ORIENTED_EDGE('',*,*,#1571,.T.);
#2190=ORIENTED_EDGE('',*,*,#1627,.T.);
#2191=ORIENTED_EDGE('',*,*,#1627,.F.);
#2192=ORIENTED_EDGE('',*,*,#1570,.F.);
#2193=ORIENTED_EDGE('',*,*,#1628,.F.);
#2194=ORIENTED_EDGE('',*,*,#1629,.T.);
#2195=ORIENTED_EDGE('',*,*,#1569,.T.);
#2196=ORIENTED_EDGE('',*,*,#1625,.T.);
#2197=ORIENTED_EDGE('',*,*,#1630,.T.);
#2198=ORIENTED_EDGE('',*,*,#1628,.T.);
#2199=ORIENTED_EDGE('',*,*,#1566,.T.);
#2200=ORIENTED_EDGE('',*,*,#1631,.T.);
#2201=ORIENTED_EDGE('',*,*,#1632,.T.);
#2202=ORIENTED_EDGE('',*,*,#1512,.T.);
#2203=ORIENTED_EDGE('',*,*,#1633,.T.);
#2204=ORIENTED_EDGE('',*,*,#1634,.T.);
#2205=ORIENTED_EDGE('',*,*,#1564,.T.);
#2206=ORIENTED_EDGE('',*,*,#1635,.T.);
#2207=ORIENTED_EDGE('',*,*,#1631,.F.);
#2208=ORIENTED_EDGE('',*,*,#1565,.T.);
#2209=ORIENTED_EDGE('',*,*,#1634,.F.);
#2210=ORIENTED_EDGE('',*,*,#1636,.F.);
#2211=ORIENTED_EDGE('',*,*,#1635,.F.);
#2212=ORIENTED_EDGE('',*,*,#1563,.T.);
#2213=ORIENTED_EDGE('',*,*,#1463,.F.);
#2214=ORIENTED_EDGE('',*,*,#1637,.F.);
#2215=ORIENTED_EDGE('',*,*,#1555,.T.);
#2216=ORIENTED_EDGE('',*,*,#1562,.F.);
#2217=ORIENTED_EDGE('',*,*,#1626,.F.);
#2218=ORIENTED_EDGE('',*,*,#1629,.F.);
#2219=ORIENTED_EDGE('',*,*,#1630,.F.);
#2220=ORIENTED_EDGE('',*,*,#1624,.F.);
#2221=ORIENTED_EDGE('',*,*,#1542,.T.);
#2222=ORIENTED_EDGE('',*,*,#1518,.T.);
#2223=ORIENTED_EDGE('',*,*,#1503,.T.);
#2224=ORIENTED_EDGE('',*,*,#1505,.F.);
#2225=ORIENTED_EDGE('',*,*,#1489,.F.);
#2226=ORIENTED_EDGE('',*,*,#1501,.T.);
#2227=ORIENTED_EDGE('',*,*,#1498,.T.);
#2228=ORIENTED_EDGE('',*,*,#1500,.F.);
#2229=ORIENTED_EDGE('',*,*,#1486,.F.);
#2230=ORIENTED_EDGE('',*,*,#1513,.T.);
#2231=ORIENTED_EDGE('',*,*,#1632,.F.);
#2232=ORIENTED_EDGE('',*,*,#1636,.T.);
#2233=ORIENTED_EDGE('',*,*,#1633,.F.);
#2234=ORIENTED_EDGE('',*,*,#1637,.T.);
#2235=ORIENTED_EDGE('',*,*,#1462,.F.);
#2236=ORIENTED_EDGE('',*,*,#1458,.T.);
#2237=ORIENTED_EDGE('',*,*,#1461,.F.);
#2238=ORIENTED_EDGE('',*,*,#1466,.F.);
#2239=ORIENTED_EDGE('',*,*,#1469,.T.);
#2240=ORIENTED_EDGE('',*,*,#1559,.T.);
#2241=ORIENTED_EDGE('',*,*,#1638,.F.);
#2242=ORIENTED_EDGE('',*,*,#1639,.T.);
#2243=ORIENTED_EDGE('',*,*,#1640,.F.);
#2244=ORIENTED_EDGE('',*,*,#1639,.F.);
#2245=ORIENTED_EDGE('',*,*,#1641,.T.);
#2246=ORIENTED_EDGE('',*,*,#1642,.T.);
#2247=ORIENTED_EDGE('',*,*,#1643,.T.);
#2248=ORIENTED_EDGE('',*,*,#1644,.T.);
#2249=ORIENTED_EDGE('',*,*,#1644,.F.);
#2250=ORIENTED_EDGE('',*,*,#1645,.T.);
#2251=ORIENTED_EDGE('',*,*,#1646,.F.);
#2252=ORIENTED_EDGE('',*,*,#1647,.F.);
#2253=ORIENTED_EDGE('',*,*,#1648,.F.);
#2254=ORIENTED_EDGE('',*,*,#1649,.T.);
#2255=ORIENTED_EDGE('',*,*,#1638,.T.);
#2256=ORIENTED_EDGE('',*,*,#1643,.F.);
#2257=ORIENTED_EDGE('',*,*,#1650,.F.);
#2258=ORIENTED_EDGE('',*,*,#1651,.F.);
#2259=ORIENTED_EDGE('',*,*,#1652,.T.);
#2260=ORIENTED_EDGE('',*,*,#1653,.F.);
#2261=ORIENTED_EDGE('',*,*,#1645,.F.);
#2262=ORIENTED_EDGE('',*,*,#1651,.T.);
#2263=ORIENTED_EDGE('',*,*,#1654,.T.);
#2264=ORIENTED_EDGE('',*,*,#1655,.T.);
#2265=ORIENTED_EDGE('',*,*,#1656,.T.);
#2266=ORIENTED_EDGE('',*,*,#1656,.F.);
#2267=ORIENTED_EDGE('',*,*,#1657,.T.);
#2268=ORIENTED_EDGE('',*,*,#1658,.F.);
#2269=ORIENTED_EDGE('',*,*,#1659,.F.);
#2270=ORIENTED_EDGE('',*,*,#1660,.F.);
#2271=ORIENTED_EDGE('',*,*,#1652,.F.);
#2272=ORIENTED_EDGE('',*,*,#1640,.T.);
#2273=ORIENTED_EDGE('',*,*,#1660,.T.);
#2274=ORIENTED_EDGE('',*,*,#1661,.T.);
#2275=ORIENTED_EDGE('',*,*,#1646,.T.);
#2276=ORIENTED_EDGE('',*,*,#1653,.T.);
#2277=ORIENTED_EDGE('',*,*,#1661,.F.);
#2278=ORIENTED_EDGE('',*,*,#1659,.T.);
#2279=ORIENTED_EDGE('',*,*,#1662,.F.);
#2280=ORIENTED_EDGE('',*,*,#1647,.T.);
#2281=ORIENTED_EDGE('',*,*,#1648,.T.);
#2282=ORIENTED_EDGE('',*,*,#1662,.T.);
#2283=ORIENTED_EDGE('',*,*,#1658,.T.);
#2284=ORIENTED_EDGE('',*,*,#1663,.T.);
#2285=ORIENTED_EDGE('',*,*,#1641,.F.);
#2286=ORIENTED_EDGE('',*,*,#1649,.F.);
#2287=ORIENTED_EDGE('',*,*,#1663,.F.);
#2288=ORIENTED_EDGE('',*,*,#1657,.F.);
#2289=ORIENTED_EDGE('',*,*,#1655,.F.);
#2290=ORIENTED_EDGE('',*,*,#1664,.F.);
#2291=ORIENTED_EDGE('',*,*,#1642,.F.);
#2292=ORIENTED_EDGE('',*,*,#1664,.T.);
#2293=ORIENTED_EDGE('',*,*,#1654,.F.);
#2294=ORIENTED_EDGE('',*,*,#1650,.T.);
#2295=ORIENTED_EDGE('',*,*,#1665,.F.);
#2296=ORIENTED_EDGE('',*,*,#1666,.T.);
#2297=ORIENTED_EDGE('',*,*,#1667,.F.);
#2298=ORIENTED_EDGE('',*,*,#1668,.F.);
#2299=ORIENTED_EDGE('',*,*,#1667,.T.);
#2300=ORIENTED_EDGE('',*,*,#1669,.T.);
#2301=ORIENTED_EDGE('',*,*,#1670,.T.);
#2302=ORIENTED_EDGE('',*,*,#1671,.T.);
#2303=ORIENTED_EDGE('',*,*,#1665,.T.);
#2304=ORIENTED_EDGE('',*,*,#1672,.T.);
#2305=ORIENTED_EDGE('',*,*,#1673,.T.);
#2306=ORIENTED_EDGE('',*,*,#1674,.T.);
#2307=ORIENTED_EDGE('',*,*,#1675,.F.);
#2308=ORIENTED_EDGE('',*,*,#1676,.T.);
#2309=ORIENTED_EDGE('',*,*,#1670,.F.);
#2310=ORIENTED_EDGE('',*,*,#1677,.F.);
#2311=ORIENTED_EDGE('',*,*,#1678,.F.);
#2312=ORIENTED_EDGE('',*,*,#1679,.T.);
#2313=ORIENTED_EDGE('',*,*,#1675,.T.);
#2314=ORIENTED_EDGE('',*,*,#1680,.T.);
#2315=ORIENTED_EDGE('',*,*,#1681,.F.);
#2316=ORIENTED_EDGE('',*,*,#1682,.T.);
#2317=ORIENTED_EDGE('',*,*,#1683,.F.);
#2318=ORIENTED_EDGE('',*,*,#1682,.F.);
#2319=ORIENTED_EDGE('',*,*,#1684,.F.);
#2320=ORIENTED_EDGE('',*,*,#1685,.T.);
#2321=ORIENTED_EDGE('',*,*,#1686,.F.);
#2322=ORIENTED_EDGE('',*,*,#1685,.F.);
#2323=ORIENTED_EDGE('',*,*,#1687,.F.);
#2324=ORIENTED_EDGE('',*,*,#1688,.F.);
#2325=ORIENTED_EDGE('',*,*,#1689,.F.);
#2326=ORIENTED_EDGE('',*,*,#1690,.F.);
#2327=ORIENTED_EDGE('',*,*,#1691,.F.);
#2328=ORIENTED_EDGE('',*,*,#1692,.F.);
#2329=ORIENTED_EDGE('',*,*,#1693,.F.);
#2330=ORIENTED_EDGE('',*,*,#1694,.F.);
#2331=ORIENTED_EDGE('',*,*,#1693,.T.);
#2332=ORIENTED_EDGE('',*,*,#1695,.F.);
#2333=ORIENTED_EDGE('',*,*,#1696,.F.);
#2334=ORIENTED_EDGE('',*,*,#1697,.F.);
#2335=ORIENTED_EDGE('',*,*,#1686,.T.);
#2336=ORIENTED_EDGE('',*,*,#1692,.T.);
#2337=ORIENTED_EDGE('',*,*,#1698,.T.);
#2338=ORIENTED_EDGE('',*,*,#1699,.T.);
#2339=ORIENTED_EDGE('',*,*,#1695,.T.);
#2340=ORIENTED_EDGE('',*,*,#1691,.T.);
#2341=ORIENTED_EDGE('',*,*,#1700,.F.);
#2342=ORIENTED_EDGE('',*,*,#1701,.T.);
#2343=ORIENTED_EDGE('',*,*,#1698,.F.);
#2344=ORIENTED_EDGE('',*,*,#1684,.T.);
#2345=ORIENTED_EDGE('',*,*,#1690,.T.);
#2346=ORIENTED_EDGE('',*,*,#1702,.T.);
#2347=ORIENTED_EDGE('',*,*,#1703,.T.);
#2348=ORIENTED_EDGE('',*,*,#1704,.T.);
#2349=ORIENTED_EDGE('',*,*,#1689,.T.);
#2350=ORIENTED_EDGE('',*,*,#1705,.F.);
#2351=ORIENTED_EDGE('',*,*,#1706,.T.);
#2352=ORIENTED_EDGE('',*,*,#1702,.F.);
#2353=ORIENTED_EDGE('',*,*,#1681,.T.);
#2354=ORIENTED_EDGE('',*,*,#1700,.T.);
#2355=ORIENTED_EDGE('',*,*,#1707,.F.);
#2356=ORIENTED_EDGE('',*,*,#1708,.T.);
#2357=ORIENTED_EDGE('',*,*,#1709,.T.);
#2358=ORIENTED_EDGE('',*,*,#1697,.T.);
#2359=ORIENTED_EDGE('',*,*,#1710,.T.);
#2360=ORIENTED_EDGE('',*,*,#1711,.T.);
#2361=ORIENTED_EDGE('',*,*,#1712,.F.);
#2362=ORIENTED_EDGE('',*,*,#1713,.F.);
#2363=ORIENTED_EDGE('',*,*,#1714,.F.);
#2364=ORIENTED_EDGE('',*,*,#1715,.F.);
#2365=ORIENTED_EDGE('',*,*,#1716,.F.);
#2366=ORIENTED_EDGE('',*,*,#1717,.F.);
#2367=ORIENTED_EDGE('',*,*,#1718,.F.);
#2368=ORIENTED_EDGE('',*,*,#1687,.T.);
#2369=ORIENTED_EDGE('',*,*,#1704,.F.);
#2370=ORIENTED_EDGE('',*,*,#1719,.F.);
#2371=ORIENTED_EDGE('',*,*,#1708,.F.);
#2372=ORIENTED_EDGE('',*,*,#1683,.T.);
#2373=ORIENTED_EDGE('',*,*,#1720,.F.);
#2374=ORIENTED_EDGE('',*,*,#1721,.T.);
#2375=ORIENTED_EDGE('',*,*,#1722,.T.);
#2376=ORIENTED_EDGE('',*,*,#1723,.F.);
#2377=ORIENTED_EDGE('',*,*,#1724,.F.);
#2378=ORIENTED_EDGE('',*,*,#1725,.T.);
#2379=ORIENTED_EDGE('',*,*,#1726,.T.);
#2380=ORIENTED_EDGE('',*,*,#1727,.F.);
#2381=ORIENTED_EDGE('',*,*,#1728,.T.);
#2382=ORIENTED_EDGE('',*,*,#1729,.T.);
#2383=ORIENTED_EDGE('',*,*,#1720,.T.);
#2384=ORIENTED_EDGE('',*,*,#1730,.F.);
#2385=ORIENTED_EDGE('',*,*,#1731,.T.);
#2386=ORIENTED_EDGE('',*,*,#1732,.T.);
#2387=ORIENTED_EDGE('',*,*,#1724,.T.);
#2388=ORIENTED_EDGE('',*,*,#1733,.F.);
#2389=ORIENTED_EDGE('',*,*,#1731,.F.);
#2390=ORIENTED_EDGE('',*,*,#1734,.F.);
#2391=ORIENTED_EDGE('',*,*,#1728,.F.);
#2392=ORIENTED_EDGE('',*,*,#1735,.F.);
#2393=ORIENTED_EDGE('',*,*,#1736,.T.);
#2394=ORIENTED_EDGE('',*,*,#1737,.T.);
#2395=ORIENTED_EDGE('',*,*,#1738,.T.);
#2396=ORIENTED_EDGE('',*,*,#1737,.F.);
#2397=ORIENTED_EDGE('',*,*,#1736,.F.);
#2398=ORIENTED_EDGE('',*,*,#1739,.T.);
#2399=ORIENTED_EDGE('',*,*,#1740,.T.);
#2400=ORIENTED_EDGE('',*,*,#1741,.F.);
#2401=ORIENTED_EDGE('',*,*,#1742,.T.);
#2402=ORIENTED_EDGE('',*,*,#1743,.T.);
#2403=ORIENTED_EDGE('',*,*,#1678,.T.);
#2404=ORIENTED_EDGE('',*,*,#1744,.T.);
#2405=ORIENTED_EDGE('',*,*,#1741,.T.);
#2406=ORIENTED_EDGE('',*,*,#1738,.F.);
#2407=ORIENTED_EDGE('',*,*,#1739,.F.);
#2408=ORIENTED_EDGE('',*,*,#1745,.F.);
#2409=ORIENTED_EDGE('',*,*,#1746,.T.);
#2410=ORIENTED_EDGE('',*,*,#1747,.T.);
#2411=ORIENTED_EDGE('',*,*,#1740,.F.);
#2412=ORIENTED_EDGE('',*,*,#1747,.F.);
#2413=ORIENTED_EDGE('',*,*,#1748,.T.);
#2414=ORIENTED_EDGE('',*,*,#1749,.F.);
#2415=ORIENTED_EDGE('',*,*,#1750,.T.);
#2416=ORIENTED_EDGE('',*,*,#1751,.F.);
#2417=ORIENTED_EDGE('',*,*,#1752,.F.);
#2418=ORIENTED_EDGE('',*,*,#1712,.T.);
#2419=ORIENTED_EDGE('',*,*,#1753,.T.);
#2420=ORIENTED_EDGE('',*,*,#1754,.T.);
#2421=ORIENTED_EDGE('',*,*,#1755,.T.);
#2422=ORIENTED_EDGE('',*,*,#1756,.T.);
#2423=ORIENTED_EDGE('',*,*,#1672,.F.);
#2424=ORIENTED_EDGE('',*,*,#1668,.T.);
#2425=ORIENTED_EDGE('',*,*,#1671,.F.);
#2426=ORIENTED_EDGE('',*,*,#1676,.F.);
#2427=ORIENTED_EDGE('',*,*,#1679,.F.);
#2428=ORIENTED_EDGE('',*,*,#1743,.F.);
#2429=ORIENTED_EDGE('',*,*,#1757,.T.);
#2430=ORIENTED_EDGE('',*,*,#1758,.T.);
#2431=ORIENTED_EDGE('',*,*,#1759,.T.);
#2432=ORIENTED_EDGE('',*,*,#1758,.F.);
#2433=ORIENTED_EDGE('',*,*,#1760,.F.);
#2434=ORIENTED_EDGE('',*,*,#1761,.F.);
#2435=ORIENTED_EDGE('',*,*,#1762,.F.);
#2436=ORIENTED_EDGE('',*,*,#1763,.F.);
#2437=ORIENTED_EDGE('',*,*,#1762,.T.);
#2438=ORIENTED_EDGE('',*,*,#1764,.F.);
#2439=ORIENTED_EDGE('',*,*,#1715,.T.);
#2440=ORIENTED_EDGE('',*,*,#1765,.T.);
#2441=ORIENTED_EDGE('',*,*,#1766,.T.);
#2442=ORIENTED_EDGE('',*,*,#1767,.T.);
#2443=ORIENTED_EDGE('',*,*,#1757,.F.);
#2444=ORIENTED_EDGE('',*,*,#1763,.T.);
#2445=ORIENTED_EDGE('',*,*,#1767,.F.);
#2446=ORIENTED_EDGE('',*,*,#1768,.T.);
#2447=ORIENTED_EDGE('',*,*,#1769,.F.);
#2448=ORIENTED_EDGE('',*,*,#1766,.F.);
#2449=ORIENTED_EDGE('',*,*,#1770,.F.);
#2450=ORIENTED_EDGE('',*,*,#1771,.F.);
#2451=ORIENTED_EDGE('',*,*,#1768,.F.);
#2452=ORIENTED_EDGE('',*,*,#1770,.T.);
#2453=ORIENTED_EDGE('',*,*,#1765,.F.);
#2454=ORIENTED_EDGE('',*,*,#1718,.T.);
#2455=ORIENTED_EDGE('',*,*,#1772,.T.);
#2456=ORIENTED_EDGE('',*,*,#1760,.T.);
#2457=ORIENTED_EDGE('',*,*,#1769,.T.);
#2458=ORIENTED_EDGE('',*,*,#1771,.T.);
#2459=ORIENTED_EDGE('',*,*,#1772,.F.);
#2460=ORIENTED_EDGE('',*,*,#1717,.T.);
#2461=ORIENTED_EDGE('',*,*,#1773,.T.);
#2462=ORIENTED_EDGE('',*,*,#1759,.F.);
#2463=ORIENTED_EDGE('',*,*,#1761,.T.);
#2464=ORIENTED_EDGE('',*,*,#1773,.F.);
#2465=ORIENTED_EDGE('',*,*,#1716,.T.);
#2466=ORIENTED_EDGE('',*,*,#1764,.T.);
#2467=ORIENTED_EDGE('',*,*,#1774,.T.);
#2468=ORIENTED_EDGE('',*,*,#1775,.T.);
#2469=ORIENTED_EDGE('',*,*,#1776,.F.);
#2470=ORIENTED_EDGE('',*,*,#1777,.T.);
#2471=ORIENTED_EDGE('',*,*,#1778,.F.);
#2472=ORIENTED_EDGE('',*,*,#1779,.F.);
#2473=ORIENTED_EDGE('',*,*,#1780,.T.);
#2474=ORIENTED_EDGE('',*,*,#1781,.T.);
#2475=ORIENTED_EDGE('',*,*,#1782,.T.);
#2476=ORIENTED_EDGE('',*,*,#1783,.T.);
#2477=ORIENTED_EDGE('',*,*,#1784,.T.);
#2478=ORIENTED_EDGE('',*,*,#1785,.F.);
#2479=ORIENTED_EDGE('',*,*,#1752,.T.);
#2480=ORIENTED_EDGE('',*,*,#1713,.T.);
#2481=ORIENTED_EDGE('',*,*,#1785,.T.);
#2482=ORIENTED_EDGE('',*,*,#1786,.T.);
#2483=ORIENTED_EDGE('',*,*,#1787,.T.);
#2484=ORIENTED_EDGE('',*,*,#1788,.F.);
#2485=ORIENTED_EDGE('',*,*,#1789,.F.);
#2486=ORIENTED_EDGE('',*,*,#1777,.F.);
#2487=ORIENTED_EDGE('',*,*,#1790,.F.);
#2488=ORIENTED_EDGE('',*,*,#1790,.T.);
#2489=ORIENTED_EDGE('',*,*,#1776,.T.);
#2490=ORIENTED_EDGE('',*,*,#1791,.T.);
#2491=ORIENTED_EDGE('',*,*,#1792,.F.);
#2492=ORIENTED_EDGE('',*,*,#1793,.F.);
#2493=ORIENTED_EDGE('',*,*,#1794,.F.);
#2494=ORIENTED_EDGE('',*,*,#1781,.F.);
#2495=ORIENTED_EDGE('',*,*,#1795,.F.);
#2496=ORIENTED_EDGE('',*,*,#1795,.T.);
#2497=ORIENTED_EDGE('',*,*,#1780,.F.);
#2498=ORIENTED_EDGE('',*,*,#1796,.F.);
#2499=ORIENTED_EDGE('',*,*,#1797,.T.);
#2500=ORIENTED_EDGE('',*,*,#1798,.T.);
#2501=ORIENTED_EDGE('',*,*,#1799,.F.);
#2502=ORIENTED_EDGE('',*,*,#1791,.F.);
#2503=ORIENTED_EDGE('',*,*,#1775,.F.);
#2504=ORIENTED_EDGE('',*,*,#1783,.F.);
#2505=ORIENTED_EDGE('',*,*,#1800,.F.);
#2506=ORIENTED_EDGE('',*,*,#1801,.F.);
#2507=ORIENTED_EDGE('',*,*,#1802,.F.);
#2508=ORIENTED_EDGE('',*,*,#1794,.T.);
#2509=ORIENTED_EDGE('',*,*,#1803,.T.);
#2510=ORIENTED_EDGE('',*,*,#1800,.T.);
#2511=ORIENTED_EDGE('',*,*,#1782,.F.);
#2512=ORIENTED_EDGE('',*,*,#1786,.F.);
#2513=ORIENTED_EDGE('',*,*,#1784,.F.);
#2514=ORIENTED_EDGE('',*,*,#1802,.T.);
#2515=ORIENTED_EDGE('',*,*,#1804,.T.);
#2516=ORIENTED_EDGE('',*,*,#1805,.T.);
#2517=ORIENTED_EDGE('',*,*,#1806,.T.);
#2518=ORIENTED_EDGE('',*,*,#1787,.F.);
#2519=ORIENTED_EDGE('',*,*,#1804,.F.);
#2520=ORIENTED_EDGE('',*,*,#1801,.T.);
#2521=ORIENTED_EDGE('',*,*,#1803,.F.);
#2522=ORIENTED_EDGE('',*,*,#1793,.T.);
#2523=ORIENTED_EDGE('',*,*,#1797,.F.);
#2524=ORIENTED_EDGE('',*,*,#1807,.F.);
#2525=ORIENTED_EDGE('',*,*,#1808,.T.);
#2526=ORIENTED_EDGE('',*,*,#1788,.T.);
#2527=ORIENTED_EDGE('',*,*,#1792,.T.);
#2528=ORIENTED_EDGE('',*,*,#1799,.T.);
#2529=ORIENTED_EDGE('',*,*,#1789,.T.);
#2530=ORIENTED_EDGE('',*,*,#1808,.F.);
#2531=ORIENTED_EDGE('',*,*,#1809,.F.);
#2532=ORIENTED_EDGE('',*,*,#1778,.T.);
#2533=ORIENTED_EDGE('',*,*,#1796,.T.);
#2534=ORIENTED_EDGE('',*,*,#1779,.T.);
#2535=ORIENTED_EDGE('',*,*,#1809,.T.);
#2536=ORIENTED_EDGE('',*,*,#1807,.T.);
#2537=ORIENTED_EDGE('',*,*,#1774,.F.);
#2538=ORIENTED_EDGE('',*,*,#1751,.T.);
#2539=ORIENTED_EDGE('',*,*,#1810,.T.);
#2540=ORIENTED_EDGE('',*,*,#1811,.F.);
#2541=ORIENTED_EDGE('',*,*,#1721,.F.);
#2542=ORIENTED_EDGE('',*,*,#1729,.F.);
#2543=ORIENTED_EDGE('',*,*,#1734,.T.);
#2544=ORIENTED_EDGE('',*,*,#1733,.T.);
#2545=ORIENTED_EDGE('',*,*,#1727,.T.);
#2546=ORIENTED_EDGE('',*,*,#1812,.T.);
#2547=ORIENTED_EDGE('',*,*,#1805,.F.);
#2548=ORIENTED_EDGE('',*,*,#1798,.F.);
#2549=ORIENTED_EDGE('',*,*,#1694,.T.);
#2550=ORIENTED_EDGE('',*,*,#1714,.T.);
#2551=ORIENTED_EDGE('',*,*,#1806,.F.);
#2552=ORIENTED_EDGE('',*,*,#1812,.F.);
#2553=ORIENTED_EDGE('',*,*,#1726,.F.);
#2554=ORIENTED_EDGE('',*,*,#1813,.T.);
#2555=ORIENTED_EDGE('',*,*,#1688,.T.);
#2556=ORIENTED_EDGE('',*,*,#1707,.T.);
#2557=ORIENTED_EDGE('',*,*,#1814,.F.);
#2558=ORIENTED_EDGE('',*,*,#1815,.F.);
#2559=ORIENTED_EDGE('',*,*,#1748,.F.);
#2560=ORIENTED_EDGE('',*,*,#1746,.F.);
#2561=ORIENTED_EDGE('',*,*,#1815,.T.);
#2562=ORIENTED_EDGE('',*,*,#1816,.F.);
#2563=ORIENTED_EDGE('',*,*,#1817,.T.);
#2564=ORIENTED_EDGE('',*,*,#1749,.T.);
#2565=ORIENTED_EDGE('',*,*,#1750,.F.);
#2566=ORIENTED_EDGE('',*,*,#1817,.F.);
#2567=ORIENTED_EDGE('',*,*,#1818,.F.);
#2568=ORIENTED_EDGE('',*,*,#1810,.F.);
#2569=ORIENTED_EDGE('',*,*,#1753,.F.);
#2570=ORIENTED_EDGE('',*,*,#1711,.F.);
#2571=ORIENTED_EDGE('',*,*,#1819,.F.);
#2572=ORIENTED_EDGE('',*,*,#1820,.F.);
#2573=ORIENTED_EDGE('',*,*,#1705,.T.);
#2574=ORIENTED_EDGE('',*,*,#1813,.F.);
#2575=ORIENTED_EDGE('',*,*,#1725,.F.);
#2576=ORIENTED_EDGE('',*,*,#1732,.F.);
#2577=ORIENTED_EDGE('',*,*,#1735,.T.);
#2578=ORIENTED_EDGE('',*,*,#1730,.T.);
#2579=ORIENTED_EDGE('',*,*,#1723,.T.);
#2580=ORIENTED_EDGE('',*,*,#1821,.T.);
#2581=ORIENTED_EDGE('',*,*,#1822,.F.);
#2582=ORIENTED_EDGE('',*,*,#1823,.F.);
#2583=ORIENTED_EDGE('',*,*,#1755,.F.);
#2584=ORIENTED_EDGE('',*,*,#1824,.F.);
#2585=ORIENTED_EDGE('',*,*,#1820,.T.);
#2586=ORIENTED_EDGE('',*,*,#1825,.T.);
#2587=ORIENTED_EDGE('',*,*,#1824,.T.);
#2588=ORIENTED_EDGE('',*,*,#1754,.F.);
#2589=ORIENTED_EDGE('',*,*,#1823,.T.);
#2590=ORIENTED_EDGE('',*,*,#1826,.T.);
#2591=ORIENTED_EDGE('',*,*,#1673,.F.);
#2592=ORIENTED_EDGE('',*,*,#1756,.F.);
#2593=ORIENTED_EDGE('',*,*,#1742,.F.);
#2594=ORIENTED_EDGE('',*,*,#1744,.F.);
#2595=ORIENTED_EDGE('',*,*,#1680,.F.);
#2596=ORIENTED_EDGE('',*,*,#1677,.T.);
#2597=ORIENTED_EDGE('',*,*,#1669,.F.);
#2598=ORIENTED_EDGE('',*,*,#1666,.F.);
#2599=ORIENTED_EDGE('',*,*,#1674,.F.);
#2600=ORIENTED_EDGE('',*,*,#1826,.F.);
#2601=ORIENTED_EDGE('',*,*,#1822,.T.);
#2602=ORIENTED_EDGE('',*,*,#1825,.F.);
#2603=ORIENTED_EDGE('',*,*,#1819,.T.);
#2604=ORIENTED_EDGE('',*,*,#1710,.F.);
#2605=ORIENTED_EDGE('',*,*,#1696,.T.);
#2606=ORIENTED_EDGE('',*,*,#1699,.F.);
#2607=ORIENTED_EDGE('',*,*,#1701,.F.);
#2608=ORIENTED_EDGE('',*,*,#1709,.F.);
#2609=ORIENTED_EDGE('',*,*,#1719,.T.);
#2610=ORIENTED_EDGE('',*,*,#1703,.F.);
#2611=ORIENTED_EDGE('',*,*,#1706,.F.);
#2612=ORIENTED_EDGE('',*,*,#1821,.F.);
#2613=ORIENTED_EDGE('',*,*,#1722,.F.);
#2614=ORIENTED_EDGE('',*,*,#1811,.T.);
#2615=ORIENTED_EDGE('',*,*,#1818,.T.);
#2616=ORIENTED_EDGE('',*,*,#1816,.T.);
#2617=ORIENTED_EDGE('',*,*,#1814,.T.);
#2618=ORIENTED_EDGE('',*,*,#1745,.T.);
#2619=ORIENTED_EDGE('',*,*,#1827,.T.);
#2620=ORIENTED_EDGE('',*,*,#1828,.T.);
#2621=ORIENTED_EDGE('',*,*,#1829,.T.);
#2622=ORIENTED_EDGE('',*,*,#1828,.F.);
#2623=ORIENTED_EDGE('',*,*,#1830,.F.);
#2624=ORIENTED_EDGE('',*,*,#1831,.F.);
#2625=ORIENTED_EDGE('',*,*,#1832,.F.);
#2626=ORIENTED_EDGE('',*,*,#1833,.F.);
#2627=ORIENTED_EDGE('',*,*,#1831,.T.);
#2628=ORIENTED_EDGE('',*,*,#1834,.F.);
#2629=ORIENTED_EDGE('',*,*,#1835,.T.);
#2630=ORIENTED_EDGE('',*,*,#1836,.T.);
#2631=ORIENTED_EDGE('',*,*,#1837,.T.);
#2632=ORIENTED_EDGE('',*,*,#1838,.F.);
#2633=ORIENTED_EDGE('',*,*,#1827,.F.);
#2634=ORIENTED_EDGE('',*,*,#1832,.T.);
#2635=ORIENTED_EDGE('',*,*,#1838,.T.);
#2636=ORIENTED_EDGE('',*,*,#1839,.T.);
#2637=ORIENTED_EDGE('',*,*,#1840,.F.);
#2638=ORIENTED_EDGE('',*,*,#1841,.T.);
#2639=ORIENTED_EDGE('',*,*,#1842,.T.);
#2640=ORIENTED_EDGE('',*,*,#1841,.F.);
#2641=ORIENTED_EDGE('',*,*,#1843,.F.);
#2642=ORIENTED_EDGE('',*,*,#1844,.F.);
#2643=ORIENTED_EDGE('',*,*,#1845,.F.);
#2644=ORIENTED_EDGE('',*,*,#1843,.T.);
#2645=ORIENTED_EDGE('',*,*,#1840,.T.);
#2646=ORIENTED_EDGE('',*,*,#1846,.T.);
#2647=ORIENTED_EDGE('',*,*,#1847,.T.);
#2648=ORIENTED_EDGE('',*,*,#1848,.T.);
#2649=ORIENTED_EDGE('',*,*,#1849,.F.);
#2650=ORIENTED_EDGE('',*,*,#1829,.F.);
#2651=ORIENTED_EDGE('',*,*,#1846,.F.);
#2652=ORIENTED_EDGE('',*,*,#1839,.F.);
#2653=ORIENTED_EDGE('',*,*,#1837,.F.);
#2654=ORIENTED_EDGE('',*,*,#1850,.F.);
#2655=ORIENTED_EDGE('',*,*,#1850,.T.);
#2656=ORIENTED_EDGE('',*,*,#1836,.F.);
#2657=ORIENTED_EDGE('',*,*,#1851,.T.);
#2658=ORIENTED_EDGE('',*,*,#1847,.F.);
#2659=ORIENTED_EDGE('',*,*,#1835,.F.);
#2660=ORIENTED_EDGE('',*,*,#1852,.F.);
#2661=ORIENTED_EDGE('',*,*,#1848,.F.);
#2662=ORIENTED_EDGE('',*,*,#1851,.F.);
#2663=ORIENTED_EDGE('',*,*,#1830,.T.);
#2664=ORIENTED_EDGE('',*,*,#1853,.T.);
#2665=ORIENTED_EDGE('',*,*,#1844,.T.);
#2666=ORIENTED_EDGE('',*,*,#1849,.T.);
#2667=ORIENTED_EDGE('',*,*,#1852,.T.);
#2668=ORIENTED_EDGE('',*,*,#1834,.T.);
#2669=ORIENTED_EDGE('',*,*,#1833,.T.);
#2670=ORIENTED_EDGE('',*,*,#1842,.F.);
#2671=ORIENTED_EDGE('',*,*,#1845,.T.);
#2672=ORIENTED_EDGE('',*,*,#1853,.F.);
#2673=ORIENTED_EDGE('',*,*,#1854,.T.);
#2674=ORIENTED_EDGE('',*,*,#1855,.T.);
#2675=ORIENTED_EDGE('',*,*,#1856,.T.);
#2676=ORIENTED_EDGE('',*,*,#1857,.T.);
#2677=ORIENTED_EDGE('',*,*,#1855,.F.);
#2678=ORIENTED_EDGE('',*,*,#1858,.T.);
#2679=ORIENTED_EDGE('',*,*,#1859,.F.);
#2680=ORIENTED_EDGE('',*,*,#1860,.T.);
#2681=ORIENTED_EDGE('',*,*,#1854,.F.);
#2682=ORIENTED_EDGE('',*,*,#1861,.F.);
#2683=ORIENTED_EDGE('',*,*,#1862,.T.);
#2684=ORIENTED_EDGE('',*,*,#1863,.T.);
#2685=ORIENTED_EDGE('',*,*,#1864,.F.);
#2686=ORIENTED_EDGE('',*,*,#1858,.F.);
#2687=ORIENTED_EDGE('',*,*,#1865,.T.);
#2688=ORIENTED_EDGE('',*,*,#1866,.T.);
#2689=ORIENTED_EDGE('',*,*,#1859,.T.);
#2690=ORIENTED_EDGE('',*,*,#1864,.T.);
#2691=ORIENTED_EDGE('',*,*,#1867,.T.);
#2692=ORIENTED_EDGE('',*,*,#1856,.F.);
#2693=ORIENTED_EDGE('',*,*,#1860,.F.);
#2694=ORIENTED_EDGE('',*,*,#1866,.F.);
#2695=ORIENTED_EDGE('',*,*,#1868,.F.);
#2696=ORIENTED_EDGE('',*,*,#1869,.T.);
#2697=ORIENTED_EDGE('',*,*,#1870,.T.);
#2698=ORIENTED_EDGE('',*,*,#1871,.T.);
#2699=ORIENTED_EDGE('',*,*,#1867,.F.);
#2700=ORIENTED_EDGE('',*,*,#1863,.F.);
#2701=ORIENTED_EDGE('',*,*,#1872,.T.);
#2702=ORIENTED_EDGE('',*,*,#1868,.T.);
#2703=ORIENTED_EDGE('',*,*,#1865,.F.);
#2704=ORIENTED_EDGE('',*,*,#1873,.T.);
#2705=ORIENTED_EDGE('',*,*,#1871,.F.);
#2706=ORIENTED_EDGE('',*,*,#1873,.F.);
#2707=ORIENTED_EDGE('',*,*,#1857,.F.);
#2708=ORIENTED_EDGE('',*,*,#1870,.F.);
#2709=ORIENTED_EDGE('',*,*,#1874,.T.);
#2710=ORIENTED_EDGE('',*,*,#1861,.T.);
#2711=ORIENTED_EDGE('',*,*,#1869,.F.);
#2712=ORIENTED_EDGE('',*,*,#1872,.F.);
#2713=ORIENTED_EDGE('',*,*,#1862,.F.);
#2714=ORIENTED_EDGE('',*,*,#1874,.F.);
#2715=PLANE('',#3001);
#2716=PLANE('',#3002);
#2717=PLANE('',#3003);
#2718=PLANE('',#3004);
#2719=PLANE('',#3005);
#2720=PLANE('',#3012);
#2721=PLANE('',#3013);
#2722=PLANE('',#3014);
#2723=PLANE('',#3015);
#2724=PLANE('',#3016);
#2725=PLANE('',#3017);
#2726=PLANE('',#3018);
#2727=PLANE('',#3019);
#2728=PLANE('',#3020);
#2729=PLANE('',#3021);
#2730=PLANE('',#3022);
#2731=PLANE('',#3023);
#2732=PLANE('',#3032);
#2733=PLANE('',#3034);
#2734=PLANE('',#3037);
#2735=PLANE('',#3038);
#2736=PLANE('',#3043);
#2737=PLANE('',#3044);
#2738=PLANE('',#3045);
#2739=PLANE('',#3049);
#2740=PLANE('',#3050);
#2741=PLANE('',#3051);
#2742=PLANE('',#3052);
#2743=PLANE('',#3053);
#2744=PLANE('',#3064);
#2745=PLANE('',#3066);
#2746=PLANE('',#3069);
#2747=PLANE('',#3070);
#2748=PLANE('',#3071);
#2749=PLANE('',#3072);
#2750=PLANE('',#3077);
#2751=PLANE('',#3080);
#2752=PLANE('',#3083);
#2753=PLANE('',#3088);
#2754=PLANE('',#3089);
#2755=PLANE('',#3090);
#2756=PLANE('',#3091);
#2757=PLANE('',#3092);
#2758=PLANE('',#3093);
#2759=PLANE('',#3096);
#2760=PLANE('',#3103);
#2761=PLANE('',#3104);
#2762=PLANE('',#3105);
#2763=PLANE('',#3112);
#2764=PLANE('',#3115);
#2765=PLANE('',#3119);
#2766=PLANE('',#3123);
#2767=PLANE('',#3125);
#2768=PLANE('',#3126);
#2769=PLANE('',#3127);
#2770=PLANE('',#3128);
#2771=PLANE('',#3129);
#2772=PLANE('',#3130);
#2773=PLANE('',#3131);
#2774=PLANE('',#3138);
#2775=PLANE('',#3139);
#2776=PLANE('',#3140);
#2777=PLANE('',#3141);
#2778=PLANE('',#3142);
#2779=PLANE('',#3143);
#2780=PLANE('',#3144);
#2781=PLANE('',#3145);
#2782=PLANE('',#3146);
#2783=PLANE('',#3147);
#2784=PLANE('',#3154);
#2785=PLANE('',#3155);
#2786=PLANE('',#3156);
#2787=PLANE('',#3160);
#2788=PLANE('',#3161);
#2789=PLANE('',#3162);
#2790=PLANE('',#3163);
#2791=PLANE('',#3164);
#2792=PLANE('',#3175);
#2793=PLANE('',#3177);
#2794=PLANE('',#3180);
#2795=PLANE('',#3181);
#2796=PLANE('',#3182);
#2797=PLANE('',#3183);
#2798=PLANE('',#3188);
#2799=PLANE('',#3191);
#2800=PLANE('',#3194);
#2801=PLANE('',#3199);
#2802=PLANE('',#3200);
#2803=PLANE('',#3201);
#2804=PLANE('',#3202);
#2805=PLANE('',#3203);
#2806=PLANE('',#3204);
#2807=PLANE('',#3205);
#2808=PLANE('',#3208);
#2809=PLANE('',#3213);
#2810=PLANE('',#3216);
#2811=PLANE('',#3217);
#2812=PLANE('',#3218);
#2813=PLANE('',#3225);
#2814=PLANE('',#3228);
#2815=PLANE('',#3232);
#2816=PLANE('',#3236);
#2817=PLANE('',#3238);
#2818=PLANE('',#3239);
#2819=PLANE('',#3243);
#2820=PLANE('',#3244);
#2821=PLANE('',#3249);
#2822=PLANE('',#3251);
#2823=PLANE('',#3253);
#2824=PLANE('',#3254);
#2825=ADVANCED_FACE('',(#191),#2715,.T.);
#2826=ADVANCED_FACE('',(#192),#2716,.T.);
#2827=ADVANCED_FACE('',(#193),#2717,.T.);
#2828=ADVANCED_FACE('',(#194),#2718,.T.);
#2829=ADVANCED_FACE('',(#195),#2719,.F.);
#2830=ADVANCED_FACE('',(#196),#143,.F.);
#2831=ADVANCED_FACE('',(#197),#144,.F.);
#2832=ADVANCED_FACE('',(#198),#2720,.F.);
#2833=ADVANCED_FACE('',(#199),#2721,.F.);
#2834=ADVANCED_FACE('',(#200,#23),#2722,.T.);
#2835=ADVANCED_FACE('',(#201,#24),#2723,.T.);
#2836=ADVANCED_FACE('',(#202),#2724,.T.);
#2837=ADVANCED_FACE('',(#203,#25),#2725,.T.);
#2838=ADVANCED_FACE('',(#204),#2726,.T.);
#2839=ADVANCED_FACE('',(#205),#2727,.T.);
#2840=ADVANCED_FACE('',(#206,#26),#2728,.T.);
#2841=ADVANCED_FACE('',(#207),#2729,.T.);
#2842=ADVANCED_FACE('',(#208,#27),#2730,.T.);
#2843=ADVANCED_FACE('',(#209),#2731,.T.);
#2844=ADVANCED_FACE('',(#210),#145,.F.);
#2845=ADVANCED_FACE('',(#211),#146,.T.);
#2846=ADVANCED_FACE('',(#212,#28),#2732,.T.);
#2847=ADVANCED_FACE('',(#213),#2733,.T.);
#2848=ADVANCED_FACE('',(#214),#147,.T.);
#2849=ADVANCED_FACE('',(#215,#29),#2734,.T.);
#2850=ADVANCED_FACE('',(#216),#2735,.T.);
#2851=ADVANCED_FACE('',(#217),#148,.T.);
#2852=ADVANCED_FACE('',(#218),#149,.F.);
#2853=ADVANCED_FACE('',(#219),#2736,.T.);
#2854=ADVANCED_FACE('',(#220),#2737,.T.);
#2855=ADVANCED_FACE('',(#221),#2738,.T.);
#2856=ADVANCED_FACE('',(#222),#150,.T.);
#2857=ADVANCED_FACE('',(#223),#2739,.T.);
#2858=ADVANCED_FACE('',(#224),#2740,.F.);
#2859=ADVANCED_FACE('',(#225,#30),#2741,.F.);
#2860=ADVANCED_FACE('',(#226),#2742,.T.);
#2861=ADVANCED_FACE('',(#227),#2743,.T.);
#2862=ADVANCED_FACE('',(#228),#151,.F.);
#2863=ADVANCED_FACE('',(#229),#152,.T.);
#2864=ADVANCED_FACE('',(#230,#31),#2744,.T.);
#2865=ADVANCED_FACE('',(#231),#2745,.T.);
#2866=ADVANCED_FACE('',(#232),#153,.T.);
#2867=ADVANCED_FACE('',(#233),#2746,.T.);
#2868=ADVANCED_FACE('',(#234,#32),#2747,.T.);
#2869=ADVANCED_FACE('',(#235),#2748,.T.);
#2870=ADVANCED_FACE('',(#236),#2749,.T.);
#2871=ADVANCED_FACE('',(#237),#2750,.F.);
#2872=ADVANCED_FACE('',(#238),#154,.T.);
#2873=ADVANCED_FACE('',(#239),#2751,.T.);
#2874=ADVANCED_FACE('',(#240),#155,.F.);
#2875=ADVANCED_FACE('',(#241),#2752,.T.);
#2876=ADVANCED_FACE('',(#242),#156,.F.);
#2877=ADVANCED_FACE('',(#243),#157,.T.);
#2878=ADVANCED_FACE('',(#244),#2753,.T.);
#2879=ADVANCED_FACE('',(#245),#2754,.T.);
#2880=ADVANCED_FACE('',(#246),#2755,.T.);
#2881=ADVANCED_FACE('',(#247),#2756,.T.);
#2882=ADVANCED_FACE('',(#248),#2757,.T.);
#2883=ADVANCED_FACE('',(#249),#2758,.T.);
#2884=ADVANCED_FACE('',(#250),#158,.T.);
#2885=ADVANCED_FACE('',(#251),#2759,.T.);
#2886=ADVANCED_FACE('',(#252),#159,.F.);
#2887=ADVANCED_FACE('',(#253),#160,.T.);
#2888=ADVANCED_FACE('',(#254),#161,.F.);
#2889=ADVANCED_FACE('',(#255),#2760,.T.);
#2890=ADVANCED_FACE('',(#256),#2761,.T.);
#2891=ADVANCED_FACE('',(#257),#2762,.T.);
#2892=ADVANCED_FACE('',(#258),#162,.F.);
#2893=ADVANCED_FACE('',(#259),#163,.T.);
#2894=ADVANCED_FACE('',(#260,#33),#2763,.T.);
#2895=ADVANCED_FACE('',(#261),#2764,.T.);
#2896=ADVANCED_FACE('',(#262),#164,.T.);
#2897=ADVANCED_FACE('',(#263,#34),#2765,.T.);
#2898=ADVANCED_FACE('',(#264),#165,.T.);
#2899=ADVANCED_FACE('',(#265),#2766,.T.);
#2900=ADVANCED_FACE('',(#266),#166,.T.);
#2901=ADVANCED_FACE('',(#267),#2767,.T.);
#2902=ADVANCED_FACE('',(#268),#2768,.T.);
#2903=ADVANCED_FACE('',(#269),#2769,.T.);
#2904=ADVANCED_FACE('',(#270),#2770,.T.);
#2905=ADVANCED_FACE('',(#271),#2771,.T.);
#2906=ADVANCED_FACE('',(#272),#2772,.T.);
#2907=ADVANCED_FACE('',(#273),#2773,.F.);
#2908=ADVANCED_FACE('',(#274),#167,.F.);
#2909=ADVANCED_FACE('',(#275),#168,.F.);
#2910=ADVANCED_FACE('',(#276),#2774,.F.);
#2911=ADVANCED_FACE('',(#277),#2775,.F.);
#2912=ADVANCED_FACE('',(#278,#35),#2776,.T.);
#2913=ADVANCED_FACE('',(#279),#2777,.T.);
#2914=ADVANCED_FACE('',(#280,#36),#2778,.T.);
#2915=ADVANCED_FACE('',(#281),#2779,.T.);
#2916=ADVANCED_FACE('',(#282,#37),#2780,.T.);
#2917=ADVANCED_FACE('',(#283),#2781,.F.);
#2918=ADVANCED_FACE('',(#284,#38),#2782,.F.);
#2919=ADVANCED_FACE('',(#285,#39),#2783,.T.);
#2920=ADVANCED_FACE('',(#286),#169,.T.);
#2921=ADVANCED_FACE('',(#287),#170,.F.);
#2922=ADVANCED_FACE('',(#288),#2784,.F.);
#2923=ADVANCED_FACE('',(#289),#2785,.F.);
#2924=ADVANCED_FACE('',(#290),#2786,.F.);
#2925=ADVANCED_FACE('',(#291),#171,.T.);
#2926=ADVANCED_FACE('',(#292),#2787,.F.);
#2927=ADVANCED_FACE('',(#293),#2788,.T.);
#2928=ADVANCED_FACE('',(#294,#40),#2789,.T.);
#2929=ADVANCED_FACE('',(#295),#2790,.F.);
#2930=ADVANCED_FACE('',(#296),#2791,.F.);
#2931=ADVANCED_FACE('',(#297),#172,.F.);
#2932=ADVANCED_FACE('',(#298),#173,.T.);
#2933=ADVANCED_FACE('',(#299,#41),#2792,.F.);
#2934=ADVANCED_FACE('',(#300),#2793,.F.);
#2935=ADVANCED_FACE('',(#301),#174,.T.);
#2936=ADVANCED_FACE('',(#302),#2794,.F.);
#2937=ADVANCED_FACE('',(#303,#42),#2795,.F.);
#2938=ADVANCED_FACE('',(#304),#2796,.F.);
#2939=ADVANCED_FACE('',(#305),#2797,.F.);
#2940=ADVANCED_FACE('',(#306),#2798,.T.);
#2941=ADVANCED_FACE('',(#307),#175,.T.);
#2942=ADVANCED_FACE('',(#308),#2799,.F.);
#2943=ADVANCED_FACE('',(#309),#176,.F.);
#2944=ADVANCED_FACE('',(#310),#2800,.F.);
#2945=ADVANCED_FACE('',(#311),#177,.F.);
#2946=ADVANCED_FACE('',(#312),#178,.T.);
#2947=ADVANCED_FACE('',(#313),#2801,.F.);
#2948=ADVANCED_FACE('',(#314),#2802,.F.);
#2949=ADVANCED_FACE('',(#315),#2803,.F.);
#2950=ADVANCED_FACE('',(#316),#2804,.F.);
#2951=ADVANCED_FACE('',(#317),#2805,.F.);
#2952=ADVANCED_FACE('',(#318),#2806,.F.);
#2953=ADVANCED_FACE('',(#319),#2807,.F.);
#2954=ADVANCED_FACE('',(#320),#179,.T.);
#2955=ADVANCED_FACE('',(#321),#2808,.F.);
#2956=ADVANCED_FACE('',(#322),#180,.F.);
#2957=ADVANCED_FACE('',(#323),#181,.T.);
#2958=ADVANCED_FACE('',(#324),#2809,.F.);
#2959=ADVANCED_FACE('',(#325),#182,.F.);
#2960=ADVANCED_FACE('',(#326),#2810,.F.);
#2961=ADVANCED_FACE('',(#327),#2811,.F.);
#2962=ADVANCED_FACE('',(#328),#2812,.F.);
#2963=ADVANCED_FACE('',(#329),#183,.F.);
#2964=ADVANCED_FACE('',(#330),#184,.T.);
#2965=ADVANCED_FACE('',(#331,#43),#2813,.F.);
#2966=ADVANCED_FACE('',(#332),#2814,.F.);
#2967=ADVANCED_FACE('',(#333),#185,.T.);
#2968=ADVANCED_FACE('',(#334,#44),#2815,.F.);
#2969=ADVANCED_FACE('',(#335),#186,.T.);
#2970=ADVANCED_FACE('',(#336),#2816,.F.);
#2971=ADVANCED_FACE('',(#337),#187,.T.);
#2972=ADVANCED_FACE('',(#338),#2817,.F.);
#2973=ADVANCED_FACE('',(#339),#2818,.F.);
#2974=ADVANCED_FACE('',(#340),#188,.T.);
#2975=ADVANCED_FACE('',(#341),#2819,.T.);
#2976=ADVANCED_FACE('',(#342,#45),#2820,.T.);
#2977=ADVANCED_FACE('',(#343),#189,.T.);
#2978=ADVANCED_FACE('',(#344,#46),#2821,.T.);
#2979=ADVANCED_FACE('',(#345),#2822,.T.);
#2980=ADVANCED_FACE('',(#346),#190,.F.);
#2981=ADVANCED_FACE('',(#347),#2823,.T.);
#2982=ADVANCED_FACE('',(#348),#2824,.F.);
#2983=CLOSED_SHELL('',(#2825,#2826,#2827,#2828,#2829,#2830,#2831,#2832,
#2833,#2834,#2835,#2836,#2837,#2838,#2839,#2840,#2841,#2842,#2843,#2844,
#2845,#2846,#2847,#2848,#2849,#2850,#2851,#2852,#2853,#2854,#2855,#2856,
#2857,#2858,#2859,#2860,#2861,#2862,#2863,#2864,#2865,#2866,#2867,#2868,
#2869,#2870,#2871,#2872,#2873,#2874,#2875,#2876,#2877,#2878,#2879,#2880,
#2881,#2882,#2883,#2884,#2885,#2886,#2887,#2888,#2889,#2890,#2891));
#2984=CLOSED_SHELL('',(#2892,#2893,#2894,#2895,#2896,#2897,#2898,#2899,
#2900,#2901,#2902));
#2985=CLOSED_SHELL('',(#2903,#2904,#2905,#2906,#2907,#2908,#2909,#2910,
#2911,#2912,#2913,#2914,#2915,#2916,#2917,#2918,#2919,#2920,#2921,#2922,
#2923,#2924,#2925,#2926,#2927,#2928,#2929,#2930,#2931,#2932,#2933,#2934,
#2935,#2936,#2937,#2938,#2939,#2940,#2941,#2942,#2943,#2944,#2945,#2946,
#2947,#2948,#2949,#2950,#2951,#2952,#2953,#2954,#2955,#2956,#2957,#2958,
#2959,#2960,#2961,#2962));
#2986=CLOSED_SHELL('',(#2963,#2964,#2965,#2966,#2967,#2968,#2969,#2970,
#2971,#2972,#2973));
#2987=CLOSED_SHELL('',(#2974,#2975,#2976,#2977,#2978,#2979,#2980,#2981,
#2982));
#2988=DERIVED_UNIT_ELEMENT(#2990,1.);
#2989=DERIVED_UNIT_ELEMENT(#4949,-3.);
#2990=(
MASS_UNIT()
NAMED_UNIT(*)
SI_UNIT(.KILO.,.GRAM.)
);
#2991=DERIVED_UNIT((#2988,#2989));
#2992=MEASURE_REPRESENTATION_ITEM('density measure',
POSITIVE_RATIO_MEASURE(7850.),#2991);
#2993=PROPERTY_DEFINITION_REPRESENTATION(#2998,#2995);
#2994=PROPERTY_DEFINITION_REPRESENTATION(#2999,#2996);
#2995=REPRESENTATION('material name',(#2997),#4946);
#2996=REPRESENTATION('density',(#2992),#4946);
#2997=DESCRIPTIVE_REPRESENTATION_ITEM('Steel','Steel');
#2998=PROPERTY_DEFINITION('material property','material name',#4956);
#2999=PROPERTY_DEFINITION('material property','density of part',#4956);
#3000=AXIS2_PLACEMENT_3D('',#4089,#3255,#3256);
#3001=AXIS2_PLACEMENT_3D('',#4090,#3257,#3258);
#3002=AXIS2_PLACEMENT_3D('',#4099,#3263,#3264);
#3003=AXIS2_PLACEMENT_3D('',#4105,#3268,#3269);
#3004=AXIS2_PLACEMENT_3D('',#4111,#3273,#3274);
#3005=AXIS2_PLACEMENT_3D('',#4117,#3278,#3279);
#3006=AXIS2_PLACEMENT_3D('',#4123,#3283,#3284);
#3007=AXIS2_PLACEMENT_3D('',#4125,#3285,#3286);
#3008=AXIS2_PLACEMENT_3D('',#4128,#3288,#3289);
#3009=AXIS2_PLACEMENT_3D('',#4129,#3290,#3291);
#3010=AXIS2_PLACEMENT_3D('',#4131,#3292,#3293);
#3011=AXIS2_PLACEMENT_3D('',#4134,#3295,#3296);
#3012=AXIS2_PLACEMENT_3D('',#4135,#3297,#3298);
#3013=AXIS2_PLACEMENT_3D('',#4144,#3303,#3304);
#3014=AXIS2_PLACEMENT_3D('',#4153,#3309,#3310);
#3015=AXIS2_PLACEMENT_3D('',#4159,#3314,#3315);
#3016=AXIS2_PLACEMENT_3D('',#4165,#3319,#3320);
#3017=AXIS2_PLACEMENT_3D('',#4176,#3327,#3328);
#3018=AXIS2_PLACEMENT_3D('',#4182,#3332,#3333);
#3019=AXIS2_PLACEMENT_3D('',#4184,#3335,#3336);
#3020=AXIS2_PLACEMENT_3D('',#4186,#3338,#3339);
#3021=AXIS2_PLACEMENT_3D('',#4192,#3343,#3344);
#3022=AXIS2_PLACEMENT_3D('',#4194,#3346,#3347);
#3023=AXIS2_PLACEMENT_3D('',#4218,#3360,#3361);
#3024=AXIS2_PLACEMENT_3D('',#4222,#3363,#3364);
#3025=AXIS2_PLACEMENT_3D('',#4229,#3368,#3369);
#3026=AXIS2_PLACEMENT_3D('',#4230,#3370,#3371);
#3027=AXIS2_PLACEMENT_3D('',#4232,#3372,#3373);
#3028=AXIS2_PLACEMENT_3D('',#4235,#3375,#3376);
#3029=AXIS2_PLACEMENT_3D('',#4236,#3377,#3378);
#3030=AXIS2_PLACEMENT_3D('',#4239,#3379,#3380);
#3031=AXIS2_PLACEMENT_3D('',#4243,#3382,#3383);
#3032=AXIS2_PLACEMENT_3D('',#4245,#3385,#3386);
#3033=AXIS2_PLACEMENT_3D('',#4248,#3388,#3389);
#3034=AXIS2_PLACEMENT_3D('',#4250,#3391,#3392);
#3035=AXIS2_PLACEMENT_3D('',#4254,#3395,#3396);
#3036=AXIS2_PLACEMENT_3D('',#4255,#3397,#3398);
#3037=AXIS2_PLACEMENT_3D('',#4256,#3399,#3400);
#3038=AXIS2_PLACEMENT_3D('',#4260,#3403,#3404);
#3039=AXIS2_PLACEMENT_3D('',#4264,#3407,#3408);
#3040=AXIS2_PLACEMENT_3D('',#4269,#3411,#3412);
#3041=AXIS2_PLACEMENT_3D('',#4270,#3413,#3414);
#3042=AXIS2_PLACEMENT_3D('',#4273,#3416,#3417);
#3043=AXIS2_PLACEMENT_3D('',#4274,#3418,#3419);
#3044=AXIS2_PLACEMENT_3D('',#4278,#3422,#3423);
#3045=AXIS2_PLACEMENT_3D('',#4282,#3426,#3427);
#3046=AXIS2_PLACEMENT_3D('',#4284,#3429,#3430);
#3047=AXIS2_PLACEMENT_3D('',#4286,#3431,#3432);
#3048=AXIS2_PLACEMENT_3D('',#4289,#3434,#3435);
#3049=AXIS2_PLACEMENT_3D('',#4290,#3436,#3437);
#3050=AXIS2_PLACEMENT_3D('',#4291,#3438,#3439);
#3051=AXIS2_PLACEMENT_3D('',#4300,#3444,#3445);
#3052=AXIS2_PLACEMENT_3D('',#4303,#3448,#3449);
#3053=AXIS2_PLACEMENT_3D('',#4309,#3453,#3454);
#3054=AXIS2_PLACEMENT_3D('',#4313,#3456,#3457);
#3055=AXIS2_PLACEMENT_3D('',#4316,#3459,#3460);
#3056=AXIS2_PLACEMENT_3D('',#4322,#3463,#3464);
#3057=AXIS2_PLACEMENT_3D('',#4325,#3466,#3467);
#3058=AXIS2_PLACEMENT_3D('',#4326,#3468,#3469);
#3059=AXIS2_PLACEMENT_3D('',#4328,#3470,#3471);
#3060=AXIS2_PLACEMENT_3D('',#4331,#3473,#3474);
#3061=AXIS2_PLACEMENT_3D('',#4332,#3475,#3476);
#3062=AXIS2_PLACEMENT_3D('',#4335,#3477,#3478);
#3063=AXIS2_PLACEMENT_3D('',#4339,#3480,#3481);
#3064=AXIS2_PLACEMENT_3D('',#4341,#3483,#3484);
#3065=AXIS2_PLACEMENT_3D('',#4345,#3486,#3487);
#3066=AXIS2_PLACEMENT_3D('',#4348,#3490,#3491);
#3067=AXIS2_PLACEMENT_3D('',#4352,#3494,#3495);
#3068=AXIS2_PLACEMENT_3D('',#4354,#3496,#3497);
#3069=AXIS2_PLACEMENT_3D('',#4356,#3499,#3500);
#3070=AXIS2_PLACEMENT_3D('',#4358,#3502,#3503);
#3071=AXIS2_PLACEMENT_3D('',#4360,#3505,#3506);
#3072=AXIS2_PLACEMENT_3D('',#4361,#3507,#3508);
#3073=AXIS2_PLACEMENT_3D('',#4369,#3512,#3513);
#3074=AXIS2_PLACEMENT_3D('',#4373,#3515,#3516);
#3075=AXIS2_PLACEMENT_3D('',#4381,#3520,#3521);
#3076=AXIS2_PLACEMENT_3D('',#4384,#3523,#3524);
#3077=AXIS2_PLACEMENT_3D('',#4385,#3525,#3526);
#3078=AXIS2_PLACEMENT_3D('',#4389,#3529,#3530);
#3079=AXIS2_PLACEMENT_3D('',#4392,#3531,#3532);
#3080=AXIS2_PLACEMENT_3D('',#4395,#3535,#3536);
#3081=AXIS2_PLACEMENT_3D('',#4399,#3539,#3540);
#3082=AXIS2_PLACEMENT_3D('',#4402,#3541,#3542);
#3083=AXIS2_PLACEMENT_3D('',#4405,#3545,#3546);
#3084=AXIS2_PLACEMENT_3D('',#4409,#3549,#3550);
#3085=AXIS2_PLACEMENT_3D('',#4412,#3552,#3553);
#3086=AXIS2_PLACEMENT_3D('',#4413,#3554,#3555);
#3087=AXIS2_PLACEMENT_3D('',#4417,#3557,#3558);
#3088=AXIS2_PLACEMENT_3D('',#4419,#3560,#3561);
#3089=AXIS2_PLACEMENT_3D('',#4421,#3563,#3564);
#3090=AXIS2_PLACEMENT_3D('',#4423,#3566,#3567);
#3091=AXIS2_PLACEMENT_3D('',#4428,#3571,#3572);
#3092=AXIS2_PLACEMENT_3D('',#4430,#3574,#3575);
#3093=AXIS2_PLACEMENT_3D('',#4431,#3576,#3577);
#3094=AXIS2_PLACEMENT_3D('',#4435,#3580,#3581);
#3095=AXIS2_PLACEMENT_3D('',#4437,#3582,#3583);
#3096=AXIS2_PLACEMENT_3D('',#4439,#3585,#3586);
#3097=AXIS2_PLACEMENT_3D('',#4443,#3589,#3590);
#3098=AXIS2_PLACEMENT_3D('',#4444,#3591,#3592);
#3099=AXIS2_PLACEMENT_3D('',#4445,#3593,#3594);
#3100=AXIS2_PLACEMENT_3D('',#4448,#3596,#3597);
#3101=AXIS2_PLACEMENT_3D('',#4449,#3598,#3599);
#3102=AXIS2_PLACEMENT_3D('',#4452,#3600,#3601);
#3103=AXIS2_PLACEMENT_3D('',#4455,#3604,#3605);
#3104=AXIS2_PLACEMENT_3D('',#4457,#3607,#3608);
#3105=AXIS2_PLACEMENT_3D('',#4459,#3610,#3611);
#3106=AXIS2_PLACEMENT_3D('',#4460,#3612,#3613);
#3107=AXIS2_PLACEMENT_3D('',#4462,#3614,#3615);
#3108=AXIS2_PLACEMENT_3D('',#4465,#3617,#3618);
#3109=AXIS2_PLACEMENT_3D('',#4466,#3619,#3620);
#3110=AXIS2_PLACEMENT_3D('',#4469,#3621,#3622);
#3111=AXIS2_PLACEMENT_3D('',#4473,#3624,#3625);
#3112=AXIS2_PLACEMENT_3D('',#4475,#3627,#3628);
#3113=AXIS2_PLACEMENT_3D('',#4479,#3630,#3631);
#3114=AXIS2_PLACEMENT_3D('',#4483,#3633,#3634);
#3115=AXIS2_PLACEMENT_3D('',#4485,#3636,#3637);
#3116=AXIS2_PLACEMENT_3D('',#4489,#3639,#3640);
#3117=AXIS2_PLACEMENT_3D('',#4493,#3643,#3644);
#3118=AXIS2_PLACEMENT_3D('',#4497,#3646,#3647);
#3119=AXIS2_PLACEMENT_3D('',#4499,#3649,#3650);
#3120=AXIS2_PLACEMENT_3D('',#4503,#3652,#3653);
#3121=AXIS2_PLACEMENT_3D('',#4506,#3655,#3656);
#3122=AXIS2_PLACEMENT_3D('',#4507,#3657,#3658);
#3123=AXIS2_PLACEMENT_3D('',#4509,#3660,#3661);
#3124=AXIS2_PLACEMENT_3D('',#4511,#3663,#3664);
#3125=AXIS2_PLACEMENT_3D('',#4513,#3666,#3667);
#3126=AXIS2_PLACEMENT_3D('',#4515,#3669,#3670);
#3127=AXIS2_PLACEMENT_3D('',#4516,#3671,#3672);
#3128=AXIS2_PLACEMENT_3D('',#4525,#3677,#3678);
#3129=AXIS2_PLACEMENT_3D('',#4531,#3682,#3683);
#3130=AXIS2_PLACEMENT_3D('',#4537,#3687,#3688);
#3131=AXIS2_PLACEMENT_3D('',#4543,#3692,#3693);
#3132=AXIS2_PLACEMENT_3D('',#4549,#3697,#3698);
#3133=AXIS2_PLACEMENT_3D('',#4551,#3699,#3700);
#3134=AXIS2_PLACEMENT_3D('',#4554,#3702,#3703);
#3135=AXIS2_PLACEMENT_3D('',#4555,#3704,#3705);
#3136=AXIS2_PLACEMENT_3D('',#4557,#3706,#3707);
#3137=AXIS2_PLACEMENT_3D('',#4560,#3709,#3710);
#3138=AXIS2_PLACEMENT_3D('',#4561,#3711,#3712);
#3139=AXIS2_PLACEMENT_3D('',#4570,#3717,#3718);
#3140=AXIS2_PLACEMENT_3D('',#4579,#3723,#3724);
#3141=AXIS2_PLACEMENT_3D('',#4585,#3728,#3729);
#3142=AXIS2_PLACEMENT_3D('',#4589,#3732,#3733);
#3143=AXIS2_PLACEMENT_3D('',#4593,#3736,#3737);
#3144=AXIS2_PLACEMENT_3D('',#4599,#3741,#3742);
#3145=AXIS2_PLACEMENT_3D('',#4603,#3745,#3746);
#3146=AXIS2_PLACEMENT_3D('',#4608,#3750,#3751);
#3147=AXIS2_PLACEMENT_3D('',#4626,#3761,#3762);
#3148=AXIS2_PLACEMENT_3D('',#4628,#3764,#3765);
#3149=AXIS2_PLACEMENT_3D('',#4633,#3767,#3768);
#3150=AXIS2_PLACEMENT_3D('',#4636,#3770,#3771);
#3151=AXIS2_PLACEMENT_3D('',#4637,#3772,#3773);
#3152=AXIS2_PLACEMENT_3D('',#4642,#3775,#3776);
#3153=AXIS2_PLACEMENT_3D('',#4645,#3778,#3779);
#3154=AXIS2_PLACEMENT_3D('',#4646,#3780,#3781);
#3155=AXIS2_PLACEMENT_3D('',#4652,#3785,#3786);
#3156=AXIS2_PLACEMENT_3D('',#4658,#3790,#3791);
#3157=AXIS2_PLACEMENT_3D('',#4661,#3794,#3795);
#3158=AXIS2_PLACEMENT_3D('',#4663,#3796,#3797);
#3159=AXIS2_PLACEMENT_3D('',#4666,#3799,#3800);
#3160=AXIS2_PLACEMENT_3D('',#4667,#3801,#3802);
#3161=AXIS2_PLACEMENT_3D('',#4668,#3803,#3804);
#3162=AXIS2_PLACEMENT_3D('',#4677,#3809,#3810);
#3163=AXIS2_PLACEMENT_3D('',#4680,#3813,#3814);
#3164=AXIS2_PLACEMENT_3D('',#4686,#3818,#3819);
#3165=AXIS2_PLACEMENT_3D('',#4688,#3820,#3821);
#3166=AXIS2_PLACEMENT_3D('',#4692,#3823,#3824);
#3167=AXIS2_PLACEMENT_3D('',#4697,#3827,#3828);
#3168=AXIS2_PLACEMENT_3D('',#4701,#3830,#3831);
#3169=AXIS2_PLACEMENT_3D('',#4703,#3833,#3834);
#3170=AXIS2_PLACEMENT_3D('',#4705,#3835,#3836);
#3171=AXIS2_PLACEMENT_3D('',#4708,#3838,#3839);
#3172=AXIS2_PLACEMENT_3D('',#4709,#3840,#3841);
#3173=AXIS2_PLACEMENT_3D('',#4712,#3842,#3843);
#3174=AXIS2_PLACEMENT_3D('',#4716,#3845,#3846);
#3175=AXIS2_PLACEMENT_3D('',#4718,#3848,#3849);
#3176=AXIS2_PLACEMENT_3D('',#4723,#3852,#3853);
#3177=AXIS2_PLACEMENT_3D('',#4725,#3855,#3856);
#3178=AXIS2_PLACEMENT_3D('',#4729,#3859,#3860);
#3179=AXIS2_PLACEMENT_3D('',#4732,#3862,#3863);
#3180=AXIS2_PLACEMENT_3D('',#4733,#3864,#3865);
#3181=AXIS2_PLACEMENT_3D('',#4735,#3867,#3868);
#3182=AXIS2_PLACEMENT_3D('',#4737,#3870,#3871);
#3183=AXIS2_PLACEMENT_3D('',#4738,#3872,#3873);
#3184=AXIS2_PLACEMENT_3D('',#4742,#3875,#3876);
#3185=AXIS2_PLACEMENT_3D('',#4746,#3878,#3879);
#3186=AXIS2_PLACEMENT_3D('',#4754,#3883,#3884);
#3187=AXIS2_PLACEMENT_3D('',#4758,#3886,#3887);
#3188=AXIS2_PLACEMENT_3D('',#4762,#3890,#3891);
#3189=AXIS2_PLACEMENT_3D('',#4766,#3894,#3895);
#3190=AXIS2_PLACEMENT_3D('',#4769,#3896,#3897);
#3191=AXIS2_PLACEMENT_3D('',#4772,#3900,#3901);
#3192=AXIS2_PLACEMENT_3D('',#4776,#3904,#3905);
#3193=AXIS2_PLACEMENT_3D('',#4779,#3906,#3907);
#3194=AXIS2_PLACEMENT_3D('',#4782,#3910,#3911);
#3195=AXIS2_PLACEMENT_3D('',#4786,#3914,#3915);
#3196=AXIS2_PLACEMENT_3D('',#4789,#3917,#3918);
#3197=AXIS2_PLACEMENT_3D('',#4790,#3919,#3920);
#3198=AXIS2_PLACEMENT_3D('',#4794,#3922,#3923);
#3199=AXIS2_PLACEMENT_3D('',#4796,#3925,#3926);
#3200=AXIS2_PLACEMENT_3D('',#4798,#3928,#3929);
#3201=AXIS2_PLACEMENT_3D('',#4800,#3931,#3932);
#3202=AXIS2_PLACEMENT_3D('',#4807,#3937,#3938);
#3203=AXIS2_PLACEMENT_3D('',#4809,#3940,#3941);
#3204=AXIS2_PLACEMENT_3D('',#4810,#3942,#3943);
#3205=AXIS2_PLACEMENT_3D('',#4815,#3947,#3948);
#3206=AXIS2_PLACEMENT_3D('',#4817,#3950,#3951);
#3207=AXIS2_PLACEMENT_3D('',#4819,#3952,#3953);
#3208=AXIS2_PLACEMENT_3D('',#4821,#3955,#3956);
#3209=AXIS2_PLACEMENT_3D('',#4825,#3959,#3960);
#3210=AXIS2_PLACEMENT_3D('',#4826,#3961,#3962);
#3211=AXIS2_PLACEMENT_3D('',#4827,#3963,#3964);
#3212=AXIS2_PLACEMENT_3D('',#4829,#3965,#3966);
#3213=AXIS2_PLACEMENT_3D('',#4831,#3968,#3969);
#3214=AXIS2_PLACEMENT_3D('',#4833,#3971,#3972);
#3215=AXIS2_PLACEMENT_3D('',#4836,#3973,#3974);
#3216=AXIS2_PLACEMENT_3D('',#4839,#3977,#3978);
#3217=AXIS2_PLACEMENT_3D('',#4841,#3980,#3981);
#3218=AXIS2_PLACEMENT_3D('',#4843,#3983,#3984);
#3219=AXIS2_PLACEMENT_3D('',#4844,#3985,#3986);
#3220=AXIS2_PLACEMENT_3D('',#4846,#3987,#3988);
#3221=AXIS2_PLACEMENT_3D('',#4849,#3990,#3991);
#3222=AXIS2_PLACEMENT_3D('',#4850,#3992,#3993);
#3223=AXIS2_PLACEMENT_3D('',#4853,#3994,#3995);
#3224=AXIS2_PLACEMENT_3D('',#4857,#3997,#3998);
#3225=AXIS2_PLACEMENT_3D('',#4859,#4000,#4001);
#3226=AXIS2_PLACEMENT_3D('',#4863,#4003,#4004);
#3227=AXIS2_PLACEMENT_3D('',#4867,#4006,#4007);
#3228=AXIS2_PLACEMENT_3D('',#4869,#4009,#4010);
#3229=AXIS2_PLACEMENT_3D('',#4875,#4013,#4014);
#3230=AXIS2_PLACEMENT_3D('',#4877,#4016,#4017);
#3231=AXIS2_PLACEMENT_3D('',#4881,#4019,#4020);
#3232=AXIS2_PLACEMENT_3D('',#4883,#4022,#4023);
#3233=AXIS2_PLACEMENT_3D('',#4885,#4024,#4025);
#3234=AXIS2_PLACEMENT_3D('',#4889,#4027,#4028);
#3235=AXIS2_PLACEMENT_3D('',#4891,#4030,#4031);
#3236=AXIS2_PLACEMENT_3D('',#4893,#4033,#4034);
#3237=AXIS2_PLACEMENT_3D('',#4895,#4036,#4037);
#3238=AXIS2_PLACEMENT_3D('',#4897,#4039,#4040);
#3239=AXIS2_PLACEMENT_3D('',#4899,#4042,#4043);
#3240=AXIS2_PLACEMENT_3D('',#4900,#4044,#4045);
#3241=AXIS2_PLACEMENT_3D('',#4903,#4046,#4047);
#3242=AXIS2_PLACEMENT_3D('',#4907,#4049,#4050);
#3243=AXIS2_PLACEMENT_3D('',#4909,#4052,#4053);
#3244=AXIS2_PLACEMENT_3D('',#4915,#4057,#4058);
#3245=AXIS2_PLACEMENT_3D('',#4922,#4062,#4063);
#3246=AXIS2_PLACEMENT_3D('',#4924,#4064,#4065);
#3247=AXIS2_PLACEMENT_3D('',#4925,#4066,#4067);
#3248=AXIS2_PLACEMENT_3D('',#4927,#4068,#4069);
#3249=AXIS2_PLACEMENT_3D('',#4929,#4071,#4072);
#3250=AXIS2_PLACEMENT_3D('',#4936,#4076,#4077);
#3251=AXIS2_PLACEMENT_3D('',#4937,#4078,#4079);
#3252=AXIS2_PLACEMENT_3D('',#4939,#4081,#4082);
#3253=AXIS2_PLACEMENT_3D('',#4941,#4084,#4085);
#3254=AXIS2_PLACEMENT_3D('',#4943,#4087,#4088);
#3255=DIRECTION('axis',(0.,0.,1.));
#3256=DIRECTION('refdir',(1.,0.,0.));
#3257=DIRECTION('center_axis',(0.,0.,1.));
#3258=DIRECTION('ref_axis',(0.,1.,0.));
#3259=DIRECTION('',(0.,-1.,0.));
#3260=DIRECTION('',(-1.,0.,0.));
#3261=DIRECTION('',(0.,1.,0.));
#3262=DIRECTION('',(-1.,0.,0.));
#3263=DIRECTION('center_axis',(-1.,0.,0.));
#3264=DIRECTION('ref_axis',(0.,0.,1.));
#3265=DIRECTION('',(0.,0.,-1.));
#3266=DIRECTION('',(0.,-1.,0.));
#3267=DIRECTION('',(0.,0.,1.));
#3268=DIRECTION('center_axis',(-1.,0.,0.));
#3269=DIRECTION('ref_axis',(0.,0.,1.));
#3270=DIRECTION('',(0.,0.,1.));
#3271=DIRECTION('',(0.,1.,0.));
#3272=DIRECTION('',(0.,0.,-1.));
#3273=DIRECTION('center_axis',(0.,0.,-1.));
#3274=DIRECTION('ref_axis',(0.,-1.,0.));
#3275=DIRECTION('',(0.,-1.,0.));
#3276=DIRECTION('',(-1.,0.,0.));
#3277=DIRECTION('',(-1.,0.,0.));
#3278=DIRECTION('center_axis',(-1.,0.,0.));
#3279=DIRECTION('ref_axis',(0.,-1.,0.));
#3280=DIRECTION('',(0.,-1.,0.));
#3281=DIRECTION('',(0.,0.,1.));
#3282=DIRECTION('',(0.,0.,-1.));
#3283=DIRECTION('center_axis',(-1.,0.,0.));
#3284=DIRECTION('ref_axis',(0.,1.,0.));
#3285=DIRECTION('center_axis',(-1.,0.,0.));
#3286=DIRECTION('ref_axis',(0.,1.,0.));
#3287=DIRECTION('',(-1.,0.,0.));
#3288=DIRECTION('center_axis',(1.,0.,0.));
#3289=DIRECTION('ref_axis',(0.,1.,0.));
#3290=DIRECTION('center_axis',(-1.,0.,0.));
#3291=DIRECTION('ref_axis',(0.,1.,0.));
#3292=DIRECTION('center_axis',(-1.,0.,0.));
#3293=DIRECTION('ref_axis',(0.,1.,0.));
#3294=DIRECTION('',(-1.,0.,0.));
#3295=DIRECTION('center_axis',(1.,0.,0.));
#3296=DIRECTION('ref_axis',(0.,1.,0.));
#3297=DIRECTION('center_axis',(0.,-0.832050294337844,-0.554700196225229));
#3298=DIRECTION('ref_axis',(0.,-0.554700196225229,0.832050294337844));
#3299=DIRECTION('',(0.,0.554700196225229,-0.832050294337844));
#3300=DIRECTION('',(-1.,0.,0.));
#3301=DIRECTION('',(0.,-0.554700196225229,0.832050294337844));
#3302=DIRECTION('',(1.,0.,0.));
#3303=DIRECTION('center_axis',(0.,-0.832050294337844,-0.554700196225229));
#3304=DIRECTION('ref_axis',(0.,-0.554700196225229,0.832050294337844));
#3305=DIRECTION('',(0.,-0.554700196225229,0.832050294337844));
#3306=DIRECTION('',(1.,0.,0.));
#3307=DIRECTION('',(0.,0.554700196225229,-0.832050294337844));
#3308=DIRECTION('',(-1.,0.,0.));
#3309=DIRECTION('center_axis',(-1.,0.,0.));
#3310=DIRECTION('ref_axis',(0.,-1.,0.));
#3311=DIRECTION('',(0.,1.,0.));
#3312=DIRECTION('',(0.,0.,1.));
#3313=DIRECTION('',(0.,-1.,0.));
#3314=DIRECTION('center_axis',(-1.,0.,0.));
#3315=DIRECTION('ref_axis',(0.,-1.,0.));
#3316=DIRECTION('',(0.,1.,0.));
#3317=DIRECTION('',(0.,0.,1.));
#3318=DIRECTION('',(0.,-1.,0.));
#3319=DIRECTION('center_axis',(0.,1.,0.));
#3320=DIRECTION('ref_axis',(0.,0.,-1.));
#3321=DIRECTION('',(-1.,1.22464679914735E-16,0.));
#3322=DIRECTION('',(-1.,1.22464679914735E-16,0.));
#3323=DIRECTION('',(0.,0.,-1.));
#3324=DIRECTION('',(-1.,0.,0.));
#3325=DIRECTION('',(0.,0.,1.));
#3326=DIRECTION('',(-1.,1.22464679914735E-16,0.));
#3327=DIRECTION('center_axis',(1.,0.,0.));
#3328=DIRECTION('ref_axis',(0.,1.,0.));
#3329=DIRECTION('',(0.,1.,0.));
#3330=DIRECTION('',(0.,0.,1.));
#3331=DIRECTION('',(0.,-1.,0.));
#3332=DIRECTION('center_axis',(0.,0.,1.));
#3333=DIRECTION('ref_axis',(1.,0.,0.));
#3334=DIRECTION('',(1.,0.,0.));
#3335=DIRECTION('center_axis',(0.,0.,1.));
#3336=DIRECTION('ref_axis',(0.,1.,0.));
#3337=DIRECTION('',(-1.,1.22464679914735E-16,0.));
#3338=DIRECTION('center_axis',(1.,0.,0.));
#3339=DIRECTION('ref_axis',(0.,1.,0.));
#3340=DIRECTION('',(0.,1.,0.));
#3341=DIRECTION('',(0.,0.,1.));
#3342=DIRECTION('',(0.,-1.,0.));
#3343=DIRECTION('center_axis',(0.,0.,1.));
#3344=DIRECTION('ref_axis',(1.,0.,0.));
#3345=DIRECTION('',(1.,0.,0.));
#3346=DIRECTION('center_axis',(0.,0.,1.));
#3347=DIRECTION('ref_axis',(0.,1.,0.));
#3348=DIRECTION('',(0.,1.,0.));
#3349=DIRECTION('',(1.,0.,0.));
#3350=DIRECTION('',(0.,1.,0.));
#3351=DIRECTION('',(-1.,1.22464679914735E-16,0.));
#3352=DIRECTION('',(-1.,0.,0.));
#3353=DIRECTION('',(-1.,0.,0.));
#3354=DIRECTION('',(0.,1.,0.));
#3355=DIRECTION('',(-1.,1.22464679914735E-16,0.));
#3356=DIRECTION('',(0.,-1.,0.));
#3357=DIRECTION('',(-1.,0.,0.));
#3358=DIRECTION('',(0.,1.,0.));
#3359=DIRECTION('',(1.,0.,0.));
#3360=DIRECTION('center_axis',(0.,0.,1.));
#3361=DIRECTION('ref_axis',(0.,1.,0.));
#3362=DIRECTION('',(-1.,1.22464679914735E-16,0.));
#3363=DIRECTION('center_axis',(0.,0.,-1.));
#3364=DIRECTION('ref_axis',(1.,-1.30614473485313E-16,0.));
#3365=DIRECTION('',(0.,-1.,0.));
#3366=DIRECTION('',(1.,0.,0.));
#3367=DIRECTION('',(0.,-1.,0.));
#3368=DIRECTION('center_axis',(0.,0.,-1.));
#3369=DIRECTION('ref_axis',(1.,-5.18104078158405E-15,0.));
#3370=DIRECTION('center_axis',(-1.,0.,0.));
#3371=DIRECTION('ref_axis',(0.,1.,0.));
#3372=DIRECTION('center_axis',(-1.,0.,0.));
#3373=DIRECTION('ref_axis',(0.,1.,0.));
#3374=DIRECTION('',(-1.,0.,0.));
#3375=DIRECTION('center_axis',(1.,0.,0.));
#3376=DIRECTION('ref_axis',(0.,1.,0.));
#3377=DIRECTION('center_axis',(-1.,0.,0.));
#3378=DIRECTION('ref_axis',(0.,0.707106781186547,-0.707106781186547));
#3379=DIRECTION('center_axis',(1.,0.,0.));
#3380=DIRECTION('ref_axis',(0.,0.707106781186547,-0.707106781186547));
#3381=DIRECTION('',(1.,0.,0.));
#3382=DIRECTION('center_axis',(-1.,0.,0.));
#3383=DIRECTION('ref_axis',(0.,0.707106781186547,-0.707106781186547));
#3384=DIRECTION('',(-1.,0.,0.));
#3385=DIRECTION('center_axis',(1.,0.,0.));
#3386=DIRECTION('ref_axis',(0.,0.,-1.));
#3387=DIRECTION('',(0.,0.,-1.));
#3388=DIRECTION('center_axis',(-1.,0.,0.));
#3389=DIRECTION('ref_axis',(0.,0.707106781186547,0.707106781186547));
#3390=DIRECTION('',(0.,1.,0.));
#3391=DIRECTION('center_axis',(0.,1.,0.));
#3392=DIRECTION('ref_axis',(0.,0.,1.));
#3393=DIRECTION('',(0.,0.,1.));
#3394=DIRECTION('',(-1.,0.,0.));
#3395=DIRECTION('center_axis',(1.,0.,0.));
#3396=DIRECTION('ref_axis',(0.,0.707106781186547,0.707106781186547));
#3397=DIRECTION('center_axis',(1.,0.,0.));
#3398=DIRECTION('ref_axis',(0.,0.707106781186547,0.707106781186547));
#3399=DIRECTION('center_axis',(-1.,0.,0.));
#3400=DIRECTION('ref_axis',(0.,0.,1.));
#3401=DIRECTION('',(0.,1.,0.));
#3402=DIRECTION('',(0.,0.,-1.));
#3403=DIRECTION('center_axis',(0.,1.,0.));
#3404=DIRECTION('ref_axis',(0.,0.,-1.));
#3405=DIRECTION('',(-1.,0.,0.));
#3406=DIRECTION('',(0.,0.,1.));
#3407=DIRECTION('center_axis',(0.,0.,-1.));
#3408=DIRECTION('ref_axis',(1.,1.11022302462516E-16,0.));
#3409=DIRECTION('',(0.,0.,1.));
#3410=DIRECTION('',(0.,0.,1.));
#3411=DIRECTION('center_axis',(0.,0.,-1.));
#3412=DIRECTION('ref_axis',(1.,-1.30614473485313E-16,0.));
#3413=DIRECTION('center_axis',(0.,0.,-1.));
#3414=DIRECTION('ref_axis',(1.,1.11022302462516E-16,0.));
#3415=DIRECTION('',(0.,0.,-1.));
#3416=DIRECTION('center_axis',(0.,0.,-1.));
#3417=DIRECTION('ref_axis',(1.,-5.18104078158405E-15,0.));
#3418=DIRECTION('center_axis',(1.,0.,0.));
#3419=DIRECTION('ref_axis',(0.,0.,1.));
#3420=DIRECTION('',(0.,0.,-1.));
#3421=DIRECTION('',(0.,-1.,0.));
#3422=DIRECTION('center_axis',(-1.,0.,0.));
#3423=DIRECTION('ref_axis',(0.,0.,-1.));
#3424=DIRECTION('',(0.,0.,1.));
#3425=DIRECTION('',(0.,-1.,0.));
#3426=DIRECTION('center_axis',(0.,1.,0.));
#3427=DIRECTION('ref_axis',(-1.,0.,0.));
#3428=DIRECTION('',(-1.,0.,0.));
#3429=DIRECTION('center_axis',(0.,0.,-1.));
#3430=DIRECTION('ref_axis',(1.,0.,0.));
#3431=DIRECTION('center_axis',(0.,0.,-1.));
#3432=DIRECTION('ref_axis',(1.,0.,0.));
#3433=DIRECTION('',(0.,0.,1.));
#3434=DIRECTION('center_axis',(0.,0.,1.));
#3435=DIRECTION('ref_axis',(1.,0.,0.));
#3436=DIRECTION('center_axis',(0.,0.,-1.));
#3437=DIRECTION('ref_axis',(1.,0.,0.));
#3438=DIRECTION('center_axis',(1.,0.,0.));
#3439=DIRECTION('ref_axis',(0.,1.,0.));
#3440=DIRECTION('',(0.,1.,0.));
#3441=DIRECTION('',(0.,0.,-1.));
#3442=DIRECTION('',(0.,1.,0.));
#3443=DIRECTION('',(0.,0.,1.));
#3444=DIRECTION('center_axis',(0.,0.,1.));
#3445=DIRECTION('ref_axis',(1.,0.,0.));
#3446=DIRECTION('',(-1.,0.,0.));
#3447=DIRECTION('',(1.,0.,0.));
#3448=DIRECTION('center_axis',(0.,0.,-1.));
#3449=DIRECTION('ref_axis',(0.,-1.,0.));
#3450=DIRECTION('',(-1.,0.,0.));
#3451=DIRECTION('',(0.,1.,0.));
#3452=DIRECTION('',(-1.,0.,0.));
#3453=DIRECTION('center_axis',(0.,1.,0.));
#3454=DIRECTION('ref_axis',(0.,0.,-1.));
#3455=DIRECTION('',(-1.,0.,0.));
#3456=DIRECTION('center_axis',(0.,1.,0.));
#3457=DIRECTION('ref_axis',(0.258819045102521,0.,-0.965925826289068));
#3458=DIRECTION('',(-0.866025403784439,0.,-0.5));
#3459=DIRECTION('center_axis',(0.,-1.,0.));
#3460=DIRECTION('ref_axis',(-0.258819045102521,0.,0.965925826289068));
#3461=DIRECTION('',(0.,0.,-1.));
#3462=DIRECTION('',(-1.,0.,0.));
#3463=DIRECTION('center_axis',(0.,1.,0.));
#3464=DIRECTION('ref_axis',(-0.258819045102521,0.,0.965925826289068));
#3465=DIRECTION('',(-0.866025403784439,0.,-0.5));
#3466=DIRECTION('center_axis',(0.,-1.,0.));
#3467=DIRECTION('ref_axis',(0.258819045102521,0.,-0.965925826289068));
#3468=DIRECTION('center_axis',(-1.,0.,0.));
#3469=DIRECTION('ref_axis',(0.,1.,0.));
#3470=DIRECTION('center_axis',(-1.,0.,0.));
#3471=DIRECTION('ref_axis',(0.,1.,0.));
#3472=DIRECTION('',(-1.,0.,0.));
#3473=DIRECTION('center_axis',(1.,0.,0.));
#3474=DIRECTION('ref_axis',(0.,1.,0.));
#3475=DIRECTION('center_axis',(-1.,0.,0.));
#3476=DIRECTION('ref_axis',(0.,0.707106781186547,0.707106781186548));
#3477=DIRECTION('center_axis',(1.,0.,0.));
#3478=DIRECTION('ref_axis',(0.,0.707106781186547,0.707106781186548));
#3479=DIRECTION('',(1.,0.,0.));
#3480=DIRECTION('center_axis',(-1.,0.,0.));
#3481=DIRECTION('ref_axis',(0.,0.707106781186547,0.707106781186548));
#3482=DIRECTION('',(-1.,0.,0.));
#3483=DIRECTION('center_axis',(1.,0.,0.));
#3484=DIRECTION('ref_axis',(0.,1.,0.));
#3485=DIRECTION('',(0.,1.,0.));
#3486=DIRECTION('center_axis',(-1.,0.,0.));
#3487=DIRECTION('ref_axis',(0.,-0.707106781186547,0.707106781186548));
#3488=DIRECTION('',(0.,0.,1.));
#3489=DIRECTION('',(0.,0.,1.));
#3490=DIRECTION('center_axis',(0.,0.,1.));
#3491=DIRECTION('ref_axis',(1.,0.,0.));
#3492=DIRECTION('',(0.,-1.,0.));
#3493=DIRECTION('',(-1.,0.,0.));
#3494=DIRECTION('center_axis',(1.,0.,0.));
#3495=DIRECTION('ref_axis',(0.,-0.707106781186547,0.707106781186548));
#3496=DIRECTION('center_axis',(1.,0.,0.));
#3497=DIRECTION('ref_axis',(0.,-0.707106781186547,0.707106781186548));
#3498=DIRECTION('',(1.,0.,0.));
#3499=DIRECTION('center_axis',(0.,-1.,0.));
#3500=DIRECTION('ref_axis',(1.,0.,0.));
#3501=DIRECTION('',(0.,0.,1.));
#3502=DIRECTION('center_axis',(-1.,0.,0.));
#3503=DIRECTION('ref_axis',(0.,-1.,0.));
#3504=DIRECTION('',(0.,0.,1.));
#3505=DIRECTION('center_axis',(0.,1.,0.));
#3506=DIRECTION('ref_axis',(-1.,0.,0.));
#3507=DIRECTION('center_axis',(-1.,0.,0.));
#3508=DIRECTION('ref_axis',(0.,0.,-1.));
#3509=DIRECTION('',(0.,-1.,0.));
#3510=DIRECTION('',(0.,0.,1.));
#3511=DIRECTION('',(0.,-1.,0.));
#3512=DIRECTION('center_axis',(1.,0.,0.));
#3513=DIRECTION('ref_axis',(0.,0.5,0.866025403784439));
#3514=DIRECTION('',(0.,-0.5,0.866025403784439));
#3515=DIRECTION('center_axis',(-1.,0.,0.));
#3516=DIRECTION('ref_axis',(0.,-0.5,-0.866025403784439));
#3517=DIRECTION('',(0.,-1.,0.));
#3518=DIRECTION('',(0.,0.,-1.));
#3519=DIRECTION('',(0.,-1.,0.));
#3520=DIRECTION('center_axis',(1.,0.,0.));
#3521=DIRECTION('ref_axis',(0.,-0.5,-0.866025403784438));
#3522=DIRECTION('',(0.,-0.5,0.866025403784439));
#3523=DIRECTION('center_axis',(-1.,0.,0.));
#3524=DIRECTION('ref_axis',(0.,0.5,0.866025403784439));
#3525=DIRECTION('center_axis',(0.,1.,0.));
#3526=DIRECTION('ref_axis',(1.,0.,0.));
#3527=DIRECTION('',(0.,0.,-1.));
#3528=DIRECTION('',(1.,0.,0.));
#3529=DIRECTION('center_axis',(1.,0.,0.));
#3530=DIRECTION('ref_axis',(0.,-0.5,-0.866025403784438));
#3531=DIRECTION('center_axis',(-1.,0.,0.));
#3532=DIRECTION('ref_axis',(0.,-0.5,-0.866025403784438));
#3533=DIRECTION('',(-1.,0.,0.));
#3534=DIRECTION('',(1.,0.,0.));
#3535=DIRECTION('center_axis',(0.,-0.866025403784439,-0.5));
#3536=DIRECTION('ref_axis',(1.,0.,0.));
#3537=DIRECTION('',(0.,-0.5,0.866025403784439));
#3538=DIRECTION('',(1.,0.,0.));
#3539=DIRECTION('center_axis',(-1.,0.,0.));
#3540=DIRECTION('ref_axis',(0.,-0.5,-0.866025403784439));
#3541=DIRECTION('center_axis',(1.,0.,0.));
#3542=DIRECTION('ref_axis',(0.,-0.5,-0.866025403784439));
#3543=DIRECTION('',(-1.,0.,0.));
#3544=DIRECTION('',(1.,0.,0.));
#3545=DIRECTION('center_axis',(0.,0.,1.));
#3546=DIRECTION('ref_axis',(-1.,0.,0.));
#3547=DIRECTION('',(0.,-1.,0.));
#3548=DIRECTION('',(-1.,0.,0.));
#3549=DIRECTION('center_axis',(1.,0.,0.));
#3550=DIRECTION('ref_axis',(0.,0.5,0.866025403784439));
#3551=DIRECTION('',(1.,0.,0.));
#3552=DIRECTION('center_axis',(1.,0.,0.));
#3553=DIRECTION('ref_axis',(0.,0.5,0.866025403784439));
#3554=DIRECTION('center_axis',(-1.,0.,0.));
#3555=DIRECTION('ref_axis',(0.,0.5,0.866025403784439));
#3556=DIRECTION('',(1.,0.,0.));
#3557=DIRECTION('center_axis',(-1.,0.,0.));
#3558=DIRECTION('ref_axis',(0.,0.5,0.866025403784439));
#3559=DIRECTION('',(-1.,0.,0.));
#3560=DIRECTION('center_axis',(0.,0.866025403784439,0.5));
#3561=DIRECTION('ref_axis',(-1.,0.,0.));
#3562=DIRECTION('',(0.,-0.5,0.866025403784439));
#3563=DIRECTION('center_axis',(0.,0.,1.));
#3564=DIRECTION('ref_axis',(-1.,0.,0.));
#3565=DIRECTION('',(0.,-1.,0.));
#3566=DIRECTION('center_axis',(1.,0.,0.));
#3567=DIRECTION('ref_axis',(0.,0.,1.));
#3568=DIRECTION('',(0.,1.,0.));
#3569=DIRECTION('',(0.,-1.,0.));
#3570=DIRECTION('',(0.,0.,1.));
#3571=DIRECTION('center_axis',(0.,0.,-1.));
#3572=DIRECTION('ref_axis',(1.,0.,0.));
#3573=DIRECTION('',(1.,0.,0.));
#3574=DIRECTION('center_axis',(0.,1.,0.));
#3575=DIRECTION('ref_axis',(-1.,0.,0.));
#3576=DIRECTION('center_axis',(0.,0.,-1.));
#3577=DIRECTION('ref_axis',(0.,-1.,0.));
#3578=DIRECTION('',(-1.,1.22464679914735E-16,0.));
#3579=DIRECTION('',(0.,-1.,0.));
#3580=DIRECTION('center_axis',(0.,-1.,0.));
#3581=DIRECTION('ref_axis',(0.258819045102521,0.,-0.965925826289068));
#3582=DIRECTION('center_axis',(0.,1.,0.));
#3583=DIRECTION('ref_axis',(0.258819045102521,0.,-0.965925826289068));
#3584=DIRECTION('',(0.,-1.,0.));
#3585=DIRECTION('center_axis',(0.5,0.,-0.866025403784439));
#3586=DIRECTION('ref_axis',(0.,-1.,0.));
#3587=DIRECTION('',(0.,1.,0.));
#3588=DIRECTION('',(-0.866025403784439,0.,-0.5));
#3589=DIRECTION('center_axis',(0.,-1.,0.));
#3590=DIRECTION('ref_axis',(-0.258819045102521,0.,0.965925826289068));
#3591=DIRECTION('center_axis',(0.,-1.,0.));
#3592=DIRECTION('ref_axis',(-0.258819045102521,0.,0.965925826289068));
#3593=DIRECTION('center_axis',(0.,1.,0.));
#3594=DIRECTION('ref_axis',(-0.258819045102521,0.,0.965925826289068));
#3595=DIRECTION('',(0.,-1.,0.));
#3596=DIRECTION('center_axis',(0.,1.,0.));
#3597=DIRECTION('ref_axis',(-0.258819045102521,0.,0.965925826289068));
#3598=DIRECTION('center_axis',(0.,1.,0.));
#3599=DIRECTION('ref_axis',(0.258819045102521,0.,-0.965925826289068));
#3600=DIRECTION('center_axis',(0.,-1.,0.));
#3601=DIRECTION('ref_axis',(0.258819045102521,0.,-0.965925826289068));
#3602=DIRECTION('',(0.,1.,0.));
#3603=DIRECTION('',(0.,-1.,0.));
#3604=DIRECTION('center_axis',(-0.5,0.,0.866025403784439));
#3605=DIRECTION('ref_axis',(0.,1.,0.));
#3606=DIRECTION('',(-0.866025403784439,0.,-0.5));
#3607=DIRECTION('center_axis',(0.,0.,1.));
#3608=DIRECTION('ref_axis',(0.,1.,0.));
#3609=DIRECTION('',(-1.,0.,0.));
#3610=DIRECTION('center_axis',(0.,-1.,0.));
#3611=DIRECTION('ref_axis',(0.,0.,1.));
#3612=DIRECTION('center_axis',(-1.,0.,0.));
#3613=DIRECTION('ref_axis',(0.,1.,0.));
#3614=DIRECTION('center_axis',(-1.,0.,0.));
#3615=DIRECTION('ref_axis',(0.,1.,0.));
#3616=DIRECTION('',(-1.,0.,0.));
#3617=DIRECTION('center_axis',(1.,0.,0.));
#3618=DIRECTION('ref_axis',(0.,1.,0.));
#3619=DIRECTION('center_axis',(0.,0.,-1.));
#3620=DIRECTION('ref_axis',(0.707106781186548,0.707106781186547,0.));
#3621=DIRECTION('center_axis',(0.,0.,1.));
#3622=DIRECTION('ref_axis',(0.707106781186548,0.707106781186547,0.));
#3623=DIRECTION('',(0.,0.,1.));
#3624=DIRECTION('center_axis',(0.,0.,-1.));
#3625=DIRECTION('ref_axis',(0.707106781186548,0.707106781186547,0.));
#3626=DIRECTION('',(0.,0.,-1.));
#3627=DIRECTION('center_axis',(1.,0.,0.));
#3628=DIRECTION('ref_axis',(0.,0.,1.));
#3629=DIRECTION('',(0.,-1.,0.));
#3630=DIRECTION('center_axis',(-1.,0.,0.));
#3631=DIRECTION('ref_axis',(0.,-0.707106781186548,0.707106781186547));
#3632=DIRECTION('',(0.,0.,1.));
#3633=DIRECTION('center_axis',(-1.,0.,0.));
#3634=DIRECTION('ref_axis',(0.,-0.707106781186548,-0.707106781186547));
#3635=DIRECTION('',(0.,1.,0.));
#3636=DIRECTION('center_axis',(0.,0.,1.));
#3637=DIRECTION('ref_axis',(-1.,0.,0.));
#3638=DIRECTION('',(1.,0.,0.));
#3639=DIRECTION('center_axis',(0.,0.,-1.));
#3640=DIRECTION('ref_axis',(-0.707106781186548,0.707106781186547,0.));
#3641=DIRECTION('',(0.,-1.,0.));
#3642=DIRECTION('',(-1.,0.,0.));
#3643=DIRECTION('center_axis',(0.,0.,1.));
#3644=DIRECTION('ref_axis',(-0.707106781186548,0.707106781186547,0.));
#3645=DIRECTION('',(0.,0.,-1.));
#3646=DIRECTION('center_axis',(0.,0.,1.));
#3647=DIRECTION('ref_axis',(-0.707106781186548,0.707106781186547,0.));
#3648=DIRECTION('',(0.,0.,1.));
#3649=DIRECTION('center_axis',(-1.,0.,0.));
#3650=DIRECTION('ref_axis',(0.,0.,-1.));
#3651=DIRECTION('',(0.,-1.,0.));
#3652=DIRECTION('center_axis',(1.,0.,0.));
#3653=DIRECTION('ref_axis',(0.,-0.707106781186548,-0.707106781186547));
#3654=DIRECTION('',(0.,0.,-1.));
#3655=DIRECTION('center_axis',(1.,0.,0.));
#3656=DIRECTION('ref_axis',(0.,-0.707106781186548,0.707106781186547));
#3657=DIRECTION('center_axis',(-1.,0.,0.));
#3658=DIRECTION('ref_axis',(0.,-0.707106781186548,0.707106781186547));
#3659=DIRECTION('',(1.,0.,0.));
#3660=DIRECTION('center_axis',(0.,-1.,0.));
#3661=DIRECTION('ref_axis',(0.,0.,-1.));
#3662=DIRECTION('',(-1.,0.,0.));
#3663=DIRECTION('center_axis',(1.,0.,0.));
#3664=DIRECTION('ref_axis',(0.,-0.707106781186548,-0.707106781186547));
#3665=DIRECTION('',(1.,0.,0.));
#3666=DIRECTION('center_axis',(0.,0.,-1.));
#3667=DIRECTION('ref_axis',(1.,0.,0.));
#3668=DIRECTION('',(-1.,0.,0.));
#3669=DIRECTION('center_axis',(0.,1.,0.));
#3670=DIRECTION('ref_axis',(0.,0.,1.));
#3671=DIRECTION('center_axis',(0.,0.,1.));
#3672=DIRECTION('ref_axis',(0.,1.,0.));
#3673=DIRECTION('',(0.,-1.,0.));
#3674=DIRECTION('',(-1.,0.,0.));
#3675=DIRECTION('',(0.,1.,0.));
#3676=DIRECTION('',(-1.,0.,0.));
#3677=DIRECTION('center_axis',(-1.,0.,0.));
#3678=DIRECTION('ref_axis',(0.,0.,1.));
#3679=DIRECTION('',(0.,0.,-1.));
#3680=DIRECTION('',(0.,-1.,0.));
#3681=DIRECTION('',(0.,0.,1.));
#3682=DIRECTION('center_axis',(-1.,0.,0.));
#3683=DIRECTION('ref_axis',(0.,0.,1.));
#3684=DIRECTION('',(0.,0.,1.));
#3685=DIRECTION('',(0.,1.,0.));
#3686=DIRECTION('',(0.,0.,-1.));
#3687=DIRECTION('center_axis',(0.,0.,-1.));
#3688=DIRECTION('ref_axis',(0.,-1.,0.));
#3689=DIRECTION('',(0.,1.,0.));
#3690=DIRECTION('',(-1.,0.,0.));
#3691=DIRECTION('',(-1.,0.,0.));
#3692=DIRECTION('center_axis',(-1.,0.,0.));
#3693=DIRECTION('ref_axis',(0.,-1.,0.));
#3694=DIRECTION('',(0.,1.,0.));
#3695=DIRECTION('',(0.,0.,-1.));
#3696=DIRECTION('',(0.,0.,1.));
#3697=DIRECTION('center_axis',(-1.,0.,0.));
#3698=DIRECTION('ref_axis',(0.,1.,0.));
#3699=DIRECTION('center_axis',(-1.,0.,0.));
#3700=DIRECTION('ref_axis',(0.,1.,0.));
#3701=DIRECTION('',(-1.,0.,0.));
#3702=DIRECTION('center_axis',(1.,0.,0.));
#3703=DIRECTION('ref_axis',(0.,1.,0.));
#3704=DIRECTION('center_axis',(-1.,0.,0.));
#3705=DIRECTION('ref_axis',(0.,1.,0.));
#3706=DIRECTION('center_axis',(-1.,0.,0.));
#3707=DIRECTION('ref_axis',(0.,1.,0.));
#3708=DIRECTION('',(-1.,0.,0.));
#3709=DIRECTION('center_axis',(1.,0.,0.));
#3710=DIRECTION('ref_axis',(0.,1.,0.));
#3711=DIRECTION('center_axis',(0.,0.832050294337843,-0.554700196225229));
#3712=DIRECTION('ref_axis',(0.,-0.554700196225229,-0.832050294337844));
#3713=DIRECTION('',(0.,0.554700196225229,0.832050294337844));
#3714=DIRECTION('',(-1.,0.,0.));
#3715=DIRECTION('',(0.,-0.554700196225229,-0.832050294337844));
#3716=DIRECTION('',(1.,0.,0.));
#3717=DIRECTION('center_axis',(0.,0.832050294337843,-0.554700196225229));
#3718=DIRECTION('ref_axis',(0.,-0.554700196225229,-0.832050294337844));
#3719=DIRECTION('',(0.,-0.554700196225229,-0.832050294337844));
#3720=DIRECTION('',(1.,0.,0.));
#3721=DIRECTION('',(0.,0.554700196225229,0.832050294337844));
#3722=DIRECTION('',(-1.,0.,0.));
#3723=DIRECTION('center_axis',(-1.,0.,0.));
#3724=DIRECTION('ref_axis',(0.,-1.,0.));
#3725=DIRECTION('',(0.,-1.,0.));
#3726=DIRECTION('',(0.,0.,1.));
#3727=DIRECTION('',(0.,1.,0.));
#3728=DIRECTION('center_axis',(0.,0.,1.));
#3729=DIRECTION('ref_axis',(1.,0.,0.));
#3730=DIRECTION('',(0.,1.,0.));
#3731=DIRECTION('',(-1.,0.,0.));
#3732=DIRECTION('center_axis',(1.,0.,0.));
#3733=DIRECTION('ref_axis',(0.,1.,0.));
#3734=DIRECTION('',(0.,-1.,0.));
#3735=DIRECTION('',(0.,0.,1.));
#3736=DIRECTION('center_axis',(0.,0.,1.));
#3737=DIRECTION('ref_axis',(1.,0.,0.));
#3738=DIRECTION('',(0.,1.,0.));
#3739=DIRECTION('',(-1.,0.,0.));
#3740=DIRECTION('',(0.,-1.,0.));
#3741=DIRECTION('center_axis',(1.,0.,0.));
#3742=DIRECTION('ref_axis',(0.,1.,0.));
#3743=DIRECTION('',(0.,-1.,0.));
#3744=DIRECTION('',(0.,0.,1.));
#3745=DIRECTION('center_axis',(0.,0.,-1.));
#3746=DIRECTION('ref_axis',(0.,-1.,0.));
#3747=DIRECTION('',(-1.,-1.22464679914735E-16,0.));
#3748=DIRECTION('',(0.,1.,0.));
#3749=DIRECTION('',(-1.,-1.22464679914735E-16,0.));
#3750=DIRECTION('center_axis',(0.,0.,-1.));
#3751=DIRECTION('ref_axis',(0.,-1.,0.));
#3752=DIRECTION('',(-1.,-1.22464679914735E-16,0.));
#3753=DIRECTION('',(0.,-1.,0.));
#3754=DIRECTION('',(-1.,0.,0.));
#3755=DIRECTION('',(-1.,0.,0.));
#3756=DIRECTION('',(-1.,-1.22464679914735E-16,0.));
#3757=DIRECTION('',(0.,1.,0.));
#3758=DIRECTION('',(1.,0.,0.));
#3759=DIRECTION('',(0.,-1.,0.));
#3760=DIRECTION('',(-1.,0.,0.));
#3761=DIRECTION('center_axis',(-1.,0.,0.));
#3762=DIRECTION('ref_axis',(0.,-1.,0.));
#3763=DIRECTION('',(0.,0.,1.));
#3764=DIRECTION('center_axis',(0.,0.,1.));
#3765=DIRECTION('ref_axis',(1.,-1.11022302462516E-16,0.));
#3766=DIRECTION('',(0.,0.,1.));
#3767=DIRECTION('center_axis',(0.,0.,1.));
#3768=DIRECTION('ref_axis',(1.,1.30614473485313E-16,0.));
#3769=DIRECTION('',(0.,0.,1.));
#3770=DIRECTION('center_axis',(0.,0.,1.));
#3771=DIRECTION('ref_axis',(1.,1.30614473485313E-16,0.));
#3772=DIRECTION('center_axis',(0.,0.,1.));
#3773=DIRECTION('ref_axis',(1.,-1.11022302462516E-16,0.));
#3774=DIRECTION('',(0.,0.,-1.));
#3775=DIRECTION('center_axis',(0.,0.,1.));
#3776=DIRECTION('ref_axis',(1.,5.18104078158405E-15,0.));
#3777=DIRECTION('',(0.,0.,-1.));
#3778=DIRECTION('center_axis',(0.,0.,1.));
#3779=DIRECTION('ref_axis',(1.,5.18104078158405E-15,0.));
#3780=DIRECTION('center_axis',(-1.,0.,0.));
#3781=DIRECTION('ref_axis',(0.,0.,1.));
#3782=DIRECTION('',(0.,0.,-1.));
#3783=DIRECTION('',(0.,1.,0.));
#3784=DIRECTION('',(0.,1.,0.));
#3785=DIRECTION('center_axis',(1.,0.,0.));
#3786=DIRECTION('ref_axis',(0.,0.,-1.));
#3787=DIRECTION('',(0.,0.,1.));
#3788=DIRECTION('',(0.,1.,0.));
#3789=DIRECTION('',(0.,1.,0.));
#3790=DIRECTION('center_axis',(0.,1.,0.));
#3791=DIRECTION('ref_axis',(-1.,0.,0.));
#3792=DIRECTION('',(-1.,0.,0.));
#3793=DIRECTION('',(1.,0.,0.));
#3794=DIRECTION('center_axis',(0.,0.,1.));
#3795=DIRECTION('ref_axis',(1.,0.,0.));
#3796=DIRECTION('center_axis',(0.,0.,1.));
#3797=DIRECTION('ref_axis',(1.,0.,0.));
#3798=DIRECTION('',(0.,0.,1.));
#3799=DIRECTION('center_axis',(0.,0.,-1.));
#3800=DIRECTION('ref_axis',(1.,0.,0.));
#3801=DIRECTION('center_axis',(0.,0.,1.));
#3802=DIRECTION('ref_axis',(1.,0.,0.));
#3803=DIRECTION('center_axis',(-1.,0.,0.));
#3804=DIRECTION('ref_axis',(0.,-1.,0.));
#3805=DIRECTION('',(0.,-1.,0.));
#3806=DIRECTION('',(0.,0.,1.));
#3807=DIRECTION('',(0.,-1.,0.));
#3808=DIRECTION('',(0.,0.,-1.));
#3809=DIRECTION('center_axis',(0.,0.,-1.));
#3810=DIRECTION('ref_axis',(1.,0.,0.));
#3811=DIRECTION('',(-1.,0.,0.));
#3812=DIRECTION('',(1.,0.,0.));
#3813=DIRECTION('center_axis',(0.,0.,1.));
#3814=DIRECTION('ref_axis',(0.,1.,0.));
#3815=DIRECTION('',(-1.,0.,0.));
#3816=DIRECTION('',(0.,-1.,0.));
#3817=DIRECTION('',(-1.,0.,0.));
#3818=DIRECTION('center_axis',(0.,1.,0.));
#3819=DIRECTION('ref_axis',(0.,0.,-1.));
#3820=DIRECTION('center_axis',(0.,-1.,0.));
#3821=DIRECTION('ref_axis',(0.258819045102521,0.,-0.965925826289068));
#3822=DIRECTION('',(-0.866025403784439,0.,-0.5));
#3823=DIRECTION('center_axis',(0.,1.,0.));
#3824=DIRECTION('ref_axis',(-0.258819045102521,0.,0.965925826289068));
#3825=DIRECTION('',(-1.,0.,0.));
#3826=DIRECTION('',(0.,0.,-1.));
#3827=DIRECTION('center_axis',(0.,-1.,0.));
#3828=DIRECTION('ref_axis',(-0.258819045102521,0.,0.965925826289068));
#3829=DIRECTION('',(-0.866025403784439,0.,-0.5));
#3830=DIRECTION('center_axis',(0.,1.,0.));
#3831=DIRECTION('ref_axis',(0.258819045102521,0.,-0.965925826289068));
#3832=DIRECTION('',(-1.,0.,0.));
#3833=DIRECTION('center_axis',(1.,0.,0.));
#3834=DIRECTION('ref_axis',(0.,-1.,0.));
#3835=DIRECTION('center_axis',(1.,0.,0.));
#3836=DIRECTION('ref_axis',(0.,-1.,0.));
#3837=DIRECTION('',(-1.,0.,0.));
#3838=DIRECTION('center_axis',(-1.,0.,0.));
#3839=DIRECTION('ref_axis',(0.,-1.,0.));
#3840=DIRECTION('center_axis',(1.,0.,0.));
#3841=DIRECTION('ref_axis',(0.,-0.707106781186547,0.707106781186548));
#3842=DIRECTION('center_axis',(-1.,0.,0.));
#3843=DIRECTION('ref_axis',(0.,-0.707106781186547,0.707106781186548));
#3844=DIRECTION('',(-1.,0.,0.));
#3845=DIRECTION('center_axis',(1.,0.,0.));
#3846=DIRECTION('ref_axis',(0.,-0.707106781186547,0.707106781186548));
#3847=DIRECTION('',(1.,0.,0.));
#3848=DIRECTION('center_axis',(-1.,0.,0.));
#3849=DIRECTION('ref_axis',(0.,-1.,0.));
#3850=DIRECTION('',(0.,0.,1.));
#3851=DIRECTION('',(0.,0.,1.));
#3852=DIRECTION('center_axis',(1.,0.,0.));
#3853=DIRECTION('ref_axis',(0.,0.707106781186547,0.707106781186548));
#3854=DIRECTION('',(0.,-1.,0.));
#3855=DIRECTION('center_axis',(0.,0.,-1.));
#3856=DIRECTION('ref_axis',(1.,0.,0.));
#3857=DIRECTION('',(-1.,0.,0.));
#3858=DIRECTION('',(0.,1.,0.));
#3859=DIRECTION('center_axis',(-1.,0.,0.));
#3860=DIRECTION('ref_axis',(0.,0.707106781186547,0.707106781186548));
#3861=DIRECTION('',(1.,0.,0.));
#3862=DIRECTION('center_axis',(-1.,0.,0.));
#3863=DIRECTION('ref_axis',(0.,0.707106781186547,0.707106781186548));
#3864=DIRECTION('center_axis',(0.,-1.,0.));
#3865=DIRECTION('ref_axis',(1.,0.,0.));
#3866=DIRECTION('',(0.,0.,1.));
#3867=DIRECTION('center_axis',(1.,0.,0.));
#3868=DIRECTION('ref_axis',(0.,1.,0.));
#3869=DIRECTION('',(0.,0.,1.));
#3870=DIRECTION('center_axis',(0.,1.,0.));
#3871=DIRECTION('ref_axis',(-1.,0.,0.));
#3872=DIRECTION('center_axis',(1.,0.,0.));
#3873=DIRECTION('ref_axis',(0.,0.,-1.));
#3874=DIRECTION('',(0.,1.,0.));
#3875=DIRECTION('center_axis',(1.,0.,0.));
#3876=DIRECTION('ref_axis',(0.,-0.5,0.866025403784439));
#3877=DIRECTION('',(0.,0.5,0.866025403784439));
#3878=DIRECTION('center_axis',(-1.,0.,0.));
#3879=DIRECTION('ref_axis',(0.,0.5,-0.866025403784438));
#3880=DIRECTION('',(0.,1.,0.));
#3881=DIRECTION('',(0.,0.,-1.));
#3882=DIRECTION('',(0.,1.,0.));
#3883=DIRECTION('center_axis',(1.,0.,0.));
#3884=DIRECTION('ref_axis',(0.,0.5,-0.866025403784439));
#3885=DIRECTION('',(0.,0.5,0.866025403784439));
#3886=DIRECTION('center_axis',(-1.,0.,0.));
#3887=DIRECTION('ref_axis',(0.,-0.5,0.866025403784439));
#3888=DIRECTION('',(0.,1.,0.));
#3889=DIRECTION('',(0.,0.,1.));
#3890=DIRECTION('center_axis',(0.,1.,0.));
#3891=DIRECTION('ref_axis',(1.,0.,0.));
#3892=DIRECTION('',(1.,0.,0.));
#3893=DIRECTION('',(0.,0.,-1.));
#3894=DIRECTION('center_axis',(-1.,0.,0.));
#3895=DIRECTION('ref_axis',(0.,0.5,-0.866025403784438));
#3896=DIRECTION('center_axis',(1.,0.,0.));
#3897=DIRECTION('ref_axis',(0.,0.5,-0.866025403784438));
#3898=DIRECTION('',(1.,0.,0.));
#3899=DIRECTION('',(-1.,0.,0.));
#3900=DIRECTION('center_axis',(0.,-0.866025403784439,0.5));
#3901=DIRECTION('ref_axis',(1.,0.,0.));
#3902=DIRECTION('',(1.,0.,0.));
#3903=DIRECTION('',(0.,0.5,0.866025403784439));
#3904=DIRECTION('center_axis',(1.,0.,0.));
#3905=DIRECTION('ref_axis',(0.,0.5,-0.866025403784439));
#3906=DIRECTION('center_axis',(-1.,0.,0.));
#3907=DIRECTION('ref_axis',(0.,0.5,-0.866025403784439));
#3908=DIRECTION('',(1.,0.,0.));
#3909=DIRECTION('',(-1.,0.,0.));
#3910=DIRECTION('center_axis',(0.,0.,-1.));
#3911=DIRECTION('ref_axis',(-1.,0.,0.));
#3912=DIRECTION('',(-1.,0.,0.));
#3913=DIRECTION('',(0.,1.,0.));
#3914=DIRECTION('center_axis',(-1.,0.,0.));
#3915=DIRECTION('ref_axis',(0.,-0.5,0.866025403784439));
#3916=DIRECTION('',(1.,0.,0.));
#3917=DIRECTION('center_axis',(-1.,0.,0.));
#3918=DIRECTION('ref_axis',(0.,-0.5,0.866025403784439));
#3919=DIRECTION('center_axis',(1.,0.,0.));
#3920=DIRECTION('ref_axis',(0.,-0.5,0.866025403784439));
#3921=DIRECTION('',(-1.,0.,0.));
#3922=DIRECTION('center_axis',(1.,0.,0.));
#3923=DIRECTION('ref_axis',(0.,-0.5,0.866025403784439));
#3924=DIRECTION('',(1.,0.,0.));
#3925=DIRECTION('center_axis',(0.,0.866025403784439,-0.5));
#3926=DIRECTION('ref_axis',(-1.,0.,0.));
#3927=DIRECTION('',(0.,0.5,0.866025403784439));
#3928=DIRECTION('center_axis',(0.,0.,-1.));
#3929=DIRECTION('ref_axis',(-1.,0.,0.));
#3930=DIRECTION('',(0.,1.,0.));
#3931=DIRECTION('center_axis',(-1.,0.,0.));
#3932=DIRECTION('ref_axis',(0.,0.,1.));
#3933=DIRECTION('',(0.,-1.,0.));
#3934=DIRECTION('',(0.,0.,1.));
#3935=DIRECTION('',(0.,0.,1.));
#3936=DIRECTION('',(0.,1.,0.));
#3937=DIRECTION('center_axis',(0.,0.,1.));
#3938=DIRECTION('ref_axis',(1.,0.,0.));
#3939=DIRECTION('',(1.,0.,0.));
#3940=DIRECTION('center_axis',(0.,1.,0.));
#3941=DIRECTION('ref_axis',(-1.,0.,0.));
#3942=DIRECTION('center_axis',(0.,0.,1.));
#3943=DIRECTION('ref_axis',(0.,1.,0.));
#3944=DIRECTION('',(0.,1.,0.));
#3945=DIRECTION('',(-1.,-1.22464679914735E-16,0.));
#3946=DIRECTION('',(-1.,0.,0.));
#3947=DIRECTION('center_axis',(0.,1.,0.));
#3948=DIRECTION('ref_axis',(0.,0.,-1.));
#3949=DIRECTION('',(-1.,-1.22464679914735E-16,0.));
#3950=DIRECTION('center_axis',(0.,-1.,0.));
#3951=DIRECTION('ref_axis',(0.258819045102521,0.,-0.965925826289068));
#3952=DIRECTION('center_axis',(0.,1.,0.));
#3953=DIRECTION('ref_axis',(0.258819045102521,0.,-0.965925826289068));
#3954=DIRECTION('',(0.,1.,0.));
#3955=DIRECTION('center_axis',(-0.5,0.,0.866025403784439));
#3956=DIRECTION('ref_axis',(0.,1.,0.));
#3957=DIRECTION('',(-0.866025403784439,0.,-0.5));
#3958=DIRECTION('',(0.,-1.,0.));
#3959=DIRECTION('center_axis',(0.,-1.,0.));
#3960=DIRECTION('ref_axis',(-0.258819045102521,0.,0.965925826289068));
#3961=DIRECTION('center_axis',(0.,-1.,0.));
#3962=DIRECTION('ref_axis',(-0.258819045102521,0.,0.965925826289068));
#3963=DIRECTION('center_axis',(0.,1.,0.));
#3964=DIRECTION('ref_axis',(-0.258819045102521,0.,0.965925826289068));
#3965=DIRECTION('center_axis',(0.,1.,0.));
#3966=DIRECTION('ref_axis',(-0.258819045102521,0.,0.965925826289068));
#3967=DIRECTION('',(0.,1.,0.));
#3968=DIRECTION('center_axis',(0.,0.,-1.));
#3969=DIRECTION('ref_axis',(0.,-1.,0.));
#3970=DIRECTION('',(-1.,-1.22464679914735E-16,0.));
#3971=DIRECTION('center_axis',(0.,1.,0.));
#3972=DIRECTION('ref_axis',(0.258819045102521,0.,-0.965925826289068));
#3973=DIRECTION('center_axis',(0.,-1.,0.));
#3974=DIRECTION('ref_axis',(0.258819045102521,0.,-0.965925826289068));
#3975=DIRECTION('',(0.,1.,0.));
#3976=DIRECTION('',(0.,-1.,0.));
#3977=DIRECTION('center_axis',(0.5,0.,-0.866025403784439));
#3978=DIRECTION('ref_axis',(0.,-1.,0.));
#3979=DIRECTION('',(-0.866025403784439,0.,-0.5));
#3980=DIRECTION('center_axis',(0.,0.,-1.));
#3981=DIRECTION('ref_axis',(0.,-1.,0.));
#3982=DIRECTION('',(-1.,0.,0.));
#3983=DIRECTION('center_axis',(0.,-1.,0.));
#3984=DIRECTION('ref_axis',(0.,0.,1.));
#3985=DIRECTION('center_axis',(1.,0.,0.));
#3986=DIRECTION('ref_axis',(0.,-1.,0.));
#3987=DIRECTION('center_axis',(1.,0.,0.));
#3988=DIRECTION('ref_axis',(0.,-1.,0.));
#3989=DIRECTION('',(-1.,0.,0.));
#3990=DIRECTION('center_axis',(-1.,0.,0.));
#3991=DIRECTION('ref_axis',(0.,-1.,0.));
#3992=DIRECTION('center_axis',(0.,0.,1.));
#3993=DIRECTION('ref_axis',(0.707106781186548,-0.707106781186547,0.));
#3994=DIRECTION('center_axis',(0.,0.,-1.));
#3995=DIRECTION('ref_axis',(0.707106781186548,-0.707106781186547,0.));
#3996=DIRECTION('',(0.,0.,-1.));
#3997=DIRECTION('center_axis',(0.,0.,1.));
#3998=DIRECTION('ref_axis',(0.707106781186548,-0.707106781186547,0.));
#3999=DIRECTION('',(0.,0.,1.));
#4000=DIRECTION('center_axis',(-1.,0.,0.));
#4001=DIRECTION('ref_axis',(0.,0.,1.));
#4002=DIRECTION('',(0.,-1.,0.));
#4003=DIRECTION('center_axis',(1.,0.,0.));
#4004=DIRECTION('ref_axis',(0.,0.707106781186548,-0.707106781186547));
#4005=DIRECTION('',(0.,0.,1.));
#4006=DIRECTION('center_axis',(1.,0.,0.));
#4007=DIRECTION('ref_axis',(0.,0.707106781186548,0.707106781186547));
#4008=DIRECTION('',(0.,1.,0.));
#4009=DIRECTION('center_axis',(0.,0.,-1.));
#4010=DIRECTION('ref_axis',(-1.,0.,0.));
#4011=DIRECTION('',(-1.,0.,0.));
#4012=DIRECTION('',(0.,1.,0.));
#4013=DIRECTION('center_axis',(0.,0.,1.));
#4014=DIRECTION('ref_axis',(-0.707106781186548,-0.707106781186547,0.));
#4015=DIRECTION('',(1.,0.,0.));
#4016=DIRECTION('center_axis',(0.,0.,-1.));
#4017=DIRECTION('ref_axis',(-0.707106781186548,-0.707106781186547,0.));
#4018=DIRECTION('',(0.,0.,1.));
#4019=DIRECTION('center_axis',(0.,0.,-1.));
#4020=DIRECTION('ref_axis',(-0.707106781186548,-0.707106781186547,0.));
#4021=DIRECTION('',(0.,0.,-1.));
#4022=DIRECTION('center_axis',(1.,0.,0.));
#4023=DIRECTION('ref_axis',(0.,0.,-1.));
#4024=DIRECTION('center_axis',(-1.,0.,0.));
#4025=DIRECTION('ref_axis',(0.,0.707106781186548,0.707106781186547));
#4026=DIRECTION('',(0.,0.,-1.));
#4027=DIRECTION('center_axis',(-1.,0.,0.));
#4028=DIRECTION('ref_axis',(0.,0.707106781186548,-0.707106781186547));
#4029=DIRECTION('',(0.,1.,0.));
#4030=DIRECTION('center_axis',(1.,0.,0.));
#4031=DIRECTION('ref_axis',(0.,0.707106781186548,0.707106781186547));
#4032=DIRECTION('',(1.,0.,0.));
#4033=DIRECTION('center_axis',(0.,-1.,0.));
#4034=DIRECTION('ref_axis',(0.,0.,-1.));
#4035=DIRECTION('',(-1.,0.,0.));
#4036=DIRECTION('center_axis',(-1.,0.,0.));
#4037=DIRECTION('ref_axis',(0.,0.707106781186548,-0.707106781186547));
#4038=DIRECTION('',(1.,0.,0.));
#4039=DIRECTION('center_axis',(0.,0.,1.));
#4040=DIRECTION('ref_axis',(1.,0.,0.));
#4041=DIRECTION('',(-1.,0.,0.));
#4042=DIRECTION('center_axis',(0.,1.,0.));
#4043=DIRECTION('ref_axis',(0.,0.,1.));
#4044=DIRECTION('center_axis',(1.,0.,0.));
#4045=DIRECTION('ref_axis',(0.,-0.707106781186547,-0.707106781186547));
#4046=DIRECTION('center_axis',(-1.,0.,0.));
#4047=DIRECTION('ref_axis',(0.,-0.707106781186547,-0.707106781186547));
#4048=DIRECTION('',(-1.,0.,0.));
#4049=DIRECTION('center_axis',(1.,0.,0.));
#4050=DIRECTION('ref_axis',(0.,-0.707106781186547,-0.707106781186547));
#4051=DIRECTION('',(1.,0.,0.));
#4052=DIRECTION('center_axis',(0.,-1.,0.));
#4053=DIRECTION('ref_axis',(0.,0.,-1.));
#4054=DIRECTION('',(0.,0.,1.));
#4055=DIRECTION('',(1.,0.,0.));
#4056=DIRECTION('',(0.,0.,-1.));
#4057=DIRECTION('center_axis',(1.,0.,0.));
#4058=DIRECTION('ref_axis',(0.,0.,1.));
#4059=DIRECTION('',(0.,-1.,0.));
#4060=DIRECTION('',(0.,0.,1.));
#4061=DIRECTION('',(0.,-1.,0.));
#4062=DIRECTION('center_axis',(-1.,0.,0.));
#4063=DIRECTION('ref_axis',(0.,-0.707106781186547,0.707106781186547));
#4064=DIRECTION('center_axis',(-1.,0.,0.));
#4065=DIRECTION('ref_axis',(0.,1.,0.));
#4066=DIRECTION('center_axis',(-1.,0.,0.));
#4067=DIRECTION('ref_axis',(0.,-0.707106781186547,0.707106781186547));
#4068=DIRECTION('center_axis',(1.,0.,0.));
#4069=DIRECTION('ref_axis',(0.,-0.707106781186547,0.707106781186547));
#4070=DIRECTION('',(-1.,0.,0.));
#4071=DIRECTION('center_axis',(-1.,0.,0.));
#4072=DIRECTION('ref_axis',(0.,0.,-1.));
#4073=DIRECTION('',(0.,-1.,0.));
#4074=DIRECTION('',(0.,0.,-1.));
#4075=DIRECTION('',(0.,-1.,0.));
#4076=DIRECTION('center_axis',(1.,0.,0.));
#4077=DIRECTION('ref_axis',(0.,1.,0.));
#4078=DIRECTION('center_axis',(0.,0.,1.));
#4079=DIRECTION('ref_axis',(-1.,0.,0.));
#4080=DIRECTION('',(-1.,0.,0.));
#4081=DIRECTION('center_axis',(-1.,0.,0.));
#4082=DIRECTION('ref_axis',(0.,1.,0.));
#4083=DIRECTION('',(-1.,0.,0.));
#4084=DIRECTION('center_axis',(0.,0.,-1.));
#4085=DIRECTION('ref_axis',(1.,0.,0.));
#4086=DIRECTION('',(1.,0.,0.));
#4087=DIRECTION('center_axis',(0.,-1.,0.));
#4088=DIRECTION('ref_axis',(1.,0.,0.));
#4089=CARTESIAN_POINT('',(0.,0.,0.));
#4090=CARTESIAN_POINT('Origin',(-25.,-3.5,1.5));
#4091=CARTESIAN_POINT('',(-25.,3.5,1.5));
#4092=CARTESIAN_POINT('',(-25.,-3.5,1.5));
#4093=CARTESIAN_POINT('',(-25.,-1.75,1.5));
#4094=CARTESIAN_POINT('',(-35.,3.5,1.5));
#4095=CARTESIAN_POINT('',(-25.,3.5,1.5));
#4096=CARTESIAN_POINT('',(-35.,-3.5,1.5));
#4097=CARTESIAN_POINT('',(-35.,-3.5,1.5));
#4098=CARTESIAN_POINT('',(-25.,-3.5,1.5));
#4099=CARTESIAN_POINT('Origin',(-35.,-5.55111512312578E-16,-1.));
#4100=CARTESIAN_POINT('',(-35.,3.5,-3.5));
#4101=CARTESIAN_POINT('',(-35.,3.5,3.5));
#4102=CARTESIAN_POINT('',(-35.,-3.5,-3.5));
#4103=CARTESIAN_POINT('',(-35.,3.5,-3.5));
#4104=CARTESIAN_POINT('',(-35.,-3.5,-3.5));
#4105=CARTESIAN_POINT('Origin',(-25.,-5.55111512312578E-16,0.));
#4106=CARTESIAN_POINT('',(-25.,-3.5,3.5));
#4107=CARTESIAN_POINT('',(-25.,-3.5,-3.5));
#4108=CARTESIAN_POINT('',(-25.,3.5,3.5));
#4109=CARTESIAN_POINT('',(-25.,-3.5,3.5));
#4110=CARTESIAN_POINT('',(-25.,3.5,3.5));
#4111=CARTESIAN_POINT('Origin',(-12.,3.5,-3.5));
#4112=CARTESIAN_POINT('',(-12.,3.5,-3.5));
#4113=CARTESIAN_POINT('',(-12.,-3.5,-3.5));
#4114=CARTESIAN_POINT('',(-12.,3.5,-3.5));
#4115=CARTESIAN_POINT('',(-12.,-3.5,-3.5));
#4116=CARTESIAN_POINT('',(-12.,3.5,-3.5));
#4117=CARTESIAN_POINT('Origin',(-12.,-5.55111512312578E-16,0.));
#4118=CARTESIAN_POINT('',(-12.,3.5,5.55111512312578E-16));
#4119=CARTESIAN_POINT('',(-12.,-3.5,5.55111512312578E-16));
#4120=CARTESIAN_POINT('',(-12.,-2.77555756156289E-16,5.55111512312578E-16));
#4121=CARTESIAN_POINT('',(-12.,-3.5,-3.5));
#4122=CARTESIAN_POINT('',(-12.,3.5,3.5));
#4123=CARTESIAN_POINT('Origin',(60.1808288703046,-1.5,17.3579316606222));
#4124=CARTESIAN_POINT('',(55.9308288703046,-2.5,17.3579316606222));
#4125=CARTESIAN_POINT('Origin',(55.9308288703046,-1.5,17.3579316606222));
#4126=CARTESIAN_POINT('',(53.9308288703046,-2.5,17.3579316606222));
#4127=CARTESIAN_POINT('',(60.1808288703046,-2.5,17.3579316606222));
#4128=CARTESIAN_POINT('Origin',(53.9308288703046,-1.5,17.3579316606222));
#4129=CARTESIAN_POINT('Origin',(60.1808288703046,-1.5,17.3579316606222));
#4130=CARTESIAN_POINT('',(60.1808288703046,-2.5,17.3579316606222));
#4131=CARTESIAN_POINT('Origin',(60.1808288703046,-1.5,17.3579316606222));
#4132=CARTESIAN_POINT('',(58.1808288703046,-2.5,17.3579316606222));
#4133=CARTESIAN_POINT('',(60.1808288703046,-2.5,17.3579316606222));
#4134=CARTESIAN_POINT('Origin',(58.1808288703046,-1.5,17.3579316606222));
#4135=CARTESIAN_POINT('Origin',(60.1808288703046,3.5,13.3579316606222));
#4136=CARTESIAN_POINT('',(58.1808288703046,-0.500000000000003,19.3579316606222));
#4137=CARTESIAN_POINT('',(58.1808288703046,3.5,13.3579316606222));
#4138=CARTESIAN_POINT('',(58.1808288703046,3.5,13.3579316606222));
#4139=CARTESIAN_POINT('',(60.1808288703046,-0.500000000000003,19.3579316606222));
#4140=CARTESIAN_POINT('',(59.6808288703046,-0.500000000000003,19.3579316606222));
#4141=CARTESIAN_POINT('',(60.1808288703046,3.5,13.3579316606222));
#4142=CARTESIAN_POINT('',(60.1808288703046,2.42307692307692,14.9733162760068));
#4143=CARTESIAN_POINT('',(53.627633682022,3.5,13.3579316606222));
#4144=CARTESIAN_POINT('Origin',(60.1808288703046,3.5,13.3579316606222));
#4145=CARTESIAN_POINT('',(55.9308288703046,3.5,13.3579316606222));
#4146=CARTESIAN_POINT('',(55.9308288703046,-0.500000000000003,19.3579316606222));
#4147=CARTESIAN_POINT('',(55.9308288703046,2.42307692307692,14.9733162760068));
#4148=CARTESIAN_POINT('',(53.9308288703046,3.5,13.3579316606222));
#4149=CARTESIAN_POINT('',(53.627633682022,3.5,13.3579316606222));
#4150=CARTESIAN_POINT('',(53.9308288703046,-0.500000000000003,19.3579316606222));
#4151=CARTESIAN_POINT('',(53.9308288703046,3.5,13.3579316606222));
#4152=CARTESIAN_POINT('',(57.5558288703046,-0.500000000000003,19.3579316606222));
#4153=CARTESIAN_POINT('Origin',(53.9308288703046,3.5,13.3579316606222));
#4154=CARTESIAN_POINT('',(53.9308288703046,-3.5,13.3579316606222));
#4155=CARTESIAN_POINT('',(53.9308288703046,-1.38777878078145E-15,13.3579316606222));
#4156=CARTESIAN_POINT('',(53.9308288703046,-3.5,19.3579316606222));
#4157=CARTESIAN_POINT('',(53.9308288703046,-3.5,13.3579316606222));
#4158=CARTESIAN_POINT('',(53.9308288703046,3.5,19.3579316606222));
#4159=CARTESIAN_POINT('Origin',(58.1808288703046,3.5,13.3579316606222));
#4160=CARTESIAN_POINT('',(58.1808288703046,-3.5,13.3579316606222));
#4161=CARTESIAN_POINT('',(58.1808288703046,-1.66533453693773E-15,13.3579316606222));
#4162=CARTESIAN_POINT('',(58.1808288703046,-3.5,19.3579316606222));
#4163=CARTESIAN_POINT('',(58.1808288703046,-3.5,13.3579316606222));
#4164=CARTESIAN_POINT('',(58.1808288703046,-3.5,19.3579316606222));
#4165=CARTESIAN_POINT('Origin',(47.0744384937394,3.5,13.3579316606222));
#4166=CARTESIAN_POINT('',(69.0744384937394,3.49999999999999,13.3579316606222));
#4167=CARTESIAN_POINT('',(69.0744384937394,3.49999999999999,13.3579316606222));
#4168=CARTESIAN_POINT('',(69.0744384937394,3.49999999999999,13.3579316606222));
#4169=CARTESIAN_POINT('',(69.0744384937394,3.49999999999999,6.35793166062216));
#4170=CARTESIAN_POINT('',(69.0744384937394,3.5,6.35793166062216));
#4171=CARTESIAN_POINT('',(43.3936096234349,3.5,6.35793166062216));
#4172=CARTESIAN_POINT('',(47.0744384937394,3.5,6.35793166062216));
#4173=CARTESIAN_POINT('',(43.3936096234349,3.5,13.3579316606222));
#4174=CARTESIAN_POINT('',(43.3936096234349,3.5,13.3579316606222));
#4175=CARTESIAN_POINT('',(69.0744384937394,3.49999999999999,13.3579316606222));
#4176=CARTESIAN_POINT('Origin',(55.9308288703046,-3.5,13.3579316606222));
#4177=CARTESIAN_POINT('',(55.9308288703046,-3.5,19.3579316606222));
#4178=CARTESIAN_POINT('',(55.9308288703046,-3.5,19.3579316606222));
#4179=CARTESIAN_POINT('',(55.9308288703046,-3.5,13.3579316606222));
#4180=CARTESIAN_POINT('',(55.9308288703046,-3.5,13.3579316606222));
#4181=CARTESIAN_POINT('',(55.9308288703046,-3.5,13.3579316606222));
#4182=CARTESIAN_POINT('Origin',(54.9308288703046,-2.22044604925031E-15,
19.3579316606222));
#4183=CARTESIAN_POINT('',(53.9308288703046,-3.5,19.3579316606222));
#4184=CARTESIAN_POINT('Origin',(47.0744384937394,-3.5,13.3579316606222));
#4185=CARTESIAN_POINT('',(69.0744384937394,-3.5,13.3579316606222));
#4186=CARTESIAN_POINT('Origin',(60.1808288703046,-3.5,13.3579316606222));
#4187=CARTESIAN_POINT('',(60.1808288703046,-3.5,19.3579316606222));
#4188=CARTESIAN_POINT('',(60.1808288703046,3.5,19.3579316606222));
#4189=CARTESIAN_POINT('',(60.1808288703046,-3.5,13.3579316606222));
#4190=CARTESIAN_POINT('',(60.1808288703046,-3.5,13.3579316606222));
#4191=CARTESIAN_POINT('',(60.1808288703046,-3.5,13.3579316606222));
#4192=CARTESIAN_POINT('Origin',(59.1808288703046,-2.77555756156289E-15,
19.3579316606222));
#4193=CARTESIAN_POINT('',(60.1808288703046,-3.5,19.3579316606222));
#4194=CARTESIAN_POINT('Origin',(47.0744384937394,-3.5,13.3579316606222));
#4195=CARTESIAN_POINT('',(43.3936096234349,6.,13.3579316606222));
#4196=CARTESIAN_POINT('',(43.3936096234349,3.5,13.3579316606222));
#4197=CARTESIAN_POINT('',(39.8936096234349,6.,13.3579316606222));
#4198=CARTESIAN_POINT('',(44.3590240585871,6.,13.3579316606222));
#4199=CARTESIAN_POINT('',(39.8936096234349,3.5,13.3579316606222));
#4200=CARTESIAN_POINT('',(39.8936096234349,3.5,13.3579316606222));
#4201=CARTESIAN_POINT('',(32.5,3.5,13.3579316606222));
#4202=CARTESIAN_POINT('',(69.0744384937394,3.49999999999999,13.3579316606222));
#4203=CARTESIAN_POINT('',(27.5,3.5,13.3579316606222));
#4204=CARTESIAN_POINT('',(47.0744384937394,3.5,13.3579316606222));
#4205=CARTESIAN_POINT('',(18.0122606672484,3.5,13.3579316606222));
#4206=CARTESIAN_POINT('',(47.0744384937394,3.5,13.3579316606222));
#4207=CARTESIAN_POINT('',(18.0122606672484,-3.5,13.3579316606222));
#4208=CARTESIAN_POINT('',(18.0122606672484,-3.5,13.3579316606222));
#4209=CARTESIAN_POINT('',(69.0744384937394,-3.5,13.3579316606222));
#4210=CARTESIAN_POINT('',(35.,2.,13.3579316606222));
#4211=CARTESIAN_POINT('',(35.,-2.,13.3579316606222));
#4212=CARTESIAN_POINT('',(35.,-2.75,13.3579316606222));
#4213=CARTESIAN_POINT('',(25.,-2.,13.3579316606222));
#4214=CARTESIAN_POINT('',(36.0372192468697,-2.,13.3579316606222));
#4215=CARTESIAN_POINT('',(25.,2.,13.3579316606222));
#4216=CARTESIAN_POINT('',(25.,-0.75,13.3579316606222));
#4217=CARTESIAN_POINT('',(41.0372192468697,2.,13.3579316606222));
#4218=CARTESIAN_POINT('Origin',(47.0744384937394,-3.5,13.3579316606222));
#4219=CARTESIAN_POINT('',(69.0744384937394,-3.5,13.3579316606222));
#4220=CARTESIAN_POINT('',(69.0744384937394,-3.5,13.3579316606222));
#4221=CARTESIAN_POINT('',(77.5744384937394,4.99999999999999,13.3579316606222));
#4222=CARTESIAN_POINT('Origin',(69.0744384937394,4.99999999999999,13.3579316606222));
#4223=CARTESIAN_POINT('',(77.5744384937394,26.5,13.3579316606222));
#4224=CARTESIAN_POINT('',(77.5744384937394,26.5,13.3579316606222));
#4225=CARTESIAN_POINT('',(70.5744384937394,26.5,13.3579316606222));
#4226=CARTESIAN_POINT('',(70.5744384937394,26.5,13.3579316606222));
#4227=CARTESIAN_POINT('',(70.5744384937394,4.99999999999999,13.3579316606222));
#4228=CARTESIAN_POINT('',(70.5744384937394,26.5,13.3579316606222));
#4229=CARTESIAN_POINT('Origin',(69.0744384937394,5.,13.3579316606222));
#4230=CARTESIAN_POINT('Origin',(43.3936096234349,6.5,9.85793166062216));
#4231=CARTESIAN_POINT('',(43.3936096234349,5.5,9.85793166062216));
#4232=CARTESIAN_POINT('Origin',(43.3936096234349,6.5,9.85793166062216));
#4233=CARTESIAN_POINT('',(39.8936096234349,5.5,9.85793166062216));
#4234=CARTESIAN_POINT('',(43.3936096234349,5.5,9.85793166062216));
#4235=CARTESIAN_POINT('Origin',(39.8936096234349,6.5,9.85793166062216));
#4236=CARTESIAN_POINT('Origin',(44.3590240585871,6.,8.85793166062216));
#4237=CARTESIAN_POINT('',(39.8936096234349,6.,6.35793166062216));
#4238=CARTESIAN_POINT('',(39.8936096234349,8.5,8.85793166062216));
#4239=CARTESIAN_POINT('Origin',(39.8936096234349,6.,8.85793166062216));
#4240=CARTESIAN_POINT('',(43.3936096234349,8.5,8.85793166062216));
#4241=CARTESIAN_POINT('',(44.3590240585871,8.5,8.85793166062216));
#4242=CARTESIAN_POINT('',(43.3936096234349,6.,6.35793166062216));
#4243=CARTESIAN_POINT('Origin',(43.3936096234349,6.,8.85793166062216));
#4244=CARTESIAN_POINT('',(44.3590240585871,6.,6.35793166062216));
#4245=CARTESIAN_POINT('Origin',(43.3936096234349,3.5,13.3579316606222));
#4246=CARTESIAN_POINT('',(43.3936096234349,8.5,10.8579316606222));
#4247=CARTESIAN_POINT('',(43.3936096234349,8.5,6.35793166062216));
#4248=CARTESIAN_POINT('Origin',(43.3936096234349,6.,10.8579316606222));
#4249=CARTESIAN_POINT('',(43.3936096234349,3.5,6.35793166062216));
#4250=CARTESIAN_POINT('Origin',(41.6436096234349,8.5,9.85793166062216));
#4251=CARTESIAN_POINT('',(39.8936096234349,8.5,10.8579316606222));
#4252=CARTESIAN_POINT('',(39.8936096234349,8.5,13.3579316606222));
#4253=CARTESIAN_POINT('',(44.3590240585871,8.5,10.8579316606222));
#4254=CARTESIAN_POINT('Origin',(44.3590240585871,6.,10.8579316606222));
#4255=CARTESIAN_POINT('Origin',(39.8936096234349,6.,10.8579316606222));
#4256=CARTESIAN_POINT('Origin',(39.8936096234349,3.5,6.35793166062216));
#4257=CARTESIAN_POINT('',(39.8936096234349,3.5,6.35793166062216));
#4258=CARTESIAN_POINT('',(39.8936096234349,3.5,6.35793166062216));
#4259=CARTESIAN_POINT('',(39.8936096234349,3.5,9.85793166062216));
#4260=CARTESIAN_POINT('Origin',(47.0744384937394,3.5,13.3579316606222));
#4261=CARTESIAN_POINT('',(32.5,3.5,6.35793166062216));
#4262=CARTESIAN_POINT('',(47.0744384937394,3.5,6.35793166062216));
#4263=CARTESIAN_POINT('',(32.5,3.5,1.70172449435892));
#4264=CARTESIAN_POINT('Origin',(69.0744384937394,5.,9.85793166062216));
#4265=CARTESIAN_POINT('',(77.5744384937394,4.99999999999999,6.35793166062216));
#4266=CARTESIAN_POINT('',(77.5744384937394,4.99999999999999,13.3579316606222));
#4267=CARTESIAN_POINT('',(69.0744384937394,-3.5,6.35793166062216));
#4268=CARTESIAN_POINT('',(69.0744384937394,-3.5,13.3579316606222));
#4269=CARTESIAN_POINT('Origin',(69.0744384937394,4.99999999999999,6.35793166062216));
#4270=CARTESIAN_POINT('Origin',(69.0744384937394,5.,9.85793166062216));
#4271=CARTESIAN_POINT('',(70.5744384937394,4.99999999999999,6.35793166062216));
#4272=CARTESIAN_POINT('',(70.5744384937394,4.99999999999999,6.35793166062216));
#4273=CARTESIAN_POINT('Origin',(69.0744384937394,5.,6.35793166062216));
#4274=CARTESIAN_POINT('Origin',(77.5744384937394,26.5,6.35793166062216));
#4275=CARTESIAN_POINT('',(77.5744384937394,26.5,6.35793166062216));
#4276=CARTESIAN_POINT('',(77.5744384937394,26.5,13.3579316606222));
#4277=CARTESIAN_POINT('',(77.5744384937394,26.5,6.35793166062216));
#4278=CARTESIAN_POINT('Origin',(70.5744384937394,26.5,13.3579316606222));
#4279=CARTESIAN_POINT('',(70.5744384937394,26.5,6.35793166062216));
#4280=CARTESIAN_POINT('',(70.5744384937394,26.5,6.35793166062216));
#4281=CARTESIAN_POINT('',(70.5744384937394,26.5,6.35793166062216));
#4282=CARTESIAN_POINT('Origin',(74.0744384937394,26.5,9.85793166062216));
#4283=CARTESIAN_POINT('',(77.5744384937394,26.5,6.35793166062216));
#4284=CARTESIAN_POINT('Origin',(-8.5,-5.55111512312578E-16,5.55111512312578E-16));
#4285=CARTESIAN_POINT('',(-9.75,-4.02030662419159E-16,-3.5));
#4286=CARTESIAN_POINT('Origin',(-8.5,-5.55111512312578E-16,-3.5));
#4287=CARTESIAN_POINT('',(-9.75,-4.02030662419159E-16,5.55111512312578E-16));
#4288=CARTESIAN_POINT('',(-9.75,-4.02030662419159E-16,5.55111512312578E-16));
#4289=CARTESIAN_POINT('Origin',(-8.5,-5.55111512312578E-16,5.55111512312578E-16));
#4290=CARTESIAN_POINT('Origin',(-8.5,-5.55111512312578E-16,-3.5));
#4291=CARTESIAN_POINT('Origin',(-5.,-3.5,-3.5));
#4292=CARTESIAN_POINT('',(-5.,-3.5,-3.5));
#4293=CARTESIAN_POINT('',(-5.,3.5,-3.5));
#4294=CARTESIAN_POINT('',(-5.,0.,-3.5));
#4295=CARTESIAN_POINT('',(-5.,-3.5,5.55111512312578E-16));
#4296=CARTESIAN_POINT('',(-5.,-3.5,1.42896583031108));
#4297=CARTESIAN_POINT('',(-5.,3.5,5.55111512312578E-16));
#4298=CARTESIAN_POINT('',(-5.,-3.5,5.55111512312578E-16));
#4299=CARTESIAN_POINT('',(-5.,3.5,4.92896583031108));
#4300=CARTESIAN_POINT('Origin',(-8.5,-5.55111512312578E-16,5.55111512312578E-16));
#4301=CARTESIAN_POINT('',(19.2872192468697,3.5,0.));
#4302=CARTESIAN_POINT('',(19.2872192468697,-3.5,1.11022302462516E-15));
#4303=CARTESIAN_POINT('Origin',(0.937822173508931,3.5,-3.5));
#4304=CARTESIAN_POINT('',(-0.937822173508929,3.5,-3.5));
#4305=CARTESIAN_POINT('',(0.937822173508929,3.5,-3.5));
#4306=CARTESIAN_POINT('',(-0.937822173508929,-3.5,-3.5));
#4307=CARTESIAN_POINT('',(-0.937822173508929,3.5,-3.5));
#4308=CARTESIAN_POINT('',(0.937822173508929,-3.5,-3.5));
#4309=CARTESIAN_POINT('Origin',(47.0744384937394,3.5,13.3579316606222));
#4310=CARTESIAN_POINT('',(-2.81346652052679,3.5,3.5));
#4311=CARTESIAN_POINT('',(-0.937822173508929,3.5,3.5));
#4312=CARTESIAN_POINT('',(0.686533479473208,3.5,4.43782217350893));
#4313=CARTESIAN_POINT('Origin',(-2.81346652052679,3.5,10.5));
#4314=CARTESIAN_POINT('',(14.5122606672484,3.5,12.4201094871132));
#4315=CARTESIAN_POINT('',(16.1366163202305,3.5,13.3579316606222));
#4316=CARTESIAN_POINT('Origin',(18.0122606672484,3.5,6.35793166062216));
#4317=CARTESIAN_POINT('',(27.5,3.5,6.35793166062216));
#4318=CARTESIAN_POINT('',(27.5,3.5,5.20172449435892));
#4319=CARTESIAN_POINT('',(19.8879050142662,3.5,6.35793166062216));
#4320=CARTESIAN_POINT('',(47.0744384937394,3.5,6.35793166062216));
#4321=CARTESIAN_POINT('',(16.3879050142662,3.5,5.42010948711324));
#4322=CARTESIAN_POINT('Origin',(19.8879050142662,3.5,-0.642068339377837));
#4323=CARTESIAN_POINT('',(2.56217782649107,3.5,-2.56217782649107));
#4324=CARTESIAN_POINT('',(18.0122606672484,3.5,6.35793166062216));
#4325=CARTESIAN_POINT('Origin',(-0.937822173508929,3.5,3.5));
#4326=CARTESIAN_POINT('Origin',(35.,-3.65325966551488E-16,18.3579316606222));
#4327=CARTESIAN_POINT('',(35.,-1.,18.3579316606222));
#4328=CARTESIAN_POINT('Origin',(35.,-3.65325966551488E-16,18.3579316606222));
#4329=CARTESIAN_POINT('',(25.,-1.,18.3579316606222));
#4330=CARTESIAN_POINT('',(35.,-1.,18.3579316606222));
#4331=CARTESIAN_POINT('Origin',(25.,-3.65325966551488E-16,18.3579316606222));
#4332=CARTESIAN_POINT('Origin',(32.5,0.25,18.6079316606222));
#4333=CARTESIAN_POINT('',(25.,2.,18.6079316606222));
#4334=CARTESIAN_POINT('',(25.,0.25,20.3579316606222));
#4335=CARTESIAN_POINT('Origin',(25.,0.25,18.6079316606222));
#4336=CARTESIAN_POINT('',(35.,0.25,20.3579316606222));
#4337=CARTESIAN_POINT('',(32.5,0.25,20.3579316606222));
#4338=CARTESIAN_POINT('',(35.,2.,18.6079316606222));
#4339=CARTESIAN_POINT('Origin',(35.,0.25,18.6079316606222));
#4340=CARTESIAN_POINT('',(32.5,2.,18.6079316606222));
#4341=CARTESIAN_POINT('Origin',(35.,-2.,13.3579316606222));
#4342=CARTESIAN_POINT('',(35.,-0.25,20.3579316606222));
#4343=CARTESIAN_POINT('',(35.,2.,20.3579316606222));
#4344=CARTESIAN_POINT('',(35.,-2.,18.6079316606222));
#4345=CARTESIAN_POINT('Origin',(35.,-0.25,18.6079316606222));
#4346=CARTESIAN_POINT('',(35.,-2.,13.3579316606222));
#4347=CARTESIAN_POINT('',(35.,2.,13.3579316606222));
#4348=CARTESIAN_POINT('Origin',(30.,0.,20.3579316606222));
#4349=CARTESIAN_POINT('',(25.,-0.25,20.3579316606222));
#4350=CARTESIAN_POINT('',(25.,-2.,20.3579316606222));
#4351=CARTESIAN_POINT('',(27.5,-0.25,20.3579316606222));
#4352=CARTESIAN_POINT('Origin',(27.5,-0.25,18.6079316606222));
#4353=CARTESIAN_POINT('',(25.,-2.,18.6079316606222));
#4354=CARTESIAN_POINT('Origin',(25.,-0.25,18.6079316606222));
#4355=CARTESIAN_POINT('',(27.5,-2.,18.6079316606222));
#4356=CARTESIAN_POINT('Origin',(25.,-2.,13.3579316606222));
#4357=CARTESIAN_POINT('',(25.,-2.,13.3579316606222));
#4358=CARTESIAN_POINT('Origin',(25.,2.,13.3579316606222));
#4359=CARTESIAN_POINT('',(25.,2.,13.3579316606222));
#4360=CARTESIAN_POINT('Origin',(35.,2.,13.3579316606222));
#4361=CARTESIAN_POINT('Origin',(27.5,26.5,-2.95448267190433));
#4362=CARTESIAN_POINT('',(27.5,2.34095201006581,6.35793166062216));
#4363=CARTESIAN_POINT('',(27.5,15.,6.35793166062216));
#4364=CARTESIAN_POINT('',(27.5,3.5,13.5));
#4365=CARTESIAN_POINT('',(27.5,3.5,5.27275866404783));
#4366=CARTESIAN_POINT('',(27.5,4.97927405783631,13.5));
#4367=CARTESIAN_POINT('',(27.5,9.02072594216369,13.5));
#4368=CARTESIAN_POINT('',(27.5,11.0414518843274,10.));
#4369=CARTESIAN_POINT('Origin',(27.5,4.97927405783631,6.5));
#4370=CARTESIAN_POINT('',(27.5,16.5,0.545517328095664));
#4371=CARTESIAN_POINT('',(27.5,18.5207259421637,-2.95448267190433));
#4372=CARTESIAN_POINT('',(27.5,22.5621778264911,-2.95448267190433));
#4373=CARTESIAN_POINT('Origin',(27.5,22.5621778264911,4.04551732809567));
#4374=CARTESIAN_POINT('',(27.5,26.5,-2.95448267190433));
#4375=CARTESIAN_POINT('',(27.5,26.5,-2.95448267190433));
#4376=CARTESIAN_POINT('',(27.5,26.5,-9.95448267190433));
#4377=CARTESIAN_POINT('',(27.5,26.5,-2.95448267190433));
#4378=CARTESIAN_POINT('',(27.5,18.5207259421637,-9.95448267190433));
#4379=CARTESIAN_POINT('',(27.5,26.5,-9.95448267190433));
#4380=CARTESIAN_POINT('',(27.5,12.4585481156726,-6.45448267190434));
#4381=CARTESIAN_POINT('Origin',(27.5,18.5207259421637,-2.95448267190433));
#4382=CARTESIAN_POINT('',(27.5,7.,3.));
#4383=CARTESIAN_POINT('',(27.5,14.4792740578363,-9.95448267190433));
#4384=CARTESIAN_POINT('Origin',(27.5,0.937822173508926,-0.499999999999998));
#4385=CARTESIAN_POINT('Origin',(27.5,3.5,13.5));
#4386=CARTESIAN_POINT('',(32.5,3.5,13.5));
#4387=CARTESIAN_POINT('',(32.5,3.5,1.77275866404783));
#4388=CARTESIAN_POINT('',(30.,3.5,13.5));
#4389=CARTESIAN_POINT('Origin',(27.5,18.5207259421637,-2.95448267190433));
#4390=CARTESIAN_POINT('',(32.5,18.5207259421637,-9.95448267190433));
#4391=CARTESIAN_POINT('',(32.5,12.4585481156726,-6.45448267190434));
#4392=CARTESIAN_POINT('Origin',(32.5,18.5207259421637,-2.95448267190433));
#4393=CARTESIAN_POINT('',(27.5,12.4585481156726,-6.45448267190433));
#4394=CARTESIAN_POINT('',(27.5,18.5207259421637,-9.95448267190433));
#4395=CARTESIAN_POINT('Origin',(27.5,14.4792740578363,-9.95448267190433));
#4396=CARTESIAN_POINT('',(32.5,7.,3.));
#4397=CARTESIAN_POINT('',(32.5,14.4792740578363,-9.95448267190433));
#4398=CARTESIAN_POINT('',(27.5,7.,3.));
#4399=CARTESIAN_POINT('Origin',(32.5,22.5621778264911,4.04551732809567));
#4400=CARTESIAN_POINT('',(32.5,16.5,0.545517328095664));
#4401=CARTESIAN_POINT('',(32.5,22.5621778264911,-2.95448267190433));
#4402=CARTESIAN_POINT('Origin',(32.5,22.5621778264911,4.04551732809567));
#4403=CARTESIAN_POINT('',(32.5,22.5621778264911,-2.95448267190433));
#4404=CARTESIAN_POINT('',(32.5,16.5,0.545517328095665));
#4405=CARTESIAN_POINT('Origin',(32.5,26.5,-2.95448267190433));
#4406=CARTESIAN_POINT('',(32.5,26.5,-2.95448267190433));
#4407=CARTESIAN_POINT('',(32.5,26.5,-2.95448267190433));
#4408=CARTESIAN_POINT('',(32.5,26.5,-2.95448267190433));
#4409=CARTESIAN_POINT('Origin',(27.5,0.937822173508926,-0.499999999999998));
#4410=CARTESIAN_POINT('',(32.5,2.34095201006581,6.35793166062216));
#4411=CARTESIAN_POINT('',(27.5,2.34095201006581,6.35793166062216));
#4412=CARTESIAN_POINT('Origin',(32.5,0.937822173508926,-0.499999999999998));
#4413=CARTESIAN_POINT('Origin',(32.5,4.97927405783631,6.5));
#4414=CARTESIAN_POINT('',(32.5,4.97927405783631,13.5));
#4415=CARTESIAN_POINT('',(32.5,4.97927405783631,13.5));
#4416=CARTESIAN_POINT('',(32.5,11.0414518843274,10.));
#4417=CARTESIAN_POINT('Origin',(32.5,4.97927405783631,6.5));
#4418=CARTESIAN_POINT('',(32.5,11.0414518843274,10.));
#4419=CARTESIAN_POINT('Origin',(32.5,18.5207259421637,-2.95448267190433));
#4420=CARTESIAN_POINT('',(32.5,18.5207259421637,-2.95448267190433));
#4421=CARTESIAN_POINT('Origin',(32.5,9.02072594216369,13.5));
#4422=CARTESIAN_POINT('',(32.5,9.02072594216369,13.5));
#4423=CARTESIAN_POINT('Origin',(32.5,26.5,-9.95448267190433));
#4424=CARTESIAN_POINT('',(32.5,15.,6.35793166062216));
#4425=CARTESIAN_POINT('',(32.5,26.5,-9.95448267190433));
#4426=CARTESIAN_POINT('',(32.5,26.5,-9.95448267190433));
#4427=CARTESIAN_POINT('',(32.5,26.5,-9.95448267190433));
#4428=CARTESIAN_POINT('Origin',(27.5,26.5,-9.95448267190433));
#4429=CARTESIAN_POINT('',(27.5,26.5,-9.95448267190433));
#4430=CARTESIAN_POINT('Origin',(30.,26.5,-6.45448267190433));
#4431=CARTESIAN_POINT('Origin',(47.0744384937394,3.5,6.35793166062216));
#4432=CARTESIAN_POINT('',(19.8879050142662,-3.5,6.35793166062216));
#4433=CARTESIAN_POINT('',(69.0744384937394,-3.5,6.35793166062216));
#4434=CARTESIAN_POINT('',(19.8879050142662,3.5,6.35793166062216));
#4435=CARTESIAN_POINT('Origin',(-0.937822173508929,3.5,3.5));
#4436=CARTESIAN_POINT('',(2.56217782649107,-3.5,-2.56217782649107));
#4437=CARTESIAN_POINT('Origin',(-0.937822173508929,-3.5,3.5));
#4438=CARTESIAN_POINT('',(2.56217782649107,3.5,-2.56217782649107));
#4439=CARTESIAN_POINT('Origin',(18.0122606672484,3.5,6.35793166062216));
#4440=CARTESIAN_POINT('',(16.3879050142662,-3.5,5.42010948711324));
#4441=CARTESIAN_POINT('',(16.3879050142662,3.5,5.42010948711324));
#4442=CARTESIAN_POINT('',(18.0122606672484,-3.5,6.35793166062216));
#4443=CARTESIAN_POINT('Origin',(19.8879050142662,3.5,-0.642068339377837));
#4444=CARTESIAN_POINT('Origin',(19.8879050142662,-3.5,-0.642068339377837));
#4445=CARTESIAN_POINT('Origin',(18.0122606672484,-3.5,6.35793166062216));
#4446=CARTESIAN_POINT('',(14.5122606672484,-3.5,12.4201094871132));
#4447=CARTESIAN_POINT('',(14.5122606672484,-3.5,12.4201094871132));
#4448=CARTESIAN_POINT('Origin',(18.0122606672484,-3.5,6.35793166062216));
#4449=CARTESIAN_POINT('Origin',(-2.81346652052679,-3.5,10.5));
#4450=CARTESIAN_POINT('',(-2.81346652052679,-3.5,3.5));
#4451=CARTESIAN_POINT('',(0.686533479473208,-3.5,4.43782217350893));
#4452=CARTESIAN_POINT('Origin',(-2.81346652052679,-3.5,10.5));
#4453=CARTESIAN_POINT('',(0.686533479473209,-3.5,4.43782217350893));
#4454=CARTESIAN_POINT('',(-2.81346652052679,-3.5,3.5));
#4455=CARTESIAN_POINT('Origin',(16.1366163202305,-3.5,13.3579316606222));
#4456=CARTESIAN_POINT('',(16.1366163202305,-3.5,13.3579316606222));
#4457=CARTESIAN_POINT('Origin',(-0.937822173508929,-3.5,3.5));
#4458=CARTESIAN_POINT('',(-0.937822173508929,-3.5,3.5));
#4459=CARTESIAN_POINT('Origin',(47.0744384937394,-3.5,6.35793166062216));
#4460=CARTESIAN_POINT('Origin',(35.,9.5,-6.45448267190434));
#4461=CARTESIAN_POINT('',(35.,8.5,-6.45448267190434));
#4462=CARTESIAN_POINT('Origin',(35.,9.5,-6.45448267190434));
#4463=CARTESIAN_POINT('',(25.,8.5,-6.45448267190434));
#4464=CARTESIAN_POINT('',(35.,8.5,-6.45448267190434));
#4465=CARTESIAN_POINT('Origin',(25.,9.5,-6.45448267190434));
#4466=CARTESIAN_POINT('Origin',(31.5,13.,-7.45448267190434));
#4467=CARTESIAN_POINT('',(35.,13.,-8.45448267190434));
#4468=CARTESIAN_POINT('',(31.5,16.5,-8.45448267190434));
#4469=CARTESIAN_POINT('Origin',(31.5,13.,-8.45448267190434));
#4470=CARTESIAN_POINT('',(31.5,16.5,-4.45448267190434));
#4471=CARTESIAN_POINT('',(31.5,16.5,-7.45448267190434));
#4472=CARTESIAN_POINT('',(35.,13.,-4.45448267190434));
#4473=CARTESIAN_POINT('Origin',(31.5,13.,-4.45448267190434));
#4474=CARTESIAN_POINT('',(35.,13.,-7.45448267190434));
#4475=CARTESIAN_POINT('Origin',(35.,14.5,-8.45448267190434));
#4476=CARTESIAN_POINT('',(35.,9.25,-4.45448267190434));
#4477=CARTESIAN_POINT('',(35.,14.5,-4.45448267190434));
#4478=CARTESIAN_POINT('',(35.,7.5,-6.20448267190434));
#4479=CARTESIAN_POINT('Origin',(35.,9.25,-6.20448267190434));
#4480=CARTESIAN_POINT('',(35.,7.5,-6.70448267190434));
#4481=CARTESIAN_POINT('',(35.,7.5,-8.45448267190434));
#4482=CARTESIAN_POINT('',(35.,9.25,-8.45448267190434));
#4483=CARTESIAN_POINT('Origin',(35.,9.25,-6.70448267190434));
#4484=CARTESIAN_POINT('',(35.,14.5,-8.45448267190434));
#4485=CARTESIAN_POINT('Origin',(35.,14.5,-4.45448267190434));
#4486=CARTESIAN_POINT('',(28.5,16.5,-4.45448267190434));
#4487=CARTESIAN_POINT('',(35.,16.5,-4.45448267190434));
#4488=CARTESIAN_POINT('',(25.,13.,-4.45448267190434));
#4489=CARTESIAN_POINT('Origin',(28.5,13.,-4.45448267190434));
#4490=CARTESIAN_POINT('',(25.,9.25,-4.45448267190434));
#4491=CARTESIAN_POINT('',(25.,14.5,-4.45448267190434));
#4492=CARTESIAN_POINT('',(32.5,9.25,-4.45448267190434));
#4493=CARTESIAN_POINT('Origin',(28.5,13.,-5.45448267190434));
#4494=CARTESIAN_POINT('',(28.5,16.5,-8.45448267190434));
#4495=CARTESIAN_POINT('',(28.5,16.5,-5.45448267190434));
#4496=CARTESIAN_POINT('',(25.,13.,-8.45448267190434));
#4497=CARTESIAN_POINT('Origin',(28.5,13.,-8.45448267190434));
#4498=CARTESIAN_POINT('',(25.,13.,-5.45448267190434));
#4499=CARTESIAN_POINT('Origin',(25.,14.5,-4.45448267190434));
#4500=CARTESIAN_POINT('',(25.,9.25,-8.45448267190434));
#4501=CARTESIAN_POINT('',(25.,14.5,-8.45448267190434));
#4502=CARTESIAN_POINT('',(25.,7.5,-6.70448267190434));
#4503=CARTESIAN_POINT('Origin',(25.,9.25,-6.70448267190434));
#4504=CARTESIAN_POINT('',(25.,7.5,-6.20448267190434));
#4505=CARTESIAN_POINT('',(25.,7.5,-4.45448267190434));
#4506=CARTESIAN_POINT('Origin',(25.,9.25,-6.20448267190434));
#4507=CARTESIAN_POINT('Origin',(32.5,9.25,-6.20448267190434));
#4508=CARTESIAN_POINT('',(32.5,7.5,-6.20448267190434));
#4509=CARTESIAN_POINT('Origin',(30.,7.5,-6.45448267190434));
#4510=CARTESIAN_POINT('',(27.5,7.5,-6.70448267190434));
#4511=CARTESIAN_POINT('Origin',(27.5,9.25,-6.70448267190434));
#4512=CARTESIAN_POINT('',(27.5,9.25,-8.45448267190434));
#4513=CARTESIAN_POINT('Origin',(25.,14.5,-8.45448267190434));
#4514=CARTESIAN_POINT('',(25.,16.5,-8.45448267190434));
#4515=CARTESIAN_POINT('Origin',(30.,16.5,-6.45448267190434));
#4516=CARTESIAN_POINT('Origin',(-25.,49.5,1.5));
#4517=CARTESIAN_POINT('',(-25.,56.5,1.5));
#4518=CARTESIAN_POINT('',(-25.,49.5,1.5));
#4519=CARTESIAN_POINT('',(-25.,51.25,1.5));
#4520=CARTESIAN_POINT('',(-35.,56.5,1.5));
#4521=CARTESIAN_POINT('',(-25.,56.5,1.5));
#4522=CARTESIAN_POINT('',(-35.,49.5,1.5));
#4523=CARTESIAN_POINT('',(-35.,49.5,1.5));
#4524=CARTESIAN_POINT('',(-25.,49.5,1.5));
#4525=CARTESIAN_POINT('Origin',(-35.,53.,-1.));
#4526=CARTESIAN_POINT('',(-35.,56.5,-3.5));
#4527=CARTESIAN_POINT('',(-35.,56.5,3.5));
#4528=CARTESIAN_POINT('',(-35.,49.5,-3.5));
#4529=CARTESIAN_POINT('',(-35.,56.5,-3.5));
#4530=CARTESIAN_POINT('',(-35.,49.5,-3.5));
#4531=CARTESIAN_POINT('Origin',(-25.,53.,0.));
#4532=CARTESIAN_POINT('',(-25.,49.5,3.5));
#4533=CARTESIAN_POINT('',(-25.,49.5,3.5));
#4534=CARTESIAN_POINT('',(-25.,56.5,3.5));
#4535=CARTESIAN_POINT('',(-25.,56.5,3.5));
#4536=CARTESIAN_POINT('',(-25.,56.5,-3.5));
#4537=CARTESIAN_POINT('Origin',(-12.,56.5,-3.5));
#4538=CARTESIAN_POINT('',(-12.,49.5,-3.5));
#4539=CARTESIAN_POINT('',(-12.,56.5,-3.5));
#4540=CARTESIAN_POINT('',(-12.,49.5,-3.5));
#4541=CARTESIAN_POINT('',(-12.,49.5,-3.5));
#4542=CARTESIAN_POINT('',(-12.,56.5,-3.5));
#4543=CARTESIAN_POINT('Origin',(-12.,53.,0.));
#4544=CARTESIAN_POINT('',(-12.,49.5,5.55111512312578E-16));
#4545=CARTESIAN_POINT('',(-12.,56.5,5.55111512312578E-16));
#4546=CARTESIAN_POINT('',(-12.,53.,5.55111512312578E-16));
#4547=CARTESIAN_POINT('',(-12.,49.5,3.5));
#4548=CARTESIAN_POINT('',(-12.,56.5,-3.5));
#4549=CARTESIAN_POINT('Origin',(47.6436096234349,54.5,17.3579316606222));
#4550=CARTESIAN_POINT('',(47.6436096234349,53.5,17.3579316606222));
#4551=CARTESIAN_POINT('Origin',(47.6436096234349,54.5,17.3579316606222));
#4552=CARTESIAN_POINT('',(45.6436096234349,53.5,17.3579316606222));
#4553=CARTESIAN_POINT('',(47.6436096234349,53.5,17.3579316606222));
#4554=CARTESIAN_POINT('Origin',(45.6436096234349,54.5,17.3579316606222));
#4555=CARTESIAN_POINT('Origin',(47.6436096234349,54.5,17.3579316606222));
#4556=CARTESIAN_POINT('',(43.3936096234349,53.5,17.3579316606222));
#4557=CARTESIAN_POINT('Origin',(43.3936096234349,54.5,17.3579316606222));
#4558=CARTESIAN_POINT('',(41.3936096234349,53.5,17.3579316606222));
#4559=CARTESIAN_POINT('',(47.6436096234349,53.5,17.3579316606222));
#4560=CARTESIAN_POINT('Origin',(41.3936096234349,54.5,17.3579316606222));
#4561=CARTESIAN_POINT('Origin',(47.6436096234349,53.5,19.3579316606222));
#4562=CARTESIAN_POINT('',(45.6436096234349,49.5,13.3579316606222));
#4563=CARTESIAN_POINT('',(45.6436096234349,53.5,19.3579316606222));
#4564=CARTESIAN_POINT('',(45.6436096234349,52.5769230769231,17.9733162760068));
#4565=CARTESIAN_POINT('',(47.6436096234349,49.5,13.3579316606222));
#4566=CARTESIAN_POINT('',(47.3590240585872,49.5,13.3579316606221));
#4567=CARTESIAN_POINT('',(47.6436096234349,53.5,19.3579316606222));
#4568=CARTESIAN_POINT('',(47.6436096234349,51.5,16.3579316606222));
#4569=CARTESIAN_POINT('',(47.1436096234349,53.5,19.3579316606222));
#4570=CARTESIAN_POINT('Origin',(47.6436096234349,53.5,19.3579316606222));
#4571=CARTESIAN_POINT('',(43.3936096234349,53.5,19.3579316606222));
#4572=CARTESIAN_POINT('',(43.3936096234349,49.5,13.3579316606222));
#4573=CARTESIAN_POINT('',(43.3936096234349,51.5,16.3579316606222));
#4574=CARTESIAN_POINT('',(41.3936096234349,53.5,19.3579316606222));
#4575=CARTESIAN_POINT('',(45.0186096234349,53.5,19.3579316606222));
#4576=CARTESIAN_POINT('',(41.3936096234349,49.5,13.3579316606222));
#4577=CARTESIAN_POINT('',(41.3936096234349,52.5769230769231,17.9733162760068));
#4578=CARTESIAN_POINT('',(47.3590240585872,49.5,13.3579316606221));
#4579=CARTESIAN_POINT('Origin',(41.3936096234349,56.5,13.3579316606222));
#4580=CARTESIAN_POINT('',(41.3936096234349,56.5,19.3579316606222));
#4581=CARTESIAN_POINT('',(41.3936096234349,49.5,19.3579316606222));
#4582=CARTESIAN_POINT('',(41.3936096234349,56.5,13.3579316606222));
#4583=CARTESIAN_POINT('',(41.3936096234349,56.5,13.3579316606222));
#4584=CARTESIAN_POINT('',(41.3936096234349,56.5,13.3579316606222));
#4585=CARTESIAN_POINT('Origin',(42.3936096234349,53.,19.3579316606222));
#4586=CARTESIAN_POINT('',(43.3936096234349,56.5,19.3579316606222));
#4587=CARTESIAN_POINT('',(43.3936096234349,56.5,19.3579316606222));
#4588=CARTESIAN_POINT('',(41.3936096234349,56.5,19.3579316606222));
#4589=CARTESIAN_POINT('Origin',(43.3936096234349,49.5,13.3579316606222));
#4590=CARTESIAN_POINT('',(43.3936096234349,56.5,13.3579316606222));
#4591=CARTESIAN_POINT('',(43.3936096234349,53.,13.3579316606222));
#4592=CARTESIAN_POINT('',(43.3936096234349,56.5,13.3579316606222));
#4593=CARTESIAN_POINT('Origin',(46.6436096234349,53.,19.3579316606222));
#4594=CARTESIAN_POINT('',(47.6436096234349,56.5,19.3579316606222));
#4595=CARTESIAN_POINT('',(47.6436096234349,49.5,19.3579316606222));
#4596=CARTESIAN_POINT('',(45.6436096234349,56.5,19.3579316606222));
#4597=CARTESIAN_POINT('',(47.6436096234349,56.5,19.3579316606222));
#4598=CARTESIAN_POINT('',(45.6436096234349,56.5,19.3579316606222));
#4599=CARTESIAN_POINT('Origin',(47.6436096234349,49.5,13.3579316606222));
#4600=CARTESIAN_POINT('',(47.6436096234349,56.5,13.3579316606222));
#4601=CARTESIAN_POINT('',(47.6436096234349,53.,13.3579316606222));
#4602=CARTESIAN_POINT('',(47.6436096234349,56.5,13.3579316606222));
#4603=CARTESIAN_POINT('Origin',(47.0744384937394,56.5,13.3579316606222));
#4604=CARTESIAN_POINT('',(69.0744384937394,49.5,13.3579316606222));
#4605=CARTESIAN_POINT('',(45.6436096234349,56.5,13.3579316606222));
#4606=CARTESIAN_POINT('',(45.6436096234349,56.5,13.3579316606222));
#4607=CARTESIAN_POINT('',(69.0744384937394,56.5,13.3579316606222));
#4608=CARTESIAN_POINT('Origin',(47.0744384937394,56.5,13.3579316606222));
#4609=CARTESIAN_POINT('',(18.0122606672484,56.5,13.3579316606222));
#4610=CARTESIAN_POINT('',(69.0744384937394,56.5,13.3579316606222));
#4611=CARTESIAN_POINT('',(18.0122606672484,49.5,13.3579316606222));
#4612=CARTESIAN_POINT('',(18.0122606672484,56.5,13.3579316606222));
#4613=CARTESIAN_POINT('',(27.5,49.5,13.3579316606222));
#4614=CARTESIAN_POINT('',(47.0744384937394,49.5,13.3579316606222));
#4615=CARTESIAN_POINT('',(32.5,49.5,13.3579316606222));
#4616=CARTESIAN_POINT('',(47.0744384937394,49.5,13.3579316606222));
#4617=CARTESIAN_POINT('',(69.0744384937394,49.5,13.3579316606222));
#4618=CARTESIAN_POINT('',(35.,51.,13.3579316606222));
#4619=CARTESIAN_POINT('',(35.,55.,13.3579316606222));
#4620=CARTESIAN_POINT('',(35.,55.75,13.3579316606222));
#4621=CARTESIAN_POINT('',(25.,51.,13.3579316606222));
#4622=CARTESIAN_POINT('',(41.0372192468697,51.,13.3579316606222));
#4623=CARTESIAN_POINT('',(25.,55.,13.3579316606222));
#4624=CARTESIAN_POINT('',(25.,53.75,13.3579316606222));
#4625=CARTESIAN_POINT('',(36.0372192468697,55.,13.3579316606222));
#4626=CARTESIAN_POINT('Origin',(45.6436096234349,56.5,13.3579316606222));
#4627=CARTESIAN_POINT('',(45.6436096234349,56.5,13.3579316606222));
#4628=CARTESIAN_POINT('Origin',(69.0744384937394,48.,9.85793166062216));
#4629=CARTESIAN_POINT('',(77.5744384937394,48.,6.35793166062216));
#4630=CARTESIAN_POINT('',(77.5744384937394,48.,13.3579316606222));
#4631=CARTESIAN_POINT('',(77.5744384937394,48.,13.3579316606222));
#4632=CARTESIAN_POINT('',(69.0744384937394,56.5,6.35793166062216));
#4633=CARTESIAN_POINT('Origin',(69.0744384937394,48.,6.35793166062216));
#4634=CARTESIAN_POINT('',(69.0744384937394,56.5,13.3579316606222));
#4635=CARTESIAN_POINT('',(69.0744384937394,56.5,13.3579316606222));
#4636=CARTESIAN_POINT('Origin',(69.0744384937394,48.,13.3579316606222));
#4637=CARTESIAN_POINT('Origin',(69.0744384937394,48.,9.85793166062216));
#4638=CARTESIAN_POINT('',(70.5744384937394,48.,13.3579316606222));
#4639=CARTESIAN_POINT('',(70.5744384937394,48.,6.35793166062216));
#4640=CARTESIAN_POINT('',(70.5744384937394,48.,6.35793166062216));
#4641=CARTESIAN_POINT('',(69.0744384937394,49.5,13.3579316606222));
#4642=CARTESIAN_POINT('Origin',(69.0744384937394,48.,13.3579316606222));
#4643=CARTESIAN_POINT('',(69.0744384937394,49.5,6.35793166062216));
#4644=CARTESIAN_POINT('',(69.0744384937394,49.5,6.35793166062216));
#4645=CARTESIAN_POINT('Origin',(69.0744384937394,48.,6.35793166062216));
#4646=CARTESIAN_POINT('Origin',(77.5744384937394,26.5,6.35793166062216));
#4647=CARTESIAN_POINT('',(77.5744384937394,26.5,13.3579316606222));
#4648=CARTESIAN_POINT('',(77.5744384937394,26.5,6.35793166062216));
#4649=CARTESIAN_POINT('',(77.5744384937394,26.5,13.3579316606222));
#4650=CARTESIAN_POINT('',(77.5744384937394,26.5,6.35793166062216));
#4651=CARTESIAN_POINT('',(77.5744384937394,26.5,13.3579316606222));
#4652=CARTESIAN_POINT('Origin',(70.5744384937394,26.5,13.3579316606222));
#4653=CARTESIAN_POINT('',(70.5744384937394,26.5,6.35793166062216));
#4654=CARTESIAN_POINT('',(70.5744384937394,26.5,13.3579316606222));
#4655=CARTESIAN_POINT('',(70.5744384937394,26.5,6.35793166062216));
#4656=CARTESIAN_POINT('',(70.5744384937394,26.5,13.3579316606222));
#4657=CARTESIAN_POINT('',(70.5744384937394,26.5,6.35793166062216));
#4658=CARTESIAN_POINT('Origin',(74.0744384937394,26.5,9.85793166062216));
#4659=CARTESIAN_POINT('',(77.5744384937394,26.5,6.35793166062216));
#4660=CARTESIAN_POINT('',(70.5744384937394,26.5,13.3579316606222));
#4661=CARTESIAN_POINT('Origin',(-8.5,53.,5.55111512312578E-16));
#4662=CARTESIAN_POINT('',(-9.75,53.,-3.5));
#4663=CARTESIAN_POINT('Origin',(-8.5,53.,-3.5));
#4664=CARTESIAN_POINT('',(-9.75,53.,5.55111512312578E-16));
#4665=CARTESIAN_POINT('',(-9.75,53.,5.55111512312578E-16));
#4666=CARTESIAN_POINT('Origin',(-8.5,53.,5.55111512312578E-16));
#4667=CARTESIAN_POINT('Origin',(-8.5,53.,-3.5));
#4668=CARTESIAN_POINT('Origin',(-5.,56.5,-3.5));
#4669=CARTESIAN_POINT('',(-5.,56.5,-3.5));
#4670=CARTESIAN_POINT('',(-5.,49.5,-3.5));
#4671=CARTESIAN_POINT('',(-5.,53.,-3.5));
#4672=CARTESIAN_POINT('',(-5.,49.5,5.55111512312578E-16));
#4673=CARTESIAN_POINT('',(-5.,49.5,4.92896583031108));
#4674=CARTESIAN_POINT('',(-5.,56.5,5.55111512312578E-16));
#4675=CARTESIAN_POINT('',(-5.,56.5,5.55111512312578E-16));
#4676=CARTESIAN_POINT('',(-5.,56.5,1.42896583031108));
#4677=CARTESIAN_POINT('Origin',(-8.5,53.,5.55111512312578E-16));
#4678=CARTESIAN_POINT('',(19.2872192468697,49.5,0.));
#4679=CARTESIAN_POINT('',(19.2872192468697,56.5,1.11022302462516E-15));
#4680=CARTESIAN_POINT('Origin',(0.937822173508931,49.5,-3.5));
#4681=CARTESIAN_POINT('',(-0.937822173508929,56.5,-3.5));
#4682=CARTESIAN_POINT('',(0.937822173508929,56.5,-3.5));
#4683=CARTESIAN_POINT('',(-0.937822173508929,49.5,-3.5));
#4684=CARTESIAN_POINT('',(-0.937822173508929,49.5,-3.5));
#4685=CARTESIAN_POINT('',(0.937822173508929,49.5,-3.5));
#4686=CARTESIAN_POINT('Origin',(47.0744384937394,49.5,13.3579316606222));
#4687=CARTESIAN_POINT('',(2.56217782649107,49.5,-2.56217782649107));
#4688=CARTESIAN_POINT('Origin',(-0.937822173508929,49.5,3.5));
#4689=CARTESIAN_POINT('',(16.3879050142662,49.5,5.42010948711324));
#4690=CARTESIAN_POINT('',(18.0122606672484,49.5,6.35793166062216));
#4691=CARTESIAN_POINT('',(19.8879050142662,49.5,6.35793166062216));
#4692=CARTESIAN_POINT('Origin',(19.8879050142662,49.5,-0.642068339377837));
#4693=CARTESIAN_POINT('',(27.5,49.5,6.35793166062216));
#4694=CARTESIAN_POINT('',(47.0744384937394,49.5,6.35793166062216));
#4695=CARTESIAN_POINT('',(27.5,49.5,5.20172449435892));
#4696=CARTESIAN_POINT('',(14.5122606672484,49.5,12.4201094871132));
#4697=CARTESIAN_POINT('Origin',(18.0122606672484,49.5,6.35793166062216));
#4698=CARTESIAN_POINT('',(0.686533479473208,49.5,4.43782217350893));
#4699=CARTESIAN_POINT('',(16.1366163202305,49.5,13.3579316606222));
#4700=CARTESIAN_POINT('',(-2.81346652052679,49.5,3.5));
#4701=CARTESIAN_POINT('Origin',(-2.81346652052679,49.5,10.5));
#4702=CARTESIAN_POINT('',(-0.937822173508929,49.5,3.5));
#4703=CARTESIAN_POINT('Origin',(35.,53.,18.3579316606222));
#4704=CARTESIAN_POINT('',(35.,54.,18.3579316606222));
#4705=CARTESIAN_POINT('Origin',(35.,53.,18.3579316606222));
#4706=CARTESIAN_POINT('',(25.,54.,18.3579316606222));
#4707=CARTESIAN_POINT('',(35.,54.,18.3579316606222));
#4708=CARTESIAN_POINT('Origin',(25.,53.,18.3579316606222));
#4709=CARTESIAN_POINT('Origin',(32.5,52.75,18.6079316606222));
#4710=CARTESIAN_POINT('',(25.,51.,18.6079316606222));
#4711=CARTESIAN_POINT('',(25.,52.75,20.3579316606222));
#4712=CARTESIAN_POINT('Origin',(25.,52.75,18.6079316606222));
#4713=CARTESIAN_POINT('',(35.,51.,18.6079316606222));
#4714=CARTESIAN_POINT('',(32.5,51.,18.6079316606222));
#4715=CARTESIAN_POINT('',(35.,52.75,20.3579316606222));
#4716=CARTESIAN_POINT('Origin',(35.,52.75,18.6079316606222));
#4717=CARTESIAN_POINT('',(32.5,52.75,20.3579316606222));
#4718=CARTESIAN_POINT('Origin',(35.,55.,13.3579316606222));
#4719=CARTESIAN_POINT('',(35.,51.,13.3579316606222));
#4720=CARTESIAN_POINT('',(35.,55.,18.6079316606222));
#4721=CARTESIAN_POINT('',(35.,55.,13.3579316606222));
#4722=CARTESIAN_POINT('',(35.,53.25,20.3579316606222));
#4723=CARTESIAN_POINT('Origin',(35.,53.25,18.6079316606222));
#4724=CARTESIAN_POINT('',(35.,51.,20.3579316606222));
#4725=CARTESIAN_POINT('Origin',(30.,53.,20.3579316606222));
#4726=CARTESIAN_POINT('',(25.,53.25,20.3579316606222));
#4727=CARTESIAN_POINT('',(27.5,53.25,20.3579316606222));
#4728=CARTESIAN_POINT('',(25.,55.,20.3579316606222));
#4729=CARTESIAN_POINT('Origin',(27.5,53.25,18.6079316606222));
#4730=CARTESIAN_POINT('',(25.,55.,18.6079316606222));
#4731=CARTESIAN_POINT('',(27.5,55.,18.6079316606222));
#4732=CARTESIAN_POINT('Origin',(25.,53.25,18.6079316606222));
#4733=CARTESIAN_POINT('Origin',(25.,55.,13.3579316606222));
#4734=CARTESIAN_POINT('',(25.,55.,13.3579316606222));
#4735=CARTESIAN_POINT('Origin',(25.,51.,13.3579316606222));
#4736=CARTESIAN_POINT('',(25.,51.,13.3579316606222));
#4737=CARTESIAN_POINT('Origin',(35.,51.,13.3579316606222));
#4738=CARTESIAN_POINT('Origin',(27.5,26.5,-2.95448267190433));
#4739=CARTESIAN_POINT('',(27.5,50.6590479899342,6.35793166062216));
#4740=CARTESIAN_POINT('',(27.5,38.,6.35793166062216));
#4741=CARTESIAN_POINT('',(27.5,46.,3.));
#4742=CARTESIAN_POINT('Origin',(27.5,52.0621778264911,-0.499999999999998));
#4743=CARTESIAN_POINT('',(27.5,40.5414518843274,-6.45448267190434));
#4744=CARTESIAN_POINT('',(27.5,38.5207259421637,-9.95448267190433));
#4745=CARTESIAN_POINT('',(27.5,34.4792740578363,-9.95448267190433));
#4746=CARTESIAN_POINT('Origin',(27.5,34.4792740578363,-2.95448267190433));
#4747=CARTESIAN_POINT('',(27.5,26.5,-9.95448267190433));
#4748=CARTESIAN_POINT('',(27.5,26.5,-9.95448267190433));
#4749=CARTESIAN_POINT('',(27.5,26.5,-2.95448267190433));
#4750=CARTESIAN_POINT('',(27.5,26.5,-2.95448267190433));
#4751=CARTESIAN_POINT('',(27.5,30.4378221735089,-2.95448267190433));
#4752=CARTESIAN_POINT('',(27.5,26.5,-2.95448267190433));
#4753=CARTESIAN_POINT('',(27.5,36.5,0.545517328095664));
#4754=CARTESIAN_POINT('Origin',(27.5,30.4378221735089,4.04551732809567));
#4755=CARTESIAN_POINT('',(27.5,41.9585481156726,10.));
#4756=CARTESIAN_POINT('',(27.5,34.4792740578363,-2.95448267190433));
#4757=CARTESIAN_POINT('',(27.5,48.0207259421637,13.5));
#4758=CARTESIAN_POINT('Origin',(27.5,48.0207259421637,6.5));
#4759=CARTESIAN_POINT('',(27.5,49.5,13.5));
#4760=CARTESIAN_POINT('',(27.5,43.9792740578363,13.5));
#4761=CARTESIAN_POINT('',(27.5,49.5,5.27275866404783));
#4762=CARTESIAN_POINT('Origin',(27.5,49.5,13.5));
#4763=CARTESIAN_POINT('',(32.5,49.5,13.5));
#4764=CARTESIAN_POINT('',(30.,49.5,13.5));
#4765=CARTESIAN_POINT('',(32.5,49.5,1.77275866404783));
#4766=CARTESIAN_POINT('Origin',(27.5,34.4792740578363,-2.95448267190433));
#4767=CARTESIAN_POINT('',(32.5,34.4792740578363,-9.95448267190433));
#4768=CARTESIAN_POINT('',(32.5,40.5414518843274,-6.45448267190434));
#4769=CARTESIAN_POINT('Origin',(32.5,34.4792740578363,-2.95448267190433));
#4770=CARTESIAN_POINT('',(27.5,34.4792740578363,-9.95448267190433));
#4771=CARTESIAN_POINT('',(27.5,40.5414518843274,-6.45448267190433));
#4772=CARTESIAN_POINT('Origin',(27.5,38.5207259421637,-9.95448267190433));
#4773=CARTESIAN_POINT('',(32.5,46.,3.));
#4774=CARTESIAN_POINT('',(27.5,46.,3.));
#4775=CARTESIAN_POINT('',(32.5,38.5207259421637,-9.95448267190433));
#4776=CARTESIAN_POINT('Origin',(32.5,30.4378221735089,4.04551732809567));
#4777=CARTESIAN_POINT('',(32.5,36.5,0.545517328095664));
#4778=CARTESIAN_POINT('',(32.5,30.4378221735089,-2.95448267190433));
#4779=CARTESIAN_POINT('Origin',(32.5,30.4378221735089,4.04551732809567));
#4780=CARTESIAN_POINT('',(32.5,36.5,0.545517328095665));
#4781=CARTESIAN_POINT('',(32.5,30.4378221735089,-2.95448267190433));
#4782=CARTESIAN_POINT('Origin',(32.5,26.5,-2.95448267190433));
#4783=CARTESIAN_POINT('',(32.5,26.5,-2.95448267190433));
#4784=CARTESIAN_POINT('',(32.5,26.5,-2.95448267190433));
#4785=CARTESIAN_POINT('',(32.5,26.5,-2.95448267190433));
#4786=CARTESIAN_POINT('Origin',(27.5,52.0621778264911,-0.499999999999998));
#4787=CARTESIAN_POINT('',(32.5,50.6590479899342,6.35793166062216));
#4788=CARTESIAN_POINT('',(27.5,50.6590479899342,6.35793166062216));
#4789=CARTESIAN_POINT('Origin',(32.5,52.0621778264911,-0.499999999999998));
#4790=CARTESIAN_POINT('Origin',(32.5,48.0207259421637,6.5));
#4791=CARTESIAN_POINT('',(32.5,41.9585481156726,10.));
#4792=CARTESIAN_POINT('',(32.5,41.9585481156726,10.));
#4793=CARTESIAN_POINT('',(32.5,48.0207259421637,13.5));
#4794=CARTESIAN_POINT('Origin',(32.5,48.0207259421637,6.5));
#4795=CARTESIAN_POINT('',(32.5,48.0207259421637,13.5));
#4796=CARTESIAN_POINT('Origin',(32.5,34.4792740578363,-2.95448267190433));
#4797=CARTESIAN_POINT('',(32.5,34.4792740578363,-2.95448267190433));
#4798=CARTESIAN_POINT('Origin',(32.5,43.9792740578363,13.5));
#4799=CARTESIAN_POINT('',(32.5,43.9792740578363,13.5));
#4800=CARTESIAN_POINT('Origin',(32.5,26.5,-9.95448267190433));
#4801=CARTESIAN_POINT('',(32.5,49.5,6.35793166062216));
#4802=CARTESIAN_POINT('',(32.5,38.,6.35793166062216));
#4803=CARTESIAN_POINT('',(32.5,49.5,1.70172449435892));
#4804=CARTESIAN_POINT('',(32.5,26.5,-9.95448267190433));
#4805=CARTESIAN_POINT('',(32.5,26.5,-9.95448267190433));
#4806=CARTESIAN_POINT('',(32.5,26.5,-9.95448267190433));
#4807=CARTESIAN_POINT('Origin',(27.5,26.5,-9.95448267190433));
#4808=CARTESIAN_POINT('',(27.5,26.5,-9.95448267190433));
#4809=CARTESIAN_POINT('Origin',(30.,26.5,-6.45448267190433));
#4810=CARTESIAN_POINT('Origin',(47.0744384937394,49.5,6.35793166062216));
#4811=CARTESIAN_POINT('',(19.8879050142662,56.5,6.35793166062216));
#4812=CARTESIAN_POINT('',(19.8879050142662,49.5,6.35793166062216));
#4813=CARTESIAN_POINT('',(69.0744384937394,56.5,6.35793166062216));
#4814=CARTESIAN_POINT('',(47.0744384937394,49.5,6.35793166062216));
#4815=CARTESIAN_POINT('Origin',(47.0744384937394,49.5,13.3579316606222));
#4816=CARTESIAN_POINT('',(69.0744384937394,49.5,13.3579316606222));
#4817=CARTESIAN_POINT('Origin',(-0.937822173508929,49.5,3.5));
#4818=CARTESIAN_POINT('',(2.56217782649107,56.5,-2.56217782649107));
#4819=CARTESIAN_POINT('Origin',(-0.937822173508929,56.5,3.5));
#4820=CARTESIAN_POINT('',(2.56217782649107,49.5,-2.56217782649107));
#4821=CARTESIAN_POINT('Origin',(18.0122606672484,49.5,6.35793166062216));
#4822=CARTESIAN_POINT('',(16.3879050142662,56.5,5.42010948711324));
#4823=CARTESIAN_POINT('',(18.0122606672484,56.5,6.35793166062216));
#4824=CARTESIAN_POINT('',(16.3879050142662,49.5,5.42010948711324));
#4825=CARTESIAN_POINT('Origin',(19.8879050142662,49.5,-0.642068339377837));
#4826=CARTESIAN_POINT('Origin',(19.8879050142662,56.5,-0.642068339377837));
#4827=CARTESIAN_POINT('Origin',(18.0122606672484,56.5,6.35793166062216));
#4828=CARTESIAN_POINT('',(14.5122606672484,56.5,12.4201094871132));
#4829=CARTESIAN_POINT('Origin',(18.0122606672484,56.5,6.35793166062216));
#4830=CARTESIAN_POINT('',(14.5122606672484,56.5,12.4201094871132));
#4831=CARTESIAN_POINT('Origin',(47.0744384937394,56.5,13.3579316606222));
#4832=CARTESIAN_POINT('',(69.0744384937394,56.5,13.3579316606222));
#4833=CARTESIAN_POINT('Origin',(-2.81346652052679,56.5,10.5));
#4834=CARTESIAN_POINT('',(-2.81346652052679,56.5,3.5));
#4835=CARTESIAN_POINT('',(0.686533479473208,56.5,4.43782217350893));
#4836=CARTESIAN_POINT('Origin',(-2.81346652052679,56.5,10.5));
#4837=CARTESIAN_POINT('',(-2.81346652052679,56.5,3.5));
#4838=CARTESIAN_POINT('',(0.686533479473209,56.5,4.43782217350893));
#4839=CARTESIAN_POINT('Origin',(16.1366163202305,56.5,13.3579316606222));
#4840=CARTESIAN_POINT('',(16.1366163202305,56.5,13.3579316606222));
#4841=CARTESIAN_POINT('Origin',(-0.937822173508929,56.5,3.5));
#4842=CARTESIAN_POINT('',(-12.,56.5,3.5));
#4843=CARTESIAN_POINT('Origin',(47.0744384937394,56.5,6.35793166062216));
#4844=CARTESIAN_POINT('Origin',(35.,43.5,-6.45448267190434));
#4845=CARTESIAN_POINT('',(35.,44.5,-6.45448267190434));
#4846=CARTESIAN_POINT('Origin',(35.,43.5,-6.45448267190434));
#4847=CARTESIAN_POINT('',(25.,44.5,-6.45448267190434));
#4848=CARTESIAN_POINT('',(35.,44.5,-6.45448267190434));
#4849=CARTESIAN_POINT('Origin',(25.,43.5,-6.45448267190434));
#4850=CARTESIAN_POINT('Origin',(31.5,40.,-7.45448267190434));
#4851=CARTESIAN_POINT('',(35.,40.,-8.45448267190434));
#4852=CARTESIAN_POINT('',(31.5,36.5,-8.45448267190434));
#4853=CARTESIAN_POINT('Origin',(31.5,40.,-8.45448267190434));
#4854=CARTESIAN_POINT('',(35.,40.,-4.45448267190434));
#4855=CARTESIAN_POINT('',(35.,40.,-7.45448267190434));
#4856=CARTESIAN_POINT('',(31.5,36.5,-4.45448267190434));
#4857=CARTESIAN_POINT('Origin',(31.5,40.,-4.45448267190434));
#4858=CARTESIAN_POINT('',(31.5,36.5,-7.45448267190434));
#4859=CARTESIAN_POINT('Origin',(35.,38.5,-8.45448267190434));
#4860=CARTESIAN_POINT('',(35.,43.75,-8.45448267190434));
#4861=CARTESIAN_POINT('',(35.,38.5,-8.45448267190434));
#4862=CARTESIAN_POINT('',(35.,45.5,-6.70448267190434));
#4863=CARTESIAN_POINT('Origin',(35.,43.75,-6.70448267190434));
#4864=CARTESIAN_POINT('',(35.,45.5,-6.20448267190434));
#4865=CARTESIAN_POINT('',(35.,45.5,-8.45448267190434));
#4866=CARTESIAN_POINT('',(35.,43.75,-4.45448267190434));
#4867=CARTESIAN_POINT('Origin',(35.,43.75,-6.20448267190434));
#4868=CARTESIAN_POINT('',(35.,38.5,-4.45448267190434));
#4869=CARTESIAN_POINT('Origin',(35.,38.5,-4.45448267190434));
#4870=CARTESIAN_POINT('',(25.,43.75,-4.45448267190434));
#4871=CARTESIAN_POINT('',(32.5,43.75,-4.45448267190434));
#4872=CARTESIAN_POINT('',(25.,40.,-4.45448267190434));
#4873=CARTESIAN_POINT('',(25.,38.5,-4.45448267190434));
#4874=CARTESIAN_POINT('',(28.5,36.5,-4.45448267190434));
#4875=CARTESIAN_POINT('Origin',(28.5,40.,-4.45448267190434));
#4876=CARTESIAN_POINT('',(35.,36.5,-4.45448267190434));
#4877=CARTESIAN_POINT('Origin',(28.5,40.,-5.45448267190434));
#4878=CARTESIAN_POINT('',(25.,40.,-8.45448267190434));
#4879=CARTESIAN_POINT('',(25.,40.,-5.45448267190434));
#4880=CARTESIAN_POINT('',(28.5,36.5,-8.45448267190434));
#4881=CARTESIAN_POINT('Origin',(28.5,40.,-8.45448267190434));
#4882=CARTESIAN_POINT('',(28.5,36.5,-5.45448267190434));
#4883=CARTESIAN_POINT('Origin',(25.,38.5,-4.45448267190434));
#4884=CARTESIAN_POINT('',(25.,45.5,-6.20448267190434));
#4885=CARTESIAN_POINT('Origin',(25.,43.75,-6.20448267190434));
#4886=CARTESIAN_POINT('',(25.,45.5,-6.70448267190434));
#4887=CARTESIAN_POINT('',(25.,45.5,-4.45448267190434));
#4888=CARTESIAN_POINT('',(25.,43.75,-8.45448267190434));
#4889=CARTESIAN_POINT('Origin',(25.,43.75,-6.70448267190434));
#4890=CARTESIAN_POINT('',(25.,38.5,-8.45448267190434));
#4891=CARTESIAN_POINT('Origin',(32.5,43.75,-6.20448267190434));
#4892=CARTESIAN_POINT('',(32.5,45.5,-6.20448267190434));
#4893=CARTESIAN_POINT('Origin',(30.,45.5,-6.45448267190434));
#4894=CARTESIAN_POINT('',(27.5,45.5,-6.70448267190434));
#4895=CARTESIAN_POINT('Origin',(27.5,43.75,-6.70448267190434));
#4896=CARTESIAN_POINT('',(27.5,43.75,-8.45448267190434));
#4897=CARTESIAN_POINT('Origin',(25.,38.5,-8.45448267190434));
#4898=CARTESIAN_POINT('',(25.,36.5,-8.45448267190434));
#4899=CARTESIAN_POINT('Origin',(30.,36.5,-6.45448267190434));
#4900=CARTESIAN_POINT('Origin',(59.0558288703046,47.,8.85793166062216));
#4901=CARTESIAN_POINT('',(61.6808288703046,47.,6.35793166062216));
#4902=CARTESIAN_POINT('',(61.6808288703046,44.5,8.85793166062216));
#4903=CARTESIAN_POINT('Origin',(61.6808288703046,47.,8.85793166062216));
#4904=CARTESIAN_POINT('',(58.1808288703046,44.5,8.85793166062216));
#4905=CARTESIAN_POINT('',(59.0558288703046,44.5,8.85793166062216));
#4906=CARTESIAN_POINT('',(58.1808288703046,47.,6.35793166062216));
#4907=CARTESIAN_POINT('Origin',(58.1808288703046,47.,8.85793166062216));
#4908=CARTESIAN_POINT('',(59.0558288703046,47.,6.35793166062216));
#4909=CARTESIAN_POINT('Origin',(59.9308288703046,44.5,9.85793166062216));
#4910=CARTESIAN_POINT('',(61.6808288703046,44.5,10.8579316606222));
#4911=CARTESIAN_POINT('',(61.6808288703046,44.5,6.35793166062216));
#4912=CARTESIAN_POINT('',(58.1808288703046,44.5,10.8579316606222));
#4913=CARTESIAN_POINT('',(60.8058288703046,44.5,10.8579316606222));
#4914=CARTESIAN_POINT('',(58.1808288703046,44.5,13.3579316606222));
#4915=CARTESIAN_POINT('Origin',(61.6808288703046,49.5,6.35793166062216));
#4916=CARTESIAN_POINT('',(61.6808288703046,49.5,6.35793166062216));
#4917=CARTESIAN_POINT('',(61.6808288703046,49.5,6.35793166062216));
#4918=CARTESIAN_POINT('',(61.6808288703046,49.5,13.3579316606222));
#4919=CARTESIAN_POINT('',(61.6808288703046,49.5,6.35793166062216));
#4920=CARTESIAN_POINT('',(61.6808288703046,47.,13.3579316606222));
#4921=CARTESIAN_POINT('',(61.6808288703046,49.5,13.3579316606222));
#4922=CARTESIAN_POINT('Origin',(61.6808288703046,47.,10.8579316606222));
#4923=CARTESIAN_POINT('',(61.6808288703046,45.5,9.85793166062216));
#4924=CARTESIAN_POINT('Origin',(61.6808288703046,46.5,9.85793166062216));
#4925=CARTESIAN_POINT('Origin',(60.8058288703046,47.,10.8579316606222));
#4926=CARTESIAN_POINT('',(58.1808288703046,47.,13.3579316606222));
#4927=CARTESIAN_POINT('Origin',(58.1808288703046,47.,10.8579316606222));
#4928=CARTESIAN_POINT('',(60.8058288703046,47.,13.3579316606222));
#4929=CARTESIAN_POINT('Origin',(58.1808288703046,49.5,13.3579316606222));
#4930=CARTESIAN_POINT('',(58.1808288703046,49.5,13.3579316606222));
#4931=CARTESIAN_POINT('',(58.1808288703046,49.5,13.3579316606222));
#4932=CARTESIAN_POINT('',(58.1808288703046,49.5,6.35793166062216));
#4933=CARTESIAN_POINT('',(58.1808288703046,49.5,13.3579316606222));
#4934=CARTESIAN_POINT('',(58.1808288703046,49.5,6.35793166062216));
#4935=CARTESIAN_POINT('',(58.1808288703046,45.5,9.85793166062216));
#4936=CARTESIAN_POINT('Origin',(58.1808288703046,46.5,9.85793166062216));
#4937=CARTESIAN_POINT('Origin',(61.6808288703046,49.5,13.3579316606222));
#4938=CARTESIAN_POINT('',(61.6808288703046,49.5,13.3579316606222));
#4939=CARTESIAN_POINT('Origin',(61.6808288703046,46.5,9.85793166062216));
#4940=CARTESIAN_POINT('',(61.6808288703046,45.5,9.85793166062216));
#4941=CARTESIAN_POINT('Origin',(58.1808288703046,49.5,6.35793166062216));
#4942=CARTESIAN_POINT('',(58.1808288703046,49.5,6.35793166062216));
#4943=CARTESIAN_POINT('Origin',(59.9308288703046,49.5,9.85793166062216));
#4944=UNCERTAINTY_MEASURE_WITH_UNIT(LENGTH_MEASURE(0.01),#4948,
'DISTANCE_ACCURACY_VALUE',
'Maximum model space distance between geometric entities at asserted c
onnectivities');
#4945=UNCERTAINTY_MEASURE_WITH_UNIT(LENGTH_MEASURE(0.01),#4948,
'DISTANCE_ACCURACY_VALUE',
'Maximum model space distance between geometric entities at asserted c
onnectivities');
#4946=(
GEOMETRIC_REPRESENTATION_CONTEXT(3)
GLOBAL_UNCERTAINTY_ASSIGNED_CONTEXT((#4944))
GLOBAL_UNIT_ASSIGNED_CONTEXT((#4948,#4950,#4951))
REPRESENTATION_CONTEXT('','3D')
);
#4947=(
GEOMETRIC_REPRESENTATION_CONTEXT(3)
GLOBAL_UNCERTAINTY_ASSIGNED_CONTEXT((#4945))
GLOBAL_UNIT_ASSIGNED_CONTEXT((#4948,#4950,#4951))
REPRESENTATION_CONTEXT('','3D')
);
#4948=(
LENGTH_UNIT()
NAMED_UNIT(*)
SI_UNIT(.MILLI.,.METRE.)
);
#4949=(
LENGTH_UNIT()
NAMED_UNIT(*)
SI_UNIT($,.METRE.)
);
#4950=(
NAMED_UNIT(*)
PLANE_ANGLE_UNIT()
SI_UNIT($,.RADIAN.)
);
#4951=(
NAMED_UNIT(*)
SI_UNIT($,.STERADIAN.)
SOLID_ANGLE_UNIT()
);
#4952=SHAPE_DEFINITION_REPRESENTATION(#4953,#4954);
#4953=PRODUCT_DEFINITION_SHAPE('',$,#4956);
#4954=SHAPE_REPRESENTATION('',(#3000),#4946);
#4955=PRODUCT_DEFINITION_CONTEXT('part definition',#4960,'design');
#4956=PRODUCT_DEFINITION('front module','front module v11',#4957,#4955);
#4957=PRODUCT_DEFINITION_FORMATION('',$,#4962);
#4958=PRODUCT_RELATED_PRODUCT_CATEGORY('front module v11',
'front module v11',(#4962));
#4959=APPLICATION_PROTOCOL_DEFINITION('international standard',
'automotive_design',2009,#4960);
#4960=APPLICATION_CONTEXT(
'Core Data for Automotive Mechanical Design Process');
#4961=PRODUCT_CONTEXT('part definition',#4960,'mechanical');
#4962=PRODUCT('front module','front module v11',$,(#4961));
#4963=PRESENTATION_STYLE_ASSIGNMENT((#4964));
#4964=SURFACE_STYLE_USAGE(.BOTH.,#4965);
#4965=SURFACE_SIDE_STYLE('',(#4966));
#4966=SURFACE_STYLE_FILL_AREA(#4967);
#4967=FILL_AREA_STYLE('Steel - Satin',(#4968));
#4968=FILL_AREA_STYLE_COLOUR('Steel - Satin',#4969);
#4969=COLOUR_RGB('Steel - Satin',0.627450980392157,0.627450980392157,0.627450980392157);
ENDSEC;
END-ISO-10303-21;
